-- phpMyAdmin SQL Dump
-- version 4.8.3
-- https://www.phpmyadmin.net/
--
-- Host: mariadb
-- Generation Time: Jul 11, 2019 at 02:07 AM
-- Server version: 10.3.10-MariaDB-1:10.3.10+maria~bionic
-- PHP Version: 7.2.8

SET SQL_MODE = "NO_AUTO_VALUE_ON_ZERO";
SET AUTOCOMMIT = 0;
START TRANSACTION;
SET time_zone = "+00:00";


/*!40101 SET @OLD_CHARACTER_SET_CLIENT=@@CHARACTER_SET_CLIENT */;
/*!40101 SET @OLD_CHARACTER_SET_RESULTS=@@CHARACTER_SET_RESULTS */;
/*!40101 SET @OLD_COLLATION_CONNECTION=@@COLLATION_CONNECTION */;
/*!40101 SET NAMES utf8mb4 */;

--
-- Database: `cms_bluehrd`
--

-- --------------------------------------------------------

--
-- Table structure for table `mdl_acl`
--

CREATE TABLE `mdl_acl` (
  `ACL_ID` int(4) NOT NULL,
  `MDL_ID` int(3) NOT NULL,
  `USR_GRP_ID` int(2) NOT NULL,
  `ACL_VIEW` int(1) NOT NULL DEFAULT 0 COMMENT 'view',
  `ACL_INSERT` int(1) NOT NULL DEFAULT 0 COMMENT 'insert',
  `ACL_UPDATE` int(1) NOT NULL DEFAULT 0 COMMENT 'update',
  `ACL_DELETE` int(1) NOT NULL DEFAULT 0 COMMENT 'delete'
) ENGINE=InnoDB DEFAULT CHARSET=latin1;

--
-- Dumping data for table `mdl_acl`
--

INSERT INTO `mdl_acl` (`ACL_ID`, `MDL_ID`, `USR_GRP_ID`, `ACL_VIEW`, `ACL_INSERT`, `ACL_UPDATE`, `ACL_DELETE`) VALUES
(2, 3, 3, 1, 1, 0, 0),
(3, 4, 3, 1, 1, 1, 1),
(4, 5, 3, 1, 1, 1, 1),
(5, 6, 3, 1, 1, 1, 1),
(6, 7, 3, 1, 1, 1, 1),
(7, 8, 3, 1, 1, 1, 1),
(8, 9, 3, 1, 1, 1, 1),
(9, 10, 3, 1, 1, 1, 1),
(10, 11, 3, 1, 1, 1, 1),
(11, 4, 5, 1, 1, 0, 0),
(12, 5, 5, 1, 0, 0, 0),
(13, 6, 5, 1, 0, 0, 0),
(14, 7, 5, 1, 0, 0, 0),
(15, 8, 5, 1, 0, 0, 0),
(16, 9, 5, 1, 0, 0, 0),
(17, 10, 5, 1, 0, 0, 0),
(18, 11, 5, 1, 0, 0, 0),
(19, 10, 6, 0, 0, 0, 0),
(20, 4, 6, 1, 0, 0, 0),
(21, 5, 6, 1, 0, 0, 0),
(22, 6, 6, 1, 0, 0, 0),
(23, 7, 6, 1, 0, 0, 0),
(24, 8, 6, 1, 0, 0, 0),
(25, 11, 6, 1, 0, 0, 0),
(26, 9, 6, 1, 0, 0, 0),
(27, 4, 7, 1, 0, 0, 0),
(28, 5, 7, 1, 0, 0, 0),
(29, 6, 7, 1, 0, 0, 0),
(30, 7, 7, 1, 0, 0, 0),
(31, 8, 7, 1, 0, 0, 0),
(32, 9, 7, 1, 0, 0, 0),
(33, 10, 7, 1, 0, 0, 0),
(34, 11, 7, 1, 0, 0, 0),
(35, 4, 8, 1, 0, 0, 0),
(36, 5, 8, 1, 0, 0, 0),
(37, 6, 8, 1, 0, 0, 0),
(38, 7, 8, 1, 0, 0, 0),
(39, 8, 8, 1, 0, 0, 0),
(40, 9, 8, 1, 0, 0, 0),
(41, 10, 8, 1, 0, 0, 0),
(42, 11, 8, 1, 0, 0, 0),
(43, 4, 9, 1, 0, 0, 0),
(44, 5, 9, 1, 0, 0, 0),
(45, 6, 9, 1, 0, 0, 0),
(46, 7, 9, 1, 0, 0, 0),
(47, 8, 9, 1, 0, 0, 0),
(48, 9, 9, 1, 0, 0, 0),
(49, 10, 9, 1, 0, 0, 0),
(50, 11, 9, 1, 0, 0, 0),
(51, 4, 2, 0, 0, 0, 0),
(52, 5, 2, 0, 0, 0, 0),
(53, 6, 2, 0, 0, 0, 0),
(54, 7, 2, 0, 0, 0, 0),
(55, 8, 2, 0, 0, 0, 0),
(56, 9, 2, 0, 0, 0, 0),
(57, 10, 2, 0, 0, 0, 0),
(58, 11, 2, 0, 0, 0, 0),
(59, 4, 10, 1, 0, 0, 0),
(60, 5, 10, 1, 0, 0, 0),
(61, 6, 10, 1, 0, 0, 0),
(62, 7, 10, 1, 0, 0, 0),
(63, 8, 10, 1, 0, 0, 0),
(64, 9, 10, 1, 0, 0, 0),
(65, 10, 10, 1, 0, 0, 0),
(66, 11, 10, 1, 0, 0, 0),
(67, 4, 11, 1, 0, 0, 0),
(68, 5, 11, 1, 0, 0, 0),
(69, 6, 11, 1, 0, 0, 0),
(70, 7, 11, 1, 0, 0, 0),
(71, 8, 11, 1, 0, 0, 0),
(72, 9, 11, 1, 0, 0, 0),
(73, 10, 11, 1, 0, 0, 0),
(74, 11, 11, 1, 0, 0, 0),
(75, 4, 12, 1, 0, 0, 0),
(76, 5, 12, 1, 0, 0, 0),
(77, 6, 12, 1, 0, 0, 0),
(78, 7, 12, 1, 0, 0, 0),
(79, 8, 12, 1, 0, 0, 0),
(80, 9, 12, 1, 0, 0, 0),
(81, 10, 12, 1, 0, 0, 0),
(82, 11, 12, 1, 0, 0, 0),
(83, 4, 13, 1, 0, 0, 0),
(84, 5, 13, 1, 0, 0, 0),
(85, 6, 13, 1, 0, 0, 0),
(86, 7, 13, 1, 0, 0, 0),
(87, 8, 13, 1, 0, 0, 0),
(88, 9, 13, 1, 0, 0, 0),
(89, 10, 13, 1, 0, 0, 0),
(90, 11, 13, 1, 0, 0, 0),
(91, 4, 14, 1, 0, 0, 0),
(92, 5, 14, 1, 0, 0, 0),
(93, 6, 14, 1, 0, 0, 0),
(94, 7, 14, 1, 0, 0, 0),
(95, 8, 14, 1, 0, 0, 0),
(96, 9, 14, 1, 0, 0, 0),
(97, 10, 14, 1, 0, 0, 0),
(98, 11, 14, 1, 0, 0, 0),
(99, 4, 15, 1, 0, 0, 0),
(100, 5, 15, 1, 0, 0, 0),
(101, 6, 15, 1, 0, 0, 0),
(102, 7, 15, 1, 0, 0, 0),
(103, 8, 15, 1, 0, 0, 0),
(104, 9, 15, 1, 0, 0, 0),
(105, 10, 15, 1, 0, 0, 0),
(106, 11, 15, 1, 0, 0, 0),
(107, 4, 16, 1, 0, 0, 0),
(108, 5, 16, 1, 0, 0, 0),
(109, 6, 16, 1, 0, 0, 0),
(110, 7, 16, 1, 0, 0, 0),
(111, 8, 16, 1, 0, 0, 0),
(112, 9, 16, 1, 0, 0, 0),
(113, 10, 16, 1, 0, 0, 0),
(114, 11, 16, 1, 0, 0, 0),
(115, 4, 17, 1, 0, 0, 0),
(116, 5, 17, 1, 0, 0, 0),
(117, 6, 17, 1, 0, 0, 0),
(118, 7, 17, 1, 0, 0, 0),
(119, 8, 17, 1, 0, 0, 0),
(120, 9, 17, 1, 0, 0, 0),
(121, 10, 17, 1, 0, 0, 0),
(122, 11, 17, 1, 0, 0, 0),
(123, 4, 18, 1, 0, 0, 0),
(124, 5, 18, 1, 0, 0, 0),
(125, 6, 18, 1, 0, 0, 0),
(126, 7, 18, 1, 0, 0, 0),
(127, 8, 18, 1, 0, 0, 0),
(128, 9, 18, 1, 0, 0, 0),
(129, 10, 18, 1, 0, 0, 0),
(130, 11, 18, 1, 0, 0, 0),
(131, 4, 19, 1, 0, 0, 0),
(132, 5, 19, 1, 0, 0, 0),
(133, 6, 19, 1, 0, 0, 0),
(134, 7, 19, 1, 0, 0, 0),
(135, 8, 19, 1, 0, 0, 0),
(136, 9, 19, 1, 0, 0, 0),
(137, 10, 19, 1, 0, 0, 0),
(138, 11, 19, 1, 0, 0, 0),
(139, 4, 20, 0, 0, 0, 0),
(140, 5, 20, 0, 0, 0, 0),
(141, 6, 20, 0, 0, 0, 0),
(142, 7, 20, 0, 0, 0, 0),
(143, 8, 20, 0, 0, 0, 0),
(144, 9, 20, 0, 0, 0, 0),
(145, 10, 20, 0, 0, 0, 0),
(146, 11, 20, 0, 0, 0, 0),
(147, 4, 21, 1, 0, 0, 0),
(148, 5, 21, 1, 0, 0, 0),
(149, 6, 21, 1, 0, 0, 0),
(150, 7, 21, 1, 0, 0, 0),
(151, 8, 21, 1, 0, 0, 0),
(152, 9, 21, 1, 0, 0, 0),
(153, 10, 21, 1, 0, 0, 0),
(154, 11, 21, 1, 0, 0, 0);

-- --------------------------------------------------------

--
-- Table structure for table `mdl_area`
--

CREATE TABLE `mdl_area` (
  `id_group` int(3) NOT NULL,
  `area` text NOT NULL COMMENT 'no regional disimpan dengan format json'
) ENGINE=InnoDB DEFAULT CHARSET=latin1;

--
-- Dumping data for table `mdl_area`
--

INSERT INTO `mdl_area` (`id_group`, `area`) VALUES
(3, '[\"01\",\"03\",\"04\",\"05\",\"06\",\"07\",\"08\",\"09\",\"10\",\"02\",\"11\",\"99\"]'),
(7, '[\"01\",\"99\"]'),
(8, '[\"04\",\"99\"]'),
(9, '[\"06\",\"07\",\"08\",\"99\"]'),
(10, '[\"03\",\"99\"]'),
(11, '[\"05\"]'),
(12, '[\"06\",\"99\"]'),
(13, '[\"07\",\"99\"]'),
(14, '[\"08\",\"99\"]'),
(15, '[\"09\",\"99\"]'),
(16, '[\"10\",\"99\"]'),
(17, '[\"02\",\"99\"]'),
(18, '[\"11\",\"99\"]'),
(19, '[\"01\",\"03\",\"04\",\"05\",\"06\",\"07\",\"08\",\"09\",\"10\",\"02\",\"11\",\"99\",\"98\"]'),
(21, '[\"01\",\"03\",\"02\",\"99\"]');

-- --------------------------------------------------------

--
-- Table structure for table `mdl_attendance`
--

CREATE TABLE `mdl_attendance` (
  `att_id` int(11) NOT NULL,
  `usr_id` int(11) NOT NULL,
  `nip` varchar(32) NOT NULL,
  `date_in` date NOT NULL,
  `time_in` time NOT NULL,
  `lat_in` varchar(32) NOT NULL,
  `lon_in` varchar(32) NOT NULL,
  `date_out` date NOT NULL,
  `time_out` time NOT NULL,
  `lat_out` varchar(32) NOT NULL,
  `lon_out` varchar(32) NOT NULL,
  `status` varchar(5) NOT NULL
) ENGINE=InnoDB DEFAULT CHARSET=latin1;

--
-- Dumping data for table `mdl_attendance`
--

INSERT INTO `mdl_attendance` (`att_id`, `usr_id`, `nip`, `date_in`, `time_in`, `lat_in`, `lon_in`, `date_out`, `time_out`, `lat_out`, `lon_out`, `status`) VALUES
(1, 0, '20180605553214', '2018-06-13', '07:45:00', '', '', '0000-00-00', '17:05:45', '', '', 'H'),
(2, 0, '20180605553214', '2018-06-14', '07:45:00', '', '', '0000-00-00', '17:05:45', '', '', 'S'),
(3, 0, '20180605553214', '2018-06-15', '07:45:00', '', '', '0000-00-00', '17:05:45', '', '', 'C'),
(4, 0, '20180605553214', '2018-06-18', '07:45:00', '', '', '0000-00-00', '17:05:45', '', '', 'TLT'),
(5, 0, '20180605553214', '2018-06-18', '07:45:00', '', '', '0000-00-00', '17:05:45', '', '', 'A'),
(6, 0, '20180605553214', '2018-06-19', '07:45:00', '', '', '0000-00-00', '17:05:45', '', '', 'I'),
(7, 0, '20180605553214', '2018-06-19', '07:45:00', '', '', '0000-00-00', '17:05:45', '', '', 'PC'),
(8, 0, '20180605003214', '2018-06-13', '07:45:00', '', '', '0000-00-00', '17:05:45', '', '', 'H'),
(9, 0, '20180605003214', '2018-06-14', '07:45:00', '', '', '0000-00-00', '17:05:45', '', '', 'S'),
(10, 0, '20180605003214', '2018-06-15', '07:45:00', '', '', '0000-00-00', '17:05:45', '', '', 'C'),
(11, 0, '20180605003214', '2018-06-18', '07:45:00', '', '', '0000-00-00', '17:05:45', '', '', 'TLT'),
(12, 0, '20180605003214', '2018-06-18', '07:45:00', '', '', '0000-00-00', '17:05:45', '', '', 'A'),
(13, 0, '20180605003214', '2018-06-19', '07:45:00', '', '', '0000-00-00', '17:05:45', '', '', 'I'),
(14, 0, '20180605003214', '2018-06-19', '07:45:00', '', '', '0000-00-00', '17:05:45', '', '', 'PC'),
(15, 0, '20180605553214', '2018-06-09', '12:00:00', '', '', '0000-00-00', '13:00:00', '', '', 'I'),
(16, 0, '20180605553214', '2018-06-04', '07:00:00', '', '', '0000-00-00', '17:00:00', '', '', 'H'),
(17, 0, '20180605553214', '2018-06-05', '07:00:00', '', '', '0000-00-00', '17:00:00', '', '', 'H'),
(18, 0, '20180605553214', '2018-06-06', '07:00:00', '', '', '0000-00-00', '17:00:00', '', '', 'H'),
(19, 0, '20180605553214', '2018-06-08', '07:00:00', '', '', '0000-00-00', '17:00:00', '', '', 'H'),
(20, 0, '20180605553214', '2018-06-07', '07:00:00', '', '', '0000-00-00', '17:00:00', '', '', 'H'),
(21, 0, '20180605553214', '2018-06-01', '07:00:00', '', '', '0000-00-00', '17:00:00', '', '', 'H'),
(22, 0, '20180605553214', '2018-06-02', '07:00:00', '', '', '0000-00-00', '17:00:00', '', '', 'H'),
(23, 0, '20180605553214', '2018-06-03', '07:00:00', '', '', '0000-00-00', '17:00:00', '', '', 'H'),
(24, 0, '20180605553214', '2018-06-10', '07:00:00', '', '', '0000-00-00', '17:00:00', '', '', 'H'),
(25, 0, '20180605553214', '2018-06-11', '07:00:00', '', '', '0000-00-00', '17:00:00', '', '', 'H'),
(26, 0, '20180605553214', '2018-06-12', '07:00:00', '', '', '0000-00-00', '17:00:00', '', '', 'H'),
(27, 0, '20180605553214', '2018-06-16', '07:00:00', '', '', '0000-00-00', '17:00:00', '', '', 'H'),
(28, 0, '20180605553214', '2018-06-17', '07:00:00', '', '', '0000-00-00', '17:00:00', '', '', 'H'),
(29, 0, '20180605553214', '2018-06-20', '07:00:00', '', '', '0000-00-00', '17:00:00', '', '', 'H'),
(30, 0, '20180605553214', '2018-06-21', '07:00:00', '', '', '0000-00-00', '17:00:00', '', '', 'H'),
(31, 0, '20180605553214', '2018-06-22', '07:00:00', '', '', '0000-00-00', '17:00:00', '', '', 'H'),
(32, 0, '20180605553214', '2018-06-23', '07:00:00', '', '', '0000-00-00', '17:00:00', '', '', 'H'),
(33, 0, '20180605553214', '2018-05-01', '07:45:00', '', '', '0000-00-00', '17:05:45', '', '', 'H'),
(34, 0, '20180605553214', '2018-05-02', '07:45:00', '', '', '0000-00-00', '17:05:45', '', '', 'H'),
(35, 0, '20180605553214', '2018-05-03', '07:45:00', '', '', '0000-00-00', '17:05:45', '', '', 'H'),
(36, 0, '20180605553214', '2018-05-04', '07:45:00', '', '', '0000-00-00', '17:05:45', '', '', 'H'),
(37, 0, '20180605553214', '2018-05-05', '07:45:00', '', '', '0000-00-00', '17:05:45', '', '', 'H'),
(38, 0, '20180605553214', '2018-05-06', '07:45:00', '', '', '0000-00-00', '17:05:45', '', '', 'H'),
(39, 0, '20180605553214', '2018-05-07', '07:45:00', '', '', '0000-00-00', '17:05:45', '', '', 'H'),
(40, 0, '20180605553214', '2018-05-08', '07:45:00', '', '', '0000-00-00', '17:05:45', '', '', 'H'),
(41, 0, '20180605553214', '2018-05-09', '07:45:00', '', '', '0000-00-00', '17:05:45', '', '', 'H'),
(42, 0, '20180605553214', '2018-05-10', '07:45:00', '', '', '0000-00-00', '17:05:45', '', '', 'H'),
(43, 0, '20180605553214', '2018-05-11', '07:45:00', '', '', '0000-00-00', '17:05:45', '', '', 'H'),
(44, 0, '20180605553214', '2018-05-12', '07:45:00', '', '', '0000-00-00', '17:05:45', '', '', 'H'),
(45, 0, '20180605553214', '2018-05-13', '07:45:00', '', '', '0000-00-00', '17:05:45', '', '', 'H'),
(46, 0, '20180605553214', '2018-05-14', '07:45:00', '', '', '0000-00-00', '17:05:45', '', '', 'H'),
(47, 0, '20180605553214', '2018-05-15', '07:45:00', '', '', '0000-00-00', '17:05:45', '', '', 'H'),
(48, 0, '20180605553214', '2018-05-16', '07:45:00', '', '', '0000-00-00', '17:05:45', '', '', 'H'),
(49, 0, '20180605553214', '2018-05-17', '07:45:00', '', '', '0000-00-00', '17:05:45', '', '', 'H'),
(50, 0, '20180605553214', '2018-05-18', '07:45:00', '', '', '0000-00-00', '17:05:45', '', '', 'H'),
(51, 0, '20180605553214', '2018-05-19', '07:45:00', '', '', '0000-00-00', '17:05:45', '', '', 'H'),
(52, 0, '20180605553214', '2018-05-20', '07:45:00', '', '', '0000-00-00', '17:05:45', '', '', 'H'),
(53, 0, '20180605553214', '2018-05-21', '07:45:00', '', '', '0000-00-00', '17:05:45', '', '', 'H'),
(54, 0, '20180605553214', '2018-05-22', '07:45:00', '', '', '0000-00-00', '17:05:45', '', '', 'H'),
(55, 0, '20180605553214', '2018-05-23', '07:45:00', '', '', '0000-00-00', '17:05:45', '', '', 'H'),
(56, 0, '20180605553214', '2018-05-24', '07:45:00', '', '', '0000-00-00', '17:05:45', '', '', 'H'),
(57, 0, '20180605553214', '2018-05-25', '07:45:00', '', '', '0000-00-00', '17:05:45', '', '', 'H'),
(58, 0, '20180605553214', '2018-05-26', '07:45:00', '', '', '0000-00-00', '17:05:45', '', '', 'H'),
(59, 0, '20180605553214', '2018-05-27', '07:45:00', '', '', '0000-00-00', '17:05:45', '', '', 'H'),
(60, 0, '20180605553214', '2018-05-28', '07:45:00', '', '', '0000-00-00', '17:05:45', '', '', 'H'),
(61, 0, '20180605553214', '2018-05-29', '07:45:00', '', '', '0000-00-00', '17:05:45', '', '', 'H'),
(62, 0, '20180605553214', '2018-05-30', '07:45:00', '', '', '0000-00-00', '17:05:45', '', '', 'H'),
(63, 0, '20180605553214', '2018-05-31', '07:45:00', '', '', '0000-00-00', '17:05:45', '', '', 'H'),
(64, 0, '20180605553214.00', '2018-05-14', '07:45:00', '', '', '0000-00-00', '17:05:45', '', '', 'H'),
(65, 0, '20180605553214.00', '2018-06-15', '07:45:00', '', '', '0000-00-00', '17:05:45', '', '', 'S'),
(66, 0, '20180605553214.00', '2018-06-16', '07:45:00', '', '', '0000-00-00', '17:05:45', '', '', 'C'),
(67, 0, '20180605553214.00', '2018-06-17', '07:45:00', '', '', '0000-00-00', '17:05:45', '', '', 'TLT'),
(68, 0, '20180605553214.00', '2018-06-18', '07:45:00', '', '', '0000-00-00', '17:05:45', '', '', 'A'),
(69, 0, '20180605553214.00', '2018-06-21', '07:45:00', '', '', '0000-00-00', '17:05:45', '', '', 'I'),
(70, 0, '20180605553214.00', '2018-06-22', '07:45:00', '', '', '0000-00-00', '17:05:45', '', '', 'PC'),
(71, 0, '20180605003214.00', '2018-05-14', '07:45:00', '', '', '0000-00-00', '17:05:45', '', '', 'H'),
(72, 0, '20180605003214.00', '2018-06-15', '07:45:00', '', '', '0000-00-00', '17:05:45', '', '', 'S'),
(73, 0, '20180605003214.00', '2018-06-16', '07:45:00', '', '', '0000-00-00', '17:05:45', '', '', 'C'),
(74, 0, '20180605003214.00', '2018-06-17', '07:45:00', '', '', '0000-00-00', '17:05:45', '', '', 'TLT'),
(75, 0, '20180605003214.00', '2018-06-18', '07:45:00', '', '', '0000-00-00', '17:05:45', '', '', 'A'),
(76, 0, '20180605003214.00', '2018-06-21', '07:45:00', '', '', '0000-00-00', '17:05:45', '', '', 'I'),
(77, 0, '20180605003214.00', '2018-06-22', '07:45:00', '', '', '0000-00-00', '17:05:45', '', '', 'PC'),
(78, 0, '20180605553214.00', '2018-05-14', '07:45:00', '', '', '0000-00-00', '17:05:45', '', '', 'H'),
(79, 0, '20180605553214.00', '2018-05-15', '07:45:00', '', '', '0000-00-00', '17:05:45', '', '', 'S'),
(80, 0, '20180605553214.00', '2018-05-16', '07:45:00', '', '', '0000-00-00', '17:05:45', '', '', 'C'),
(81, 0, '20180605553214.00', '2018-05-17', '07:45:00', '', '', '0000-00-00', '17:05:45', '', '', 'TLT'),
(82, 0, '20180605553214.00', '2018-05-18', '07:45:00', '', '', '0000-00-00', '17:05:45', '', '', 'A'),
(83, 0, '20180605553214.00', '2018-05-21', '07:45:00', '', '', '0000-00-00', '17:05:45', '', '', 'I'),
(84, 0, '20180605553214.00', '2018-05-22', '07:45:00', '', '', '0000-00-00', '17:05:45', '', '', 'PC'),
(85, 0, '20180605003214.00', '2018-05-14', '07:45:00', '', '', '0000-00-00', '17:05:45', '', '', 'H'),
(86, 0, '20180605003214.00', '2018-05-15', '07:45:00', '', '', '0000-00-00', '17:05:45', '', '', 'S'),
(87, 0, '20180605003214.00', '2018-05-16', '07:45:00', '', '', '0000-00-00', '17:05:45', '', '', 'C'),
(88, 0, '20180605003214.00', '2018-05-17', '07:45:00', '', '', '0000-00-00', '17:05:45', '', '', 'TLT'),
(89, 0, '20180605003214.00', '2018-05-18', '07:45:00', '', '', '0000-00-00', '17:05:45', '', '', 'A'),
(90, 0, '20180605003214.00', '2018-05-21', '07:45:00', '', '', '0000-00-00', '17:05:45', '', '', 'I'),
(91, 0, '20180605003214.00', '2018-05-22', '07:45:00', '', '', '0000-00-00', '17:05:45', '', '', 'PC'),
(92, 0, '20180605553214.00', '2018-04-14', '07:45:00', '', '', '0000-00-00', '17:45:00', '', '', 'H'),
(93, 0, '20180605553214.00', '2018-04-15', '07:45:00', '', '', '0000-00-00', '17:45:00', '', '', 'S'),
(94, 0, '20180605553214.00', '2018-04-16', '07:45:00', '', '', '0000-00-00', '17:45:00', '', '', 'C'),
(95, 0, '20180605553214.00', '2018-04-17', '07:45:00', '', '', '0000-00-00', '17:45:00', '', '', 'TLT'),
(96, 0, '20180605553214.00', '2018-04-18', '07:45:00', '', '', '0000-00-00', '17:45:00', '', '', 'A'),
(97, 0, '20180605553214.00', '2018-04-21', '07:45:00', '', '', '0000-00-00', '17:45:00', '', '', 'I'),
(98, 0, '20180605553214.00', '2018-04-22', '07:45:00', '', '', '0000-00-00', '17:45:00', '', '', 'PC'),
(99, 0, '20180605003214.00', '2018-04-14', '07:45:00', '', '', '0000-00-00', '17:45:00', '', '', 'H'),
(100, 0, '20180605003214.00', '2018-04-15', '07:45:00', '', '', '0000-00-00', '17:45:00', '', '', 'S'),
(101, 0, '20180605003214.00', '2018-04-16', '07:45:00', '', '', '0000-00-00', '17:45:00', '', '', 'C'),
(102, 0, '20180605003214.00', '2018-04-17', '07:45:00', '', '', '0000-00-00', '17:45:00', '', '', 'TLT'),
(103, 0, '20180605003214.00', '2018-04-18', '07:45:00', '', '', '0000-00-00', '17:45:00', '', '', 'A'),
(104, 0, '20180605003214.00', '2018-04-21', '07:45:00', '', '', '0000-00-00', '17:45:00', '', '', 'I'),
(105, 0, '20180605003214.00', '2018-04-22', '07:45:00', '', '', '0000-00-00', '17:45:00', '', '', 'PC'),
(106, 0, '20180605553214', '2018-03-13', '07:45:00', '', '', '0000-00-00', '17:05:45', '', '', 'H'),
(107, 0, '20180605553214', '2018-03-14', '07:45:00', '', '', '0000-00-00', '17:05:45', '', '', 'S'),
(108, 0, '20180605553214', '2018-03-15', '07:45:00', '', '', '0000-00-00', '17:05:45', '', '', 'C'),
(109, 0, '20180605553214', '2018-03-16', '07:45:00', '', '', '0000-00-00', '17:05:45', '', '', 'TLT'),
(110, 0, '20180605553214', '2018-03-17', '07:45:00', '', '', '0000-00-00', '17:05:45', '', '', 'A'),
(111, 0, '20180605553214', '2018-03-18', '07:45:00', '', '', '0000-00-00', '17:05:45', '', '', 'I'),
(112, 0, '20180605553214', '2018-03-19', '07:45:00', '', '', '0000-00-00', '17:05:45', '', '', 'PC'),
(113, 0, '20180605003214', '2018-03-13', '07:45:00', '', '', '0000-00-00', '17:05:45', '', '', 'H'),
(114, 0, '20180605003214', '2018-03-14', '07:45:00', '', '', '0000-00-00', '17:05:45', '', '', 'S'),
(115, 0, '20180605003214', '2018-03-15', '07:45:00', '', '', '0000-00-00', '17:05:45', '', '', 'C'),
(116, 0, '20180605003214', '2018-03-16', '07:45:00', '', '', '0000-00-00', '17:05:45', '', '', 'TLT'),
(117, 0, '20180605003214', '2018-03-17', '07:45:00', '', '', '0000-00-00', '17:05:45', '', '', 'A'),
(118, 0, '20180605003214', '2018-03-18', '07:45:00', '', '', '0000-00-00', '17:05:45', '', '', 'I'),
(119, 0, '20180605003214', '2018-03-19', '07:45:00', '', '', '0000-00-00', '17:05:45', '', '', 'PC');

-- --------------------------------------------------------

--
-- Table structure for table `mdl_bluehrd_bbl`
--

CREATE TABLE `mdl_bluehrd_bbl` (
  `bbl_id` int(6) NOT NULL,
  `level` varchar(32) NOT NULL,
  `grade` varchar(32) NOT NULL,
  `company` varchar(32) NOT NULL,
  `jabatan` varchar(255) DEFAULT NULL,
  `content_id` int(6) NOT NULL,
  `category` varchar(32) NOT NULL
) ENGINE=InnoDB DEFAULT CHARSET=latin1;

--
-- Dumping data for table `mdl_bluehrd_bbl`
--

INSERT INTO `mdl_bluehrd_bbl` (`bbl_id`, `level`, `grade`, `company`, `jabatan`, `content_id`, `category`) VALUES
(4, '1', '1', '1', '1', 99, 'bblearning'),
(6, '3', '1', '2', '2', 125, 'bblearning'),
(10, '3', '1', '1', '1', 134, 'bblearning'),
(15, '1', '1', '1', '1', 0, 'bblearning'),
(16, '0', '0', '1', '1', 0, 'bblearning'),
(17, '0', '0', '1', '2', 168, 'bblearning'),
(18, '0', '0', '1', '2', 169, 'bblearning'),
(19, '0', '0', '1', '2', 170, 'bblearning'),
(20, '0', '0', '1', '1', 170, 'bblearning'),
(21, '2', '1', '1', '1', 169, 'bblearning'),
(22, '1', '1', '1', '1', 170, 'bblearning'),
(23, '0', '0', '1', '0', 175, 'bblearning'),
(24, '0', '0', '0', '0', 178, 'bblearning'),
(25, '0', '', '4', '1', 179, 'bblearning'),
(26, '0', '', '0', '0', 179, 'bblearning');

-- --------------------------------------------------------

--
-- Table structure for table `mdl_bluehrd_bbl_role`
--

CREATE TABLE `mdl_bluehrd_bbl_role` (
  `content_id` varchar(4) NOT NULL,
  `company` varchar(4) NOT NULL,
  `jabatan` varchar(4) NOT NULL
) ENGINE=InnoDB DEFAULT CHARSET=latin1;

--
-- Dumping data for table `mdl_bluehrd_bbl_role`
--

INSERT INTO `mdl_bluehrd_bbl_role` (`content_id`, `company`, `jabatan`) VALUES
('125', '2', '10'),
('139', '1', '4'),
('139', '4', '4'),
('179', '1', '7'),
('179', '10', '7'),
('186', '1', '1'),
('186', '1', '2'),
('186', '1', '3'),
('186', '1', '4'),
('186', '1', '5'),
('186', '1', '6'),
('186', '2', '1'),
('186', '2', '2'),
('186', '2', '3'),
('186', '2', '4'),
('186', '2', '5'),
('186', '2', '6'),
('186', '3', '1'),
('186', '3', '2'),
('186', '3', '3'),
('186', '3', '4'),
('186', '3', '5'),
('186', '3', '6'),
('186', '4', '1'),
('186', '4', '2'),
('186', '4', '3'),
('186', '4', '4'),
('186', '4', '5'),
('186', '4', '6'),
('186', '5', '1'),
('186', '5', '2'),
('186', '5', '3'),
('186', '5', '4'),
('186', '5', '5'),
('186', '5', '6'),
('198', '1', '1'),
('198', '1', '2'),
('198', '1', '3'),
('198', '1', '4'),
('198', '1', '5'),
('198', '1', '6'),
('198', '1', '7'),
('198', '1', '8'),
('198', '1', '9'),
('198', '1', '10'),
('198', '1', '11'),
('198', '1', '12'),
('198', '2', '1'),
('198', '2', '2'),
('198', '2', '3'),
('198', '2', '4'),
('198', '2', '5'),
('198', '2', '6'),
('198', '2', '7'),
('198', '2', '8'),
('198', '2', '9'),
('198', '2', '10'),
('198', '2', '11'),
('198', '2', '12'),
('198', '3', '1'),
('198', '3', '2'),
('198', '3', '3'),
('198', '3', '4'),
('198', '3', '5'),
('198', '3', '6'),
('198', '3', '7'),
('198', '3', '8'),
('198', '3', '9'),
('198', '3', '10'),
('198', '3', '11'),
('198', '3', '12'),
('198', '4', '1'),
('198', '4', '2'),
('198', '4', '3'),
('198', '4', '4'),
('198', '4', '5'),
('198', '4', '6'),
('198', '4', '7'),
('198', '4', '8'),
('198', '4', '9'),
('198', '4', '10'),
('198', '4', '11'),
('198', '4', '12'),
('198', '5', '1'),
('198', '5', '2'),
('198', '5', '3'),
('198', '5', '4'),
('198', '5', '5'),
('198', '5', '6'),
('198', '5', '7'),
('198', '5', '8'),
('198', '5', '9'),
('198', '5', '10'),
('198', '5', '11'),
('198', '5', '12'),
('198', '6', '1'),
('198', '6', '2'),
('198', '6', '3'),
('198', '6', '4'),
('198', '6', '5'),
('198', '6', '6'),
('198', '6', '7'),
('198', '6', '8'),
('198', '6', '9'),
('198', '6', '10'),
('198', '6', '11'),
('198', '6', '12'),
('198', '7', '1'),
('198', '7', '2'),
('198', '7', '3'),
('198', '7', '4'),
('198', '7', '5'),
('198', '7', '6'),
('198', '7', '7'),
('198', '7', '8'),
('198', '7', '9'),
('198', '7', '10'),
('198', '7', '11'),
('198', '7', '12'),
('198', '8', '1'),
('198', '8', '2'),
('198', '8', '3'),
('198', '8', '4'),
('198', '8', '5'),
('198', '8', '6'),
('198', '8', '7'),
('198', '8', '8'),
('198', '8', '9'),
('198', '8', '10'),
('198', '8', '11'),
('198', '8', '12'),
('198', '9', '1'),
('198', '9', '2'),
('198', '9', '3'),
('198', '9', '4'),
('198', '9', '5'),
('198', '9', '6'),
('198', '9', '7'),
('198', '9', '8'),
('198', '9', '9'),
('198', '9', '10'),
('198', '9', '11'),
('198', '9', '12'),
('198', '10', '1'),
('198', '10', '2'),
('198', '10', '3'),
('198', '10', '4'),
('198', '10', '5'),
('198', '10', '6'),
('198', '10', '7'),
('198', '10', '8'),
('198', '10', '9'),
('198', '10', '10'),
('198', '10', '11'),
('198', '10', '12'),
('198', '11', '1'),
('198', '11', '2'),
('198', '11', '3'),
('198', '11', '4'),
('198', '11', '5'),
('198', '11', '6'),
('198', '11', '7'),
('198', '11', '8'),
('198', '11', '9'),
('198', '11', '10'),
('198', '11', '11'),
('198', '11', '12'),
('198', '12', '1'),
('198', '12', '2'),
('198', '12', '3'),
('198', '12', '4'),
('198', '12', '5'),
('198', '12', '6'),
('198', '12', '7'),
('198', '12', '8'),
('198', '12', '9'),
('198', '12', '10'),
('198', '12', '11'),
('198', '12', '12'),
('198', '13', '1'),
('198', '13', '2'),
('198', '13', '3'),
('198', '13', '4'),
('198', '13', '5'),
('198', '13', '6'),
('198', '13', '7'),
('198', '13', '8'),
('198', '13', '9'),
('198', '13', '10'),
('198', '13', '11'),
('198', '13', '12'),
('198', '14', '1'),
('198', '14', '2'),
('198', '14', '3'),
('198', '14', '4'),
('198', '14', '5'),
('198', '14', '6'),
('198', '14', '7'),
('198', '14', '8'),
('198', '14', '9'),
('198', '14', '10'),
('198', '14', '11'),
('198', '14', '12'),
('198', '15', '1'),
('198', '15', '2'),
('198', '15', '3'),
('198', '15', '4'),
('198', '15', '5'),
('198', '15', '6'),
('198', '15', '7'),
('198', '15', '8'),
('198', '15', '9'),
('198', '15', '10'),
('198', '15', '11'),
('198', '15', '12'),
('198', '16', '1'),
('198', '16', '2'),
('198', '16', '3'),
('198', '16', '4'),
('198', '16', '5'),
('198', '16', '6'),
('198', '16', '7'),
('198', '16', '8'),
('198', '16', '9'),
('198', '16', '10'),
('198', '16', '11'),
('198', '16', '12'),
('198', '17', '1'),
('198', '17', '2'),
('198', '17', '3'),
('198', '17', '4'),
('198', '17', '5'),
('198', '17', '6'),
('198', '17', '7'),
('198', '17', '8'),
('198', '17', '9'),
('198', '17', '10'),
('198', '17', '11'),
('198', '17', '12'),
('130', '1', '1'),
('130', '1', '2'),
('130', '1', '3'),
('130', '1', '4'),
('130', '1', '5'),
('130', '1', '6'),
('130', '1', '7'),
('130', '1', '8'),
('130', '1', '9'),
('130', '1', '10'),
('130', '1', '11'),
('130', '1', '12'),
('130', '2', '1'),
('130', '2', '2'),
('130', '2', '3'),
('130', '2', '4'),
('130', '2', '5'),
('130', '2', '6'),
('130', '2', '7'),
('130', '2', '8'),
('130', '2', '9'),
('130', '2', '10'),
('130', '2', '11'),
('130', '2', '12'),
('130', '3', '1'),
('130', '3', '2'),
('130', '3', '3'),
('130', '3', '4'),
('130', '3', '5'),
('130', '3', '6'),
('130', '3', '7'),
('130', '3', '8'),
('130', '3', '9'),
('130', '3', '10'),
('130', '3', '11'),
('130', '3', '12'),
('130', '4', '1'),
('130', '4', '2'),
('130', '4', '3'),
('130', '4', '4'),
('130', '4', '5'),
('130', '4', '6'),
('130', '4', '7'),
('130', '4', '8'),
('130', '4', '9'),
('130', '4', '10'),
('130', '4', '11'),
('130', '4', '12'),
('130', '5', '1'),
('130', '5', '2'),
('130', '5', '3'),
('130', '5', '4'),
('130', '5', '5'),
('130', '5', '6'),
('130', '5', '7'),
('130', '5', '8'),
('130', '5', '9'),
('130', '5', '10'),
('130', '5', '11'),
('130', '5', '12'),
('130', '6', '1'),
('130', '6', '2'),
('130', '6', '3'),
('130', '6', '4'),
('130', '6', '5'),
('130', '6', '6'),
('130', '6', '7'),
('130', '6', '8'),
('130', '6', '9'),
('130', '6', '10'),
('130', '6', '11'),
('130', '6', '12'),
('130', '7', '1'),
('130', '7', '2'),
('130', '7', '3'),
('130', '7', '4'),
('130', '7', '5'),
('130', '7', '6'),
('130', '7', '7'),
('130', '7', '8'),
('130', '7', '9'),
('130', '7', '10'),
('130', '7', '11'),
('130', '7', '12'),
('130', '8', '1'),
('130', '8', '2'),
('130', '8', '3'),
('130', '8', '4'),
('130', '8', '5'),
('130', '8', '6'),
('130', '8', '7'),
('130', '8', '8'),
('130', '8', '9'),
('130', '8', '10'),
('130', '8', '11'),
('130', '8', '12'),
('130', '9', '1'),
('130', '9', '2'),
('130', '9', '3'),
('130', '9', '4'),
('130', '9', '5'),
('130', '9', '6'),
('130', '9', '7'),
('130', '9', '8'),
('130', '9', '9'),
('130', '9', '10'),
('130', '9', '11'),
('130', '9', '12'),
('130', '10', '1'),
('130', '10', '2'),
('130', '10', '3'),
('130', '10', '4'),
('130', '10', '5'),
('130', '10', '6'),
('130', '10', '7'),
('130', '10', '8'),
('130', '10', '9'),
('130', '10', '10'),
('130', '10', '11'),
('130', '10', '12'),
('130', '11', '1'),
('130', '11', '2'),
('130', '11', '3'),
('130', '11', '4'),
('130', '11', '5'),
('130', '11', '6'),
('130', '11', '7'),
('130', '11', '8'),
('130', '11', '9'),
('130', '11', '10'),
('130', '11', '11'),
('130', '11', '12'),
('130', '12', '1'),
('130', '12', '2'),
('130', '12', '3'),
('130', '12', '4'),
('130', '12', '5'),
('130', '12', '6'),
('130', '12', '7'),
('130', '12', '8'),
('130', '12', '9'),
('130', '12', '10'),
('130', '12', '11'),
('130', '12', '12'),
('130', '13', '1'),
('130', '13', '2'),
('130', '13', '3'),
('130', '13', '4'),
('130', '13', '5'),
('130', '13', '6'),
('130', '13', '7'),
('130', '13', '8'),
('130', '13', '9'),
('130', '13', '10'),
('130', '13', '11'),
('130', '13', '12'),
('130', '14', '1'),
('130', '14', '2'),
('130', '14', '3'),
('130', '14', '4'),
('130', '14', '5'),
('130', '14', '6'),
('130', '14', '7'),
('130', '14', '8'),
('130', '14', '9'),
('130', '14', '10'),
('130', '14', '11'),
('130', '14', '12'),
('130', '15', '1'),
('130', '15', '2'),
('130', '15', '3'),
('130', '15', '4'),
('130', '15', '5'),
('130', '15', '6'),
('130', '15', '7'),
('130', '15', '8'),
('130', '15', '9'),
('130', '15', '10'),
('130', '15', '11'),
('130', '15', '12'),
('130', '16', '1'),
('130', '16', '2'),
('130', '16', '3'),
('130', '16', '4'),
('130', '16', '5'),
('130', '16', '6'),
('130', '16', '7'),
('130', '16', '8'),
('130', '16', '9'),
('130', '16', '10'),
('130', '16', '11'),
('130', '16', '12'),
('130', '17', '1'),
('130', '17', '2'),
('130', '17', '3'),
('130', '17', '4'),
('130', '17', '5'),
('130', '17', '6'),
('130', '17', '7'),
('130', '17', '8'),
('130', '17', '9'),
('130', '17', '10'),
('130', '17', '11'),
('130', '17', '12'),
('207', '2', '1'),
('207', '2', '2'),
('207', '2', '3'),
('207', '2', '4'),
('207', '2', '5'),
('207', '3', '1'),
('207', '3', '2'),
('207', '3', '3'),
('207', '3', '4'),
('207', '3', '5'),
('207', '4', '1'),
('207', '4', '2'),
('207', '4', '3'),
('207', '4', '4'),
('207', '4', '5'),
('206', '1', '1'),
('206', '1', '2'),
('206', '1', '3'),
('206', '1', '4'),
('206', '1', '5'),
('206', '1', '6'),
('206', '2', '1'),
('206', '2', '2'),
('206', '2', '3'),
('206', '2', '4'),
('206', '2', '5'),
('206', '2', '6'),
('206', '3', '1'),
('206', '3', '2'),
('206', '3', '3'),
('206', '3', '4'),
('206', '3', '5'),
('206', '3', '6'),
('206', '4', '1'),
('206', '4', '2'),
('206', '4', '3'),
('206', '4', '4'),
('206', '4', '5'),
('206', '4', '6'),
('206', '5', '1'),
('206', '5', '2'),
('206', '5', '3'),
('206', '5', '4'),
('206', '5', '5'),
('206', '5', '6'),
('206', '6', '1'),
('206', '6', '2'),
('206', '6', '3'),
('206', '6', '4'),
('206', '6', '5'),
('206', '6', '6'),
('206', '7', '1'),
('206', '7', '2'),
('206', '7', '3'),
('206', '7', '4'),
('206', '7', '5'),
('206', '7', '6'),
('205', '1', '1'),
('205', '1', '2'),
('205', '1', '3'),
('205', '1', '4'),
('205', '1', '5'),
('205', '1', '6'),
('205', '2', '1'),
('205', '2', '2'),
('205', '2', '3'),
('205', '2', '4'),
('205', '2', '5'),
('205', '2', '6'),
('205', '3', '1'),
('205', '3', '2'),
('205', '3', '3'),
('205', '3', '4'),
('205', '3', '5'),
('205', '3', '6'),
('205', '4', '1'),
('205', '4', '2'),
('205', '4', '3'),
('205', '4', '4'),
('205', '4', '5'),
('205', '4', '6'),
('204', '1', '1'),
('204', '1', '2'),
('204', '1', '3'),
('204', '1', '4'),
('204', '1', '5'),
('204', '1', '6'),
('204', '2', '1'),
('204', '2', '2'),
('204', '2', '3'),
('204', '2', '4'),
('204', '2', '5'),
('204', '2', '6'),
('204', '3', '1'),
('204', '3', '2'),
('204', '3', '3'),
('204', '3', '4'),
('204', '3', '5'),
('204', '3', '6'),
('204', '4', '1'),
('204', '4', '2'),
('204', '4', '3'),
('204', '4', '4'),
('204', '4', '5'),
('204', '4', '6'),
('204', '5', '1'),
('204', '5', '2'),
('204', '5', '3'),
('204', '5', '4'),
('204', '5', '5'),
('204', '5', '6'),
('203', '1', '1'),
('203', '1', '2'),
('203', '1', '3'),
('203', '1', '4'),
('203', '1', '5'),
('203', '1', '6'),
('203', '1', '7'),
('203', '1', '8'),
('203', '2', '1'),
('203', '2', '2'),
('203', '2', '3'),
('203', '2', '4'),
('203', '2', '5'),
('203', '2', '6'),
('203', '2', '7'),
('203', '2', '8'),
('203', '3', '1'),
('203', '3', '2'),
('203', '3', '3'),
('203', '3', '4'),
('203', '3', '5'),
('203', '3', '6'),
('203', '3', '7'),
('203', '3', '8'),
('203', '4', '1'),
('203', '4', '2'),
('203', '4', '3'),
('203', '4', '4'),
('203', '4', '5'),
('203', '4', '6'),
('203', '4', '7'),
('203', '4', '8'),
('203', '5', '1'),
('203', '5', '2'),
('203', '5', '3'),
('203', '5', '4'),
('203', '5', '5'),
('203', '5', '6'),
('203', '5', '7'),
('203', '5', '8'),
('203', '6', '1'),
('203', '6', '2'),
('203', '6', '3'),
('203', '6', '4'),
('203', '6', '5'),
('203', '6', '6'),
('203', '6', '7'),
('203', '6', '8'),
('201', '1', '1'),
('201', '1', '2'),
('201', '1', '3'),
('201', '1', '4'),
('201', '1', '5'),
('201', '1', '6'),
('201', '2', '1'),
('201', '2', '2'),
('201', '2', '3'),
('201', '2', '4'),
('201', '2', '5'),
('201', '2', '6'),
('201', '3', '1'),
('201', '3', '2'),
('201', '3', '3'),
('201', '3', '4'),
('201', '3', '5'),
('201', '3', '6'),
('200', '1', '1'),
('200', '1', '2'),
('200', '1', '3'),
('200', '1', '4'),
('200', '1', '5'),
('200', '1', '6'),
('200', '2', '1'),
('200', '2', '2'),
('200', '2', '3'),
('200', '2', '4'),
('200', '2', '5'),
('200', '2', '6'),
('200', '3', '1'),
('200', '3', '2'),
('200', '3', '3'),
('200', '3', '4'),
('200', '3', '5'),
('200', '3', '6'),
('200', '4', '1'),
('200', '4', '2'),
('200', '4', '3'),
('200', '4', '4'),
('200', '4', '5'),
('200', '4', '6'),
('200', '5', '1'),
('200', '5', '2'),
('200', '5', '3'),
('200', '5', '4'),
('200', '5', '5'),
('200', '5', '6'),
('199', '1', '1'),
('199', '1', '2'),
('199', '1', '3'),
('199', '1', '4'),
('199', '1', '5'),
('199', '1', '6'),
('199', '1', '7'),
('199', '1', '8'),
('199', '1', '9'),
('199', '1', '10'),
('199', '1', '11'),
('199', '1', '12'),
('199', '2', '1'),
('199', '2', '2'),
('199', '2', '3'),
('199', '2', '4'),
('199', '2', '5'),
('199', '2', '6'),
('199', '2', '7'),
('199', '2', '8'),
('199', '2', '9'),
('199', '2', '10'),
('199', '2', '11'),
('199', '2', '12'),
('199', '3', '1'),
('199', '3', '2'),
('199', '3', '3'),
('199', '3', '4'),
('199', '3', '5'),
('199', '3', '6'),
('199', '3', '7'),
('199', '3', '8'),
('199', '3', '9'),
('199', '3', '10'),
('199', '3', '11'),
('199', '3', '12'),
('199', '4', '1'),
('199', '4', '2'),
('199', '4', '3'),
('199', '4', '4'),
('199', '4', '5'),
('199', '4', '6'),
('199', '4', '7'),
('199', '4', '8'),
('199', '4', '9'),
('199', '4', '10'),
('199', '4', '11'),
('199', '4', '12'),
('199', '5', '1'),
('199', '5', '2'),
('199', '5', '3'),
('199', '5', '4'),
('199', '5', '5'),
('199', '5', '6'),
('199', '5', '7'),
('199', '5', '8'),
('199', '5', '9'),
('199', '5', '10'),
('199', '5', '11'),
('199', '5', '12'),
('199', '6', '1'),
('199', '6', '2'),
('199', '6', '3'),
('199', '6', '4'),
('199', '6', '5'),
('199', '6', '6'),
('199', '6', '7'),
('199', '6', '8'),
('199', '6', '9'),
('199', '6', '10'),
('199', '6', '11'),
('199', '6', '12'),
('199', '7', '1'),
('199', '7', '2'),
('199', '7', '3'),
('199', '7', '4'),
('199', '7', '5'),
('199', '7', '6'),
('199', '7', '7'),
('199', '7', '8'),
('199', '7', '9'),
('199', '7', '10'),
('199', '7', '11'),
('199', '7', '12'),
('199', '8', '1'),
('199', '8', '2'),
('199', '8', '3'),
('199', '8', '4'),
('199', '8', '5'),
('199', '8', '6'),
('199', '8', '7'),
('199', '8', '8'),
('199', '8', '9'),
('199', '8', '10'),
('199', '8', '11'),
('199', '8', '12'),
('199', '9', '1'),
('199', '9', '2'),
('199', '9', '3'),
('199', '9', '4'),
('199', '9', '5'),
('199', '9', '6'),
('199', '9', '7'),
('199', '9', '8'),
('199', '9', '9'),
('199', '9', '10'),
('199', '9', '11'),
('199', '9', '12'),
('197', '1', '1'),
('197', '1', '2'),
('197', '1', '3'),
('197', '1', '4'),
('197', '1', '5'),
('197', '1', '6'),
('197', '1', '7'),
('197', '1', '8'),
('197', '1', '9'),
('197', '1', '10'),
('197', '1', '11'),
('197', '1', '12'),
('197', '2', '1'),
('197', '2', '2'),
('197', '2', '3'),
('197', '2', '4'),
('197', '2', '5'),
('197', '2', '6'),
('197', '2', '7'),
('197', '2', '8'),
('197', '2', '9'),
('197', '2', '10'),
('197', '2', '11'),
('197', '2', '12'),
('197', '3', '1'),
('197', '3', '2'),
('197', '3', '3'),
('197', '3', '4'),
('197', '3', '5'),
('197', '3', '6'),
('197', '3', '7'),
('197', '3', '8'),
('197', '3', '9'),
('197', '3', '10'),
('197', '3', '11'),
('197', '3', '12'),
('197', '4', '1'),
('197', '4', '2'),
('197', '4', '3'),
('197', '4', '4'),
('197', '4', '5'),
('197', '4', '6'),
('197', '4', '7'),
('197', '4', '8'),
('197', '4', '9'),
('197', '4', '10'),
('197', '4', '11'),
('197', '4', '12'),
('197', '5', '1'),
('197', '5', '2'),
('197', '5', '3'),
('197', '5', '4'),
('197', '5', '5'),
('197', '5', '6'),
('197', '5', '7'),
('197', '5', '8'),
('197', '5', '9'),
('197', '5', '10'),
('197', '5', '11'),
('197', '5', '12'),
('197', '6', '1'),
('197', '6', '2'),
('197', '6', '3'),
('197', '6', '4'),
('197', '6', '5'),
('197', '6', '6'),
('197', '6', '7'),
('197', '6', '8'),
('197', '6', '9'),
('197', '6', '10'),
('197', '6', '11'),
('197', '6', '12'),
('197', '7', '1'),
('197', '7', '2'),
('197', '7', '3'),
('197', '7', '4'),
('197', '7', '5'),
('197', '7', '6'),
('197', '7', '7'),
('197', '7', '8'),
('197', '7', '9'),
('197', '7', '10'),
('197', '7', '11'),
('197', '7', '12'),
('196', '1', '1'),
('196', '1', '2'),
('196', '1', '3'),
('196', '1', '4'),
('196', '1', '5'),
('196', '1', '6'),
('196', '1', '7'),
('196', '1', '8'),
('196', '1', '9'),
('196', '1', '10'),
('196', '1', '11'),
('196', '1', '12'),
('196', '2', '1'),
('196', '2', '2'),
('196', '2', '3'),
('196', '2', '4'),
('196', '2', '5'),
('196', '2', '6'),
('196', '2', '7'),
('196', '2', '8'),
('196', '2', '9'),
('196', '2', '10'),
('196', '2', '11'),
('196', '2', '12'),
('196', '3', '1'),
('196', '3', '2'),
('196', '3', '3'),
('196', '3', '4'),
('196', '3', '5'),
('196', '3', '6'),
('196', '3', '7'),
('196', '3', '8'),
('196', '3', '9'),
('196', '3', '10'),
('196', '3', '11'),
('196', '3', '12'),
('196', '4', '1'),
('196', '4', '2'),
('196', '4', '3'),
('196', '4', '4'),
('196', '4', '5'),
('196', '4', '6'),
('196', '4', '7'),
('196', '4', '8'),
('196', '4', '9'),
('196', '4', '10'),
('196', '4', '11'),
('196', '4', '12'),
('196', '5', '1'),
('196', '5', '2'),
('196', '5', '3'),
('196', '5', '4'),
('196', '5', '5'),
('196', '5', '6'),
('196', '5', '7'),
('196', '5', '8'),
('196', '5', '9'),
('196', '5', '10'),
('196', '5', '11'),
('196', '5', '12'),
('196', '6', '1'),
('196', '6', '2'),
('196', '6', '3'),
('196', '6', '4'),
('196', '6', '5'),
('196', '6', '6'),
('196', '6', '7'),
('196', '6', '8'),
('196', '6', '9'),
('196', '6', '10'),
('196', '6', '11'),
('196', '6', '12'),
('196', '7', '1'),
('196', '7', '2'),
('196', '7', '3'),
('196', '7', '4'),
('196', '7', '5'),
('196', '7', '6'),
('196', '7', '7'),
('196', '7', '8'),
('196', '7', '9'),
('196', '7', '10'),
('196', '7', '11'),
('196', '7', '12'),
('196', '8', '1'),
('196', '8', '2'),
('196', '8', '3'),
('196', '8', '4'),
('196', '8', '5'),
('196', '8', '6'),
('196', '8', '7'),
('196', '8', '8'),
('196', '8', '9'),
('196', '8', '10'),
('196', '8', '11'),
('196', '8', '12'),
('196', '9', '1'),
('196', '9', '2'),
('196', '9', '3'),
('196', '9', '4'),
('196', '9', '5'),
('196', '9', '6'),
('196', '9', '7'),
('196', '9', '8'),
('196', '9', '9'),
('196', '9', '10'),
('196', '9', '11'),
('196', '9', '12'),
('196', '10', '1'),
('196', '10', '2'),
('196', '10', '3'),
('196', '10', '4'),
('196', '10', '5'),
('196', '10', '6'),
('196', '10', '7'),
('196', '10', '8'),
('196', '10', '9'),
('196', '10', '10'),
('196', '10', '11'),
('196', '10', '12'),
('196', '11', '1'),
('196', '11', '2'),
('196', '11', '3'),
('196', '11', '4'),
('196', '11', '5'),
('196', '11', '6'),
('196', '11', '7'),
('196', '11', '8'),
('196', '11', '9'),
('196', '11', '10'),
('196', '11', '11'),
('196', '11', '12'),
('196', '12', '1'),
('196', '12', '2'),
('196', '12', '3'),
('196', '12', '4'),
('196', '12', '5'),
('196', '12', '6'),
('196', '12', '7'),
('196', '12', '8'),
('196', '12', '9'),
('196', '12', '10'),
('196', '12', '11'),
('196', '12', '12'),
('196', '13', '1'),
('196', '13', '2'),
('196', '13', '3'),
('196', '13', '4'),
('196', '13', '5'),
('196', '13', '6'),
('196', '13', '7'),
('196', '13', '8'),
('196', '13', '9'),
('196', '13', '10'),
('196', '13', '11'),
('196', '13', '12'),
('196', '14', '1'),
('196', '14', '2'),
('196', '14', '3'),
('196', '14', '4'),
('196', '14', '5'),
('196', '14', '6'),
('196', '14', '7'),
('196', '14', '8'),
('196', '14', '9'),
('196', '14', '10'),
('196', '14', '11'),
('196', '14', '12'),
('196', '15', '1'),
('196', '15', '2'),
('196', '15', '3'),
('196', '15', '4'),
('196', '15', '5'),
('196', '15', '6'),
('196', '15', '7'),
('196', '15', '8'),
('196', '15', '9'),
('196', '15', '10'),
('196', '15', '11'),
('196', '15', '12'),
('196', '16', '1'),
('196', '16', '2'),
('196', '16', '3'),
('196', '16', '4'),
('196', '16', '5'),
('196', '16', '6'),
('196', '16', '7'),
('196', '16', '8'),
('196', '16', '9'),
('196', '16', '10'),
('196', '16', '11'),
('196', '16', '12'),
('196', '17', '1'),
('196', '17', '2'),
('196', '17', '3'),
('196', '17', '4'),
('196', '17', '5'),
('196', '17', '6'),
('196', '17', '7'),
('196', '17', '8'),
('196', '17', '9'),
('196', '17', '10'),
('196', '17', '11'),
('196', '17', '12'),
('195', '1', '1'),
('195', '1', '2'),
('195', '1', '3'),
('195', '1', '4'),
('195', '1', '5'),
('195', '1', '6'),
('195', '1', '7'),
('195', '1', '8'),
('195', '1', '9'),
('195', '1', '10'),
('195', '1', '11'),
('195', '1', '12'),
('195', '2', '1'),
('195', '2', '2'),
('195', '2', '3'),
('195', '2', '4'),
('195', '2', '5'),
('195', '2', '6'),
('195', '2', '7'),
('195', '2', '8'),
('195', '2', '9'),
('195', '2', '10'),
('195', '2', '11'),
('195', '2', '12'),
('195', '3', '1'),
('195', '3', '2'),
('195', '3', '3'),
('195', '3', '4'),
('195', '3', '5'),
('195', '3', '6'),
('195', '3', '7'),
('195', '3', '8'),
('195', '3', '9'),
('195', '3', '10'),
('195', '3', '11'),
('195', '3', '12'),
('195', '4', '1'),
('195', '4', '2'),
('195', '4', '3'),
('195', '4', '4'),
('195', '4', '5'),
('195', '4', '6'),
('195', '4', '7'),
('195', '4', '8'),
('195', '4', '9'),
('195', '4', '10'),
('195', '4', '11'),
('195', '4', '12'),
('195', '5', '1'),
('195', '5', '2'),
('195', '5', '3'),
('195', '5', '4'),
('195', '5', '5'),
('195', '5', '6'),
('195', '5', '7'),
('195', '5', '8'),
('195', '5', '9'),
('195', '5', '10'),
('195', '5', '11'),
('195', '5', '12'),
('195', '6', '1'),
('195', '6', '2'),
('195', '6', '3'),
('195', '6', '4'),
('195', '6', '5'),
('195', '6', '6'),
('195', '6', '7'),
('195', '6', '8'),
('195', '6', '9'),
('195', '6', '10'),
('195', '6', '11'),
('195', '6', '12'),
('195', '7', '1'),
('195', '7', '2'),
('195', '7', '3'),
('195', '7', '4'),
('195', '7', '5'),
('195', '7', '6'),
('195', '7', '7'),
('195', '7', '8'),
('195', '7', '9'),
('195', '7', '10'),
('195', '7', '11'),
('195', '7', '12'),
('195', '8', '1'),
('195', '8', '2'),
('195', '8', '3'),
('195', '8', '4'),
('195', '8', '5'),
('195', '8', '6'),
('195', '8', '7'),
('195', '8', '8'),
('195', '8', '9'),
('195', '8', '10'),
('195', '8', '11'),
('195', '8', '12'),
('195', '9', '1'),
('195', '9', '2'),
('195', '9', '3'),
('195', '9', '4'),
('195', '9', '5'),
('195', '9', '6'),
('195', '9', '7'),
('195', '9', '8'),
('195', '9', '9'),
('195', '9', '10'),
('195', '9', '11'),
('195', '9', '12'),
('195', '10', '1'),
('195', '10', '2'),
('195', '10', '3'),
('195', '10', '4'),
('195', '10', '5'),
('195', '10', '6'),
('195', '10', '7'),
('195', '10', '8'),
('195', '10', '9'),
('195', '10', '10'),
('195', '10', '11'),
('195', '10', '12'),
('195', '11', '1'),
('195', '11', '2'),
('195', '11', '3'),
('195', '11', '4'),
('195', '11', '5'),
('195', '11', '6'),
('195', '11', '7'),
('195', '11', '8'),
('195', '11', '9'),
('195', '11', '10'),
('195', '11', '11'),
('195', '11', '12'),
('195', '12', '1'),
('195', '12', '2'),
('195', '12', '3'),
('195', '12', '4'),
('195', '12', '5'),
('195', '12', '6'),
('195', '12', '7'),
('195', '12', '8'),
('195', '12', '9'),
('195', '12', '10'),
('195', '12', '11'),
('195', '12', '12'),
('195', '13', '1'),
('195', '13', '2'),
('195', '13', '3'),
('195', '13', '4'),
('195', '13', '5'),
('195', '13', '6'),
('195', '13', '7'),
('195', '13', '8'),
('195', '13', '9'),
('195', '13', '10'),
('195', '13', '11'),
('195', '13', '12'),
('195', '14', '1'),
('195', '14', '2'),
('195', '14', '3'),
('195', '14', '4'),
('195', '14', '5'),
('195', '14', '6'),
('195', '14', '7'),
('195', '14', '8'),
('195', '14', '9'),
('195', '14', '10'),
('195', '14', '11'),
('195', '14', '12'),
('195', '15', '1'),
('195', '15', '2'),
('195', '15', '3'),
('195', '15', '4'),
('195', '15', '5'),
('195', '15', '6'),
('195', '15', '7'),
('195', '15', '8'),
('195', '15', '9'),
('195', '15', '10'),
('195', '15', '11'),
('195', '15', '12'),
('195', '16', '1'),
('195', '16', '2'),
('195', '16', '3'),
('195', '16', '4'),
('195', '16', '5'),
('195', '16', '6'),
('195', '16', '7'),
('195', '16', '8'),
('195', '16', '9'),
('195', '16', '10'),
('195', '16', '11'),
('195', '16', '12'),
('195', '17', '1'),
('195', '17', '2'),
('195', '17', '3'),
('195', '17', '4'),
('195', '17', '5'),
('195', '17', '6'),
('195', '17', '7'),
('195', '17', '8'),
('195', '17', '9'),
('195', '17', '10'),
('195', '17', '11'),
('195', '17', '12'),
('99', '1', '1'),
('99', '1', '2'),
('99', '1', '3'),
('99', '1', '4'),
('99', '1', '5'),
('99', '1', '6'),
('99', '1', '7'),
('99', '1', '8'),
('99', '1', '9'),
('99', '1', '10'),
('99', '1', '11'),
('99', '1', '12'),
('99', '2', '1'),
('99', '2', '2'),
('99', '2', '3'),
('99', '2', '4'),
('99', '2', '5'),
('99', '2', '6'),
('99', '2', '7'),
('99', '2', '8'),
('99', '2', '9'),
('99', '2', '10'),
('99', '2', '11'),
('99', '2', '12'),
('99', '3', '1'),
('99', '3', '2'),
('99', '3', '3'),
('99', '3', '4'),
('99', '3', '5'),
('99', '3', '6'),
('99', '3', '7'),
('99', '3', '8'),
('99', '3', '9'),
('99', '3', '10'),
('99', '3', '11'),
('99', '3', '12'),
('99', '4', '1'),
('99', '4', '2'),
('99', '4', '3'),
('99', '4', '4'),
('99', '4', '5'),
('99', '4', '6'),
('99', '4', '7'),
('99', '4', '8'),
('99', '4', '9'),
('99', '4', '10'),
('99', '4', '11'),
('99', '4', '12'),
('99', '5', '1'),
('99', '5', '2'),
('99', '5', '3'),
('99', '5', '4'),
('99', '5', '5'),
('99', '5', '6'),
('99', '5', '7'),
('99', '5', '8'),
('99', '5', '9'),
('99', '5', '10'),
('99', '5', '11'),
('99', '5', '12'),
('99', '6', '1'),
('99', '6', '2'),
('99', '6', '3'),
('99', '6', '4'),
('99', '6', '5'),
('99', '6', '6'),
('99', '6', '7'),
('99', '6', '8'),
('99', '6', '9'),
('99', '6', '10'),
('99', '6', '11'),
('99', '6', '12'),
('99', '7', '1'),
('99', '7', '2'),
('99', '7', '3'),
('99', '7', '4'),
('99', '7', '5'),
('99', '7', '6'),
('99', '7', '7'),
('99', '7', '8'),
('99', '7', '9'),
('99', '7', '10'),
('99', '7', '11'),
('99', '7', '12'),
('99', '8', '1'),
('99', '8', '2'),
('99', '8', '3'),
('99', '8', '4'),
('99', '8', '5'),
('99', '8', '6'),
('99', '8', '7'),
('99', '8', '8'),
('99', '8', '9'),
('99', '8', '10'),
('99', '8', '11'),
('99', '8', '12'),
('99', '9', '1'),
('99', '9', '2'),
('99', '9', '3'),
('99', '9', '4'),
('99', '9', '5'),
('99', '9', '6'),
('99', '9', '7'),
('99', '9', '8'),
('99', '9', '9'),
('99', '9', '10'),
('99', '9', '11'),
('99', '9', '12'),
('99', '10', '1'),
('99', '10', '2'),
('99', '10', '3'),
('99', '10', '4'),
('99', '10', '5'),
('99', '10', '6'),
('99', '10', '7'),
('99', '10', '8'),
('99', '10', '9'),
('99', '10', '10'),
('99', '10', '11'),
('99', '10', '12'),
('99', '11', '1'),
('99', '11', '2'),
('99', '11', '3'),
('99', '11', '4'),
('99', '11', '5'),
('99', '11', '6'),
('99', '11', '7'),
('99', '11', '8'),
('99', '11', '9'),
('99', '11', '10'),
('99', '11', '11'),
('99', '11', '12'),
('99', '12', '1'),
('99', '12', '2'),
('99', '12', '3'),
('99', '12', '4'),
('99', '12', '5'),
('99', '12', '6'),
('99', '12', '7'),
('99', '12', '8'),
('99', '12', '9'),
('99', '12', '10'),
('99', '12', '11'),
('99', '12', '12'),
('99', '13', '1'),
('99', '13', '2'),
('99', '13', '3'),
('99', '13', '4'),
('99', '13', '5'),
('99', '13', '6'),
('99', '13', '7'),
('99', '13', '8'),
('99', '13', '9'),
('99', '13', '10'),
('99', '13', '11'),
('99', '13', '12'),
('99', '14', '1'),
('99', '14', '2'),
('99', '14', '3'),
('99', '14', '4'),
('99', '14', '5'),
('99', '14', '6'),
('99', '14', '7'),
('99', '14', '8'),
('99', '14', '9'),
('99', '14', '10'),
('99', '14', '11'),
('99', '14', '12'),
('99', '15', '1'),
('99', '15', '2'),
('99', '15', '3'),
('99', '15', '4'),
('99', '15', '5'),
('99', '15', '6'),
('99', '15', '7'),
('99', '15', '8'),
('99', '15', '9'),
('99', '15', '10'),
('99', '15', '11'),
('99', '15', '12'),
('99', '16', '1'),
('99', '16', '2'),
('99', '16', '3'),
('99', '16', '4'),
('99', '16', '5'),
('99', '16', '6'),
('99', '16', '7'),
('99', '16', '8'),
('99', '16', '9'),
('99', '16', '10'),
('99', '16', '11'),
('99', '16', '12'),
('99', '17', '1'),
('99', '17', '2'),
('99', '17', '3'),
('99', '17', '4'),
('99', '17', '5'),
('99', '17', '6'),
('99', '17', '7'),
('99', '17', '8'),
('99', '17', '9'),
('99', '17', '10'),
('99', '17', '11'),
('99', '17', '12'),
('185', '2', '1'),
('185', '2', '2'),
('185', '2', '3'),
('185', '2', '4'),
('185', '2', '5'),
('185', '2', '6'),
('185', '2', '7'),
('185', '2', '8'),
('185', '2', '9'),
('185', '2', '10'),
('185', '2', '11'),
('185', '2', '12'),
('185', '3', '1'),
('185', '3', '2'),
('185', '3', '3'),
('185', '3', '4'),
('185', '3', '5'),
('185', '3', '6'),
('185', '3', '7'),
('185', '3', '8'),
('185', '3', '9'),
('185', '3', '10'),
('185', '3', '11'),
('185', '3', '12'),
('185', '4', '1'),
('185', '4', '2'),
('185', '4', '3'),
('185', '4', '4'),
('185', '4', '5'),
('185', '4', '6'),
('185', '4', '7'),
('185', '4', '8'),
('185', '4', '9'),
('185', '4', '10'),
('185', '4', '11'),
('185', '4', '12'),
('185', '5', '1'),
('185', '5', '2'),
('185', '5', '3'),
('185', '5', '4'),
('185', '5', '5'),
('185', '5', '6'),
('185', '5', '7'),
('185', '5', '8'),
('185', '5', '9'),
('185', '5', '10'),
('185', '5', '11'),
('185', '5', '12'),
('185', '6', '1'),
('185', '6', '2'),
('185', '6', '3'),
('185', '6', '4'),
('185', '6', '5'),
('185', '6', '6'),
('185', '6', '7'),
('185', '6', '8'),
('185', '6', '9'),
('185', '6', '10'),
('185', '6', '11'),
('185', '6', '12'),
('185', '7', '1'),
('185', '7', '2'),
('185', '7', '3'),
('185', '7', '4'),
('185', '7', '5'),
('185', '7', '6'),
('185', '7', '7'),
('185', '7', '8'),
('185', '7', '9'),
('185', '7', '10'),
('185', '7', '11'),
('185', '7', '12'),
('185', '8', '1'),
('185', '8', '2'),
('185', '8', '3'),
('185', '8', '4'),
('185', '8', '5'),
('185', '8', '6'),
('185', '8', '7'),
('185', '8', '8'),
('185', '8', '9'),
('185', '8', '10'),
('185', '8', '11'),
('185', '8', '12'),
('185', '9', '1'),
('185', '9', '2'),
('185', '9', '3'),
('185', '9', '4'),
('185', '9', '5'),
('185', '9', '6'),
('185', '9', '7'),
('185', '9', '8'),
('185', '9', '9'),
('185', '9', '10'),
('185', '9', '11'),
('185', '9', '12'),
('185', '10', '1'),
('185', '10', '2'),
('185', '10', '3'),
('185', '10', '4'),
('185', '10', '5'),
('185', '10', '6'),
('185', '10', '7'),
('185', '10', '8'),
('185', '10', '9'),
('185', '10', '10'),
('185', '10', '11'),
('185', '10', '12'),
('185', '11', '1'),
('185', '11', '2'),
('185', '11', '3'),
('185', '11', '4'),
('185', '11', '5'),
('185', '11', '6'),
('185', '11', '7'),
('185', '11', '8'),
('185', '11', '9'),
('185', '11', '10'),
('185', '11', '11'),
('185', '11', '12'),
('185', '12', '1'),
('185', '12', '2'),
('185', '12', '3'),
('185', '12', '4'),
('185', '12', '5'),
('185', '12', '6'),
('185', '12', '7'),
('185', '12', '8'),
('185', '12', '9'),
('185', '12', '10'),
('185', '12', '11'),
('185', '12', '12'),
('185', '13', '1'),
('185', '13', '2'),
('185', '13', '3'),
('185', '13', '4'),
('185', '13', '5'),
('185', '13', '6'),
('185', '13', '7'),
('185', '13', '8'),
('185', '13', '9'),
('185', '13', '10'),
('185', '13', '11'),
('185', '13', '12'),
('185', '14', '1'),
('185', '14', '2'),
('185', '14', '3'),
('185', '14', '4'),
('185', '14', '5'),
('185', '14', '6'),
('185', '14', '7'),
('185', '14', '8'),
('185', '14', '9'),
('185', '14', '10'),
('185', '14', '11'),
('185', '14', '12'),
('185', '15', '1'),
('185', '15', '2'),
('185', '15', '3'),
('185', '15', '4'),
('185', '15', '5'),
('185', '15', '6'),
('185', '15', '7'),
('185', '15', '8'),
('185', '15', '9'),
('185', '15', '10'),
('185', '15', '11'),
('185', '15', '12'),
('185', '16', '1'),
('185', '16', '2'),
('185', '16', '3'),
('185', '16', '4'),
('185', '16', '5'),
('185', '16', '6'),
('185', '16', '7'),
('185', '16', '8'),
('185', '16', '9'),
('185', '16', '10'),
('185', '16', '11'),
('185', '16', '12'),
('185', '17', '1'),
('185', '17', '2'),
('185', '17', '3'),
('185', '17', '4'),
('185', '17', '5'),
('185', '17', '6'),
('185', '17', '7'),
('185', '17', '8'),
('185', '17', '9'),
('185', '17', '10'),
('185', '17', '11'),
('185', '17', '12'),
('194', '1', '1'),
('194', '1', '2'),
('194', '1', '3'),
('194', '1', '4'),
('194', '1', '5'),
('194', '1', '6'),
('194', '1', '7'),
('194', '1', '8'),
('194', '1', '9'),
('194', '1', '10'),
('194', '1', '11'),
('194', '1', '12'),
('194', '2', '1'),
('194', '2', '2'),
('194', '2', '3'),
('194', '2', '4'),
('194', '2', '5'),
('194', '2', '6'),
('194', '2', '7'),
('194', '2', '8'),
('194', '2', '9'),
('194', '2', '10'),
('194', '2', '11'),
('194', '2', '12'),
('194', '3', '1'),
('194', '3', '2'),
('194', '3', '3'),
('194', '3', '4'),
('194', '3', '5'),
('194', '3', '6'),
('194', '3', '7'),
('194', '3', '8'),
('194', '3', '9'),
('194', '3', '10'),
('194', '3', '11'),
('194', '3', '12'),
('194', '4', '1'),
('194', '4', '2'),
('194', '4', '3'),
('194', '4', '4'),
('194', '4', '5'),
('194', '4', '6'),
('194', '4', '7'),
('194', '4', '8'),
('194', '4', '9'),
('194', '4', '10'),
('194', '4', '11'),
('194', '4', '12'),
('194', '5', '1'),
('194', '5', '2'),
('194', '5', '3'),
('194', '5', '4'),
('194', '5', '5'),
('194', '5', '6'),
('194', '5', '7'),
('194', '5', '8'),
('194', '5', '9'),
('194', '5', '10'),
('194', '5', '11'),
('194', '5', '12'),
('194', '6', '1'),
('194', '6', '2'),
('194', '6', '3'),
('194', '6', '4'),
('194', '6', '5'),
('194', '6', '6'),
('194', '6', '7'),
('194', '6', '8'),
('194', '6', '9'),
('194', '6', '10'),
('194', '6', '11'),
('194', '6', '12'),
('194', '7', '1'),
('194', '7', '2'),
('194', '7', '3'),
('194', '7', '4'),
('194', '7', '5'),
('194', '7', '6'),
('194', '7', '7'),
('194', '7', '8'),
('194', '7', '9'),
('194', '7', '10'),
('194', '7', '11'),
('194', '7', '12'),
('194', '8', '1'),
('194', '8', '2'),
('194', '8', '3'),
('194', '8', '4'),
('194', '8', '5'),
('194', '8', '6'),
('194', '8', '7'),
('194', '8', '8'),
('194', '8', '9'),
('194', '8', '10'),
('194', '8', '11'),
('194', '8', '12'),
('194', '9', '1'),
('194', '9', '2'),
('194', '9', '3'),
('194', '9', '4'),
('194', '9', '5'),
('194', '9', '6'),
('194', '9', '7'),
('194', '9', '8'),
('194', '9', '9'),
('194', '9', '10'),
('194', '9', '11'),
('194', '9', '12'),
('194', '10', '1'),
('194', '10', '2'),
('194', '10', '3'),
('194', '10', '4'),
('194', '10', '5'),
('194', '10', '6'),
('194', '10', '7'),
('194', '10', '8'),
('194', '10', '9'),
('194', '10', '10'),
('194', '10', '11'),
('194', '10', '12'),
('194', '11', '1'),
('194', '11', '2'),
('194', '11', '3'),
('194', '11', '4'),
('194', '11', '5'),
('194', '11', '6'),
('194', '11', '7'),
('194', '11', '8'),
('194', '11', '9'),
('194', '11', '10'),
('194', '11', '11'),
('194', '11', '12'),
('194', '12', '1'),
('194', '12', '2'),
('194', '12', '3'),
('194', '12', '4'),
('194', '12', '5'),
('194', '12', '6'),
('194', '12', '7'),
('194', '12', '8'),
('194', '12', '9'),
('194', '12', '10'),
('194', '12', '11'),
('194', '12', '12'),
('194', '13', '1'),
('194', '13', '2'),
('194', '13', '3'),
('194', '13', '4'),
('194', '13', '5'),
('194', '13', '6'),
('194', '13', '7'),
('194', '13', '8'),
('194', '13', '9'),
('194', '13', '10'),
('194', '13', '11'),
('194', '13', '12'),
('194', '14', '1'),
('194', '14', '2'),
('194', '14', '3'),
('194', '14', '4'),
('194', '14', '5'),
('194', '14', '6'),
('194', '14', '7'),
('194', '14', '8'),
('194', '14', '9'),
('194', '14', '10'),
('194', '14', '11'),
('194', '14', '12'),
('194', '15', '1'),
('194', '15', '2'),
('194', '15', '3'),
('194', '15', '4'),
('194', '15', '5'),
('194', '15', '6'),
('194', '15', '7'),
('194', '15', '8'),
('194', '15', '9'),
('194', '15', '10'),
('194', '15', '11'),
('194', '15', '12'),
('194', '16', '1'),
('194', '16', '2'),
('194', '16', '3'),
('194', '16', '4'),
('194', '16', '5'),
('194', '16', '6'),
('194', '16', '7'),
('194', '16', '8'),
('194', '16', '9'),
('194', '16', '10'),
('194', '16', '11'),
('194', '16', '12'),
('194', '17', '1'),
('194', '17', '2'),
('194', '17', '3'),
('194', '17', '4'),
('194', '17', '5'),
('194', '17', '6'),
('194', '17', '7'),
('194', '17', '8'),
('194', '17', '9'),
('194', '17', '10'),
('194', '17', '11'),
('194', '17', '12'),
('193', '1', '1'),
('193', '1', '2'),
('193', '1', '3'),
('193', '1', '4'),
('193', '1', '5'),
('193', '1', '6'),
('193', '1', '7'),
('193', '1', '8'),
('193', '1', '9'),
('193', '1', '10'),
('193', '1', '11'),
('193', '1', '12'),
('193', '2', '1'),
('193', '2', '2'),
('193', '2', '3'),
('193', '2', '4'),
('193', '2', '5'),
('193', '2', '6'),
('193', '2', '7'),
('193', '2', '8'),
('193', '2', '9'),
('193', '2', '10'),
('193', '2', '11'),
('193', '2', '12'),
('193', '3', '1'),
('193', '3', '2'),
('193', '3', '3'),
('193', '3', '4'),
('193', '3', '5'),
('193', '3', '6'),
('193', '3', '7'),
('193', '3', '8'),
('193', '3', '9'),
('193', '3', '10'),
('193', '3', '11'),
('193', '3', '12'),
('193', '4', '1'),
('193', '4', '2'),
('193', '4', '3'),
('193', '4', '4'),
('193', '4', '5'),
('193', '4', '6'),
('193', '4', '7'),
('193', '4', '8'),
('193', '4', '9'),
('193', '4', '10'),
('193', '4', '11'),
('193', '4', '12'),
('193', '5', '1'),
('193', '5', '2'),
('193', '5', '3'),
('193', '5', '4'),
('193', '5', '5'),
('193', '5', '6'),
('193', '5', '7'),
('193', '5', '8'),
('193', '5', '9'),
('193', '5', '10'),
('193', '5', '11'),
('193', '5', '12'),
('193', '6', '1'),
('193', '6', '2'),
('193', '6', '3'),
('193', '6', '4'),
('193', '6', '5'),
('193', '6', '6'),
('193', '6', '7'),
('193', '6', '8'),
('193', '6', '9'),
('193', '6', '10'),
('193', '6', '11'),
('193', '6', '12'),
('193', '7', '1'),
('193', '7', '2'),
('193', '7', '3'),
('193', '7', '4'),
('193', '7', '5'),
('193', '7', '6'),
('193', '7', '7'),
('193', '7', '8'),
('193', '7', '9'),
('193', '7', '10'),
('193', '7', '11'),
('193', '7', '12'),
('193', '8', '1'),
('193', '8', '2'),
('193', '8', '3'),
('193', '8', '4'),
('193', '8', '5'),
('193', '8', '6'),
('193', '8', '7'),
('193', '8', '8'),
('193', '8', '9'),
('193', '8', '10'),
('193', '8', '11'),
('193', '8', '12'),
('193', '9', '1'),
('193', '9', '2'),
('193', '9', '3'),
('193', '9', '4'),
('193', '9', '5'),
('193', '9', '6'),
('193', '9', '7'),
('193', '9', '8'),
('193', '9', '9'),
('193', '9', '10'),
('193', '9', '11'),
('193', '9', '12'),
('193', '10', '1'),
('193', '10', '2'),
('193', '10', '3'),
('193', '10', '4'),
('193', '10', '5'),
('193', '10', '6'),
('193', '10', '7'),
('193', '10', '8'),
('193', '10', '9'),
('193', '10', '10'),
('193', '10', '11'),
('193', '10', '12'),
('193', '11', '1'),
('193', '11', '2'),
('193', '11', '3'),
('193', '11', '4'),
('193', '11', '5'),
('193', '11', '6'),
('193', '11', '7'),
('193', '11', '8'),
('193', '11', '9'),
('193', '11', '10'),
('193', '11', '11'),
('193', '11', '12'),
('193', '12', '1'),
('193', '12', '2'),
('193', '12', '3'),
('193', '12', '4'),
('193', '12', '5'),
('193', '12', '6'),
('193', '12', '7'),
('193', '12', '8'),
('193', '12', '9'),
('193', '12', '10'),
('193', '12', '11'),
('193', '12', '12'),
('193', '13', '1'),
('193', '13', '2'),
('193', '13', '3'),
('193', '13', '4'),
('193', '13', '5'),
('193', '13', '6'),
('193', '13', '7'),
('193', '13', '8'),
('193', '13', '9'),
('193', '13', '10'),
('193', '13', '11'),
('193', '13', '12'),
('193', '14', '1'),
('193', '14', '2'),
('193', '14', '3'),
('193', '14', '4'),
('193', '14', '5'),
('193', '14', '6'),
('193', '14', '7'),
('193', '14', '8'),
('193', '14', '9'),
('193', '14', '10'),
('193', '14', '11'),
('193', '14', '12'),
('193', '15', '1'),
('193', '15', '2'),
('193', '15', '3'),
('193', '15', '4'),
('193', '15', '5'),
('193', '15', '6'),
('193', '15', '7'),
('193', '15', '8'),
('193', '15', '9'),
('193', '15', '10'),
('193', '15', '11'),
('193', '15', '12'),
('193', '16', '1'),
('193', '16', '2'),
('193', '16', '3'),
('193', '16', '4'),
('193', '16', '5'),
('193', '16', '6'),
('193', '16', '7'),
('193', '16', '8'),
('193', '16', '9'),
('193', '16', '10'),
('193', '16', '11'),
('193', '16', '12'),
('193', '17', '1'),
('193', '17', '2'),
('193', '17', '3'),
('193', '17', '4'),
('193', '17', '5'),
('193', '17', '6'),
('193', '17', '7'),
('193', '17', '8'),
('193', '17', '9'),
('193', '17', '10'),
('193', '17', '11'),
('193', '17', '12'),
('192', '1', '1'),
('192', '1', '2'),
('192', '1', '3'),
('192', '1', '4'),
('192', '1', '5'),
('192', '1', '6'),
('192', '1', '7'),
('192', '1', '8'),
('192', '1', '9'),
('192', '1', '10'),
('192', '1', '11'),
('192', '1', '12'),
('192', '2', '1'),
('192', '2', '2'),
('192', '2', '3'),
('192', '2', '4'),
('192', '2', '5'),
('192', '2', '6'),
('192', '2', '7'),
('192', '2', '8'),
('192', '2', '9'),
('192', '2', '10'),
('192', '2', '11'),
('192', '2', '12'),
('192', '3', '1'),
('192', '3', '2'),
('192', '3', '3'),
('192', '3', '4'),
('192', '3', '5'),
('192', '3', '6'),
('192', '3', '7'),
('192', '3', '8'),
('192', '3', '9'),
('192', '3', '10'),
('192', '3', '11'),
('192', '3', '12'),
('192', '4', '1'),
('192', '4', '2'),
('192', '4', '3'),
('192', '4', '4'),
('192', '4', '5'),
('192', '4', '6'),
('192', '4', '7'),
('192', '4', '8'),
('192', '4', '9'),
('192', '4', '10'),
('192', '4', '11'),
('192', '4', '12'),
('192', '5', '1'),
('192', '5', '2'),
('192', '5', '3'),
('192', '5', '4'),
('192', '5', '5'),
('192', '5', '6'),
('192', '5', '7'),
('192', '5', '8'),
('192', '5', '9'),
('192', '5', '10'),
('192', '5', '11'),
('192', '5', '12'),
('192', '6', '1'),
('192', '6', '2'),
('192', '6', '3'),
('192', '6', '4'),
('192', '6', '5'),
('192', '6', '6'),
('192', '6', '7'),
('192', '6', '8'),
('192', '6', '9'),
('192', '6', '10'),
('192', '6', '11'),
('192', '6', '12'),
('192', '7', '1'),
('192', '7', '2'),
('192', '7', '3'),
('192', '7', '4'),
('192', '7', '5'),
('192', '7', '6'),
('192', '7', '7'),
('192', '7', '8'),
('192', '7', '9'),
('192', '7', '10'),
('192', '7', '11'),
('192', '7', '12'),
('192', '8', '1'),
('192', '8', '2'),
('192', '8', '3'),
('192', '8', '4'),
('192', '8', '5'),
('192', '8', '6'),
('192', '8', '7'),
('192', '8', '8'),
('192', '8', '9'),
('192', '8', '10'),
('192', '8', '11'),
('192', '8', '12'),
('192', '9', '1'),
('192', '9', '2'),
('192', '9', '3'),
('192', '9', '4'),
('192', '9', '5'),
('192', '9', '6'),
('192', '9', '7'),
('192', '9', '8'),
('192', '9', '9'),
('192', '9', '10'),
('192', '9', '11'),
('192', '9', '12'),
('192', '10', '1'),
('192', '10', '2'),
('192', '10', '3'),
('192', '10', '4'),
('192', '10', '5'),
('192', '10', '6'),
('192', '10', '7'),
('192', '10', '8'),
('192', '10', '9'),
('192', '10', '10'),
('192', '10', '11'),
('192', '10', '12'),
('192', '11', '1'),
('192', '11', '2'),
('192', '11', '3'),
('192', '11', '4'),
('192', '11', '5'),
('192', '11', '6'),
('192', '11', '7'),
('192', '11', '8'),
('192', '11', '9'),
('192', '11', '10'),
('192', '11', '11'),
('192', '11', '12'),
('192', '12', '1'),
('192', '12', '2'),
('192', '12', '3'),
('192', '12', '4'),
('192', '12', '5'),
('192', '12', '6'),
('192', '12', '7'),
('192', '12', '8'),
('192', '12', '9'),
('192', '12', '10'),
('192', '12', '11'),
('192', '12', '12'),
('192', '13', '1'),
('192', '13', '2'),
('192', '13', '3'),
('192', '13', '4'),
('192', '13', '5'),
('192', '13', '6'),
('192', '13', '7'),
('192', '13', '8'),
('192', '13', '9'),
('192', '13', '10'),
('192', '13', '11'),
('192', '13', '12'),
('192', '14', '1'),
('192', '14', '2'),
('192', '14', '3'),
('192', '14', '4'),
('192', '14', '5'),
('192', '14', '6'),
('192', '14', '7'),
('192', '14', '8'),
('192', '14', '9'),
('192', '14', '10'),
('192', '14', '11'),
('192', '14', '12'),
('192', '15', '1'),
('192', '15', '2'),
('192', '15', '3'),
('192', '15', '4'),
('192', '15', '5'),
('192', '15', '6'),
('192', '15', '7'),
('192', '15', '8'),
('192', '15', '9'),
('192', '15', '10'),
('192', '15', '11'),
('192', '15', '12'),
('192', '16', '1'),
('192', '16', '2'),
('192', '16', '3'),
('192', '16', '4'),
('192', '16', '5'),
('192', '16', '6'),
('192', '16', '7'),
('192', '16', '8'),
('192', '16', '9'),
('192', '16', '10'),
('192', '16', '11'),
('192', '16', '12'),
('192', '17', '1'),
('192', '17', '2'),
('192', '17', '3'),
('192', '17', '4'),
('192', '17', '5'),
('192', '17', '6'),
('192', '17', '7'),
('192', '17', '8'),
('192', '17', '9'),
('192', '17', '10'),
('192', '17', '11'),
('192', '17', '12'),
('187', '1', '1'),
('187', '1', '2'),
('187', '1', '3'),
('187', '1', '4'),
('187', '1', '5'),
('187', '1', '6'),
('187', '1', '7'),
('187', '1', '8'),
('187', '1', '9'),
('187', '1', '10'),
('187', '1', '11'),
('187', '1', '12'),
('187', '2', '1'),
('187', '2', '2'),
('187', '2', '3'),
('187', '2', '4'),
('187', '2', '5'),
('187', '2', '6'),
('187', '2', '7'),
('187', '2', '8'),
('187', '2', '9'),
('187', '2', '10'),
('187', '2', '11'),
('187', '2', '12'),
('187', '3', '1'),
('187', '3', '2'),
('187', '3', '3'),
('187', '3', '4'),
('187', '3', '5'),
('187', '3', '6'),
('187', '3', '7'),
('187', '3', '8'),
('187', '3', '9'),
('187', '3', '10'),
('187', '3', '11'),
('187', '3', '12'),
('187', '4', '1'),
('187', '4', '2'),
('187', '4', '3'),
('187', '4', '4'),
('187', '4', '5'),
('187', '4', '6'),
('187', '4', '7'),
('187', '4', '8'),
('187', '4', '9'),
('187', '4', '10'),
('187', '4', '11'),
('187', '4', '12'),
('187', '5', '1'),
('187', '5', '2'),
('187', '5', '3'),
('187', '5', '4'),
('187', '5', '5'),
('187', '5', '6'),
('187', '5', '7'),
('187', '5', '8'),
('187', '5', '9'),
('187', '5', '10'),
('187', '5', '11'),
('187', '5', '12'),
('187', '6', '1'),
('187', '6', '2'),
('187', '6', '3'),
('187', '6', '4'),
('187', '6', '5'),
('187', '6', '6'),
('187', '6', '7'),
('187', '6', '8'),
('187', '6', '9'),
('187', '6', '10'),
('187', '6', '11'),
('187', '6', '12'),
('187', '7', '1'),
('187', '7', '2'),
('187', '7', '3'),
('187', '7', '4'),
('187', '7', '5'),
('187', '7', '6'),
('187', '7', '7'),
('187', '7', '8'),
('187', '7', '9'),
('187', '7', '10'),
('187', '7', '11'),
('187', '7', '12'),
('187', '8', '1'),
('187', '8', '2'),
('187', '8', '3'),
('187', '8', '4'),
('187', '8', '5'),
('187', '8', '6'),
('187', '8', '7'),
('187', '8', '8'),
('187', '8', '9'),
('187', '8', '10'),
('187', '8', '11'),
('187', '8', '12'),
('187', '9', '1'),
('187', '9', '2'),
('187', '9', '3'),
('187', '9', '4'),
('187', '9', '5'),
('187', '9', '6'),
('187', '9', '7'),
('187', '9', '8'),
('187', '9', '9'),
('187', '9', '10'),
('187', '9', '11'),
('187', '9', '12'),
('187', '10', '1'),
('187', '10', '2'),
('187', '10', '3'),
('187', '10', '4'),
('187', '10', '5'),
('187', '10', '6'),
('187', '10', '7'),
('187', '10', '8'),
('187', '10', '9'),
('187', '10', '10'),
('187', '10', '11'),
('187', '10', '12'),
('187', '11', '1'),
('187', '11', '2'),
('187', '11', '3'),
('187', '11', '4'),
('187', '11', '5'),
('187', '11', '6'),
('187', '11', '7'),
('187', '11', '8'),
('187', '11', '9'),
('187', '11', '10'),
('187', '11', '11'),
('187', '11', '12'),
('187', '12', '1'),
('187', '12', '2'),
('187', '12', '3'),
('187', '12', '4'),
('187', '12', '5'),
('187', '12', '6'),
('187', '12', '7'),
('187', '12', '8'),
('187', '12', '9'),
('187', '12', '10'),
('187', '12', '11'),
('187', '12', '12'),
('187', '13', '1'),
('187', '13', '2'),
('187', '13', '3'),
('187', '13', '4'),
('187', '13', '5'),
('187', '13', '6'),
('187', '13', '7'),
('187', '13', '8'),
('187', '13', '9'),
('187', '13', '10'),
('187', '13', '11'),
('187', '13', '12'),
('187', '14', '1'),
('187', '14', '2'),
('187', '14', '3'),
('187', '14', '4'),
('187', '14', '5'),
('187', '14', '6'),
('187', '14', '7'),
('187', '14', '8'),
('187', '14', '9'),
('187', '14', '10'),
('187', '14', '11'),
('187', '14', '12'),
('187', '15', '1'),
('187', '15', '2'),
('187', '15', '3'),
('187', '15', '4'),
('187', '15', '5'),
('187', '15', '6'),
('187', '15', '7'),
('187', '15', '8'),
('187', '15', '9'),
('187', '15', '10'),
('187', '15', '11'),
('187', '15', '12'),
('187', '16', '1'),
('187', '16', '2'),
('187', '16', '3'),
('187', '16', '4'),
('187', '16', '5'),
('187', '16', '6'),
('187', '16', '7'),
('187', '16', '8'),
('187', '16', '9'),
('187', '16', '10'),
('187', '16', '11'),
('187', '16', '12'),
('187', '17', '1'),
('187', '17', '2'),
('187', '17', '3'),
('187', '17', '4'),
('187', '17', '5'),
('187', '17', '6'),
('187', '17', '7'),
('187', '17', '8'),
('187', '17', '9'),
('187', '17', '10'),
('187', '17', '11'),
('187', '17', '12'),
('184', '1', '1'),
('184', '1', '2'),
('184', '1', '3'),
('184', '1', '4'),
('184', '1', '5'),
('184', '1', '6'),
('184', '1', '7'),
('184', '1', '8'),
('184', '1', '9'),
('184', '1', '10'),
('184', '1', '11'),
('184', '1', '12'),
('184', '2', '1'),
('184', '2', '2'),
('184', '2', '3'),
('184', '2', '4'),
('184', '2', '5'),
('184', '2', '6'),
('184', '2', '7'),
('184', '2', '8'),
('184', '2', '9'),
('184', '2', '10'),
('184', '2', '11'),
('184', '2', '12'),
('184', '3', '1'),
('184', '3', '2'),
('184', '3', '3'),
('184', '3', '4'),
('184', '3', '5'),
('184', '3', '6'),
('184', '3', '7'),
('184', '3', '8'),
('184', '3', '9'),
('184', '3', '10'),
('184', '3', '11'),
('184', '3', '12'),
('184', '4', '1'),
('184', '4', '2'),
('184', '4', '3'),
('184', '4', '4'),
('184', '4', '5'),
('184', '4', '6'),
('184', '4', '7'),
('184', '4', '8'),
('184', '4', '9'),
('184', '4', '10'),
('184', '4', '11'),
('184', '4', '12'),
('184', '5', '1'),
('184', '5', '2'),
('184', '5', '3'),
('184', '5', '4'),
('184', '5', '5'),
('184', '5', '6'),
('184', '5', '7'),
('184', '5', '8'),
('184', '5', '9'),
('184', '5', '10'),
('184', '5', '11'),
('184', '5', '12'),
('184', '6', '1'),
('184', '6', '2'),
('184', '6', '3'),
('184', '6', '4'),
('184', '6', '5'),
('184', '6', '6'),
('184', '6', '7'),
('184', '6', '8'),
('184', '6', '9'),
('184', '6', '10'),
('184', '6', '11'),
('184', '6', '12'),
('184', '7', '1'),
('184', '7', '2'),
('184', '7', '3'),
('184', '7', '4'),
('184', '7', '5'),
('184', '7', '6'),
('184', '7', '7'),
('184', '7', '8'),
('184', '7', '9'),
('184', '7', '10'),
('184', '7', '11'),
('184', '7', '12'),
('184', '8', '1'),
('184', '8', '2'),
('184', '8', '3'),
('184', '8', '4'),
('184', '8', '5'),
('184', '8', '6'),
('184', '8', '7'),
('184', '8', '8'),
('184', '8', '9'),
('184', '8', '10'),
('184', '8', '11'),
('184', '8', '12'),
('184', '9', '1'),
('184', '9', '2'),
('184', '9', '3'),
('184', '9', '4'),
('184', '9', '5'),
('184', '9', '6'),
('184', '9', '7'),
('184', '9', '8'),
('184', '9', '9'),
('184', '9', '10'),
('184', '9', '11'),
('184', '9', '12'),
('184', '10', '1'),
('184', '10', '2'),
('184', '10', '3'),
('184', '10', '4'),
('184', '10', '5'),
('184', '10', '6'),
('184', '10', '7'),
('184', '10', '8'),
('184', '10', '9'),
('184', '10', '10'),
('184', '10', '11'),
('184', '10', '12'),
('184', '11', '1'),
('184', '11', '2'),
('184', '11', '3'),
('184', '11', '4'),
('184', '11', '5'),
('184', '11', '6'),
('184', '11', '7'),
('184', '11', '8'),
('184', '11', '9'),
('184', '11', '10'),
('184', '11', '11'),
('184', '11', '12'),
('184', '12', '1'),
('184', '12', '2'),
('184', '12', '3'),
('184', '12', '4'),
('184', '12', '5'),
('184', '12', '6'),
('184', '12', '7'),
('184', '12', '8'),
('184', '12', '9'),
('184', '12', '10'),
('184', '12', '11'),
('184', '12', '12'),
('184', '13', '1'),
('184', '13', '2'),
('184', '13', '3'),
('184', '13', '4'),
('184', '13', '5'),
('184', '13', '6'),
('184', '13', '7'),
('184', '13', '8'),
('184', '13', '9'),
('184', '13', '10'),
('184', '13', '11'),
('184', '13', '12'),
('184', '14', '1'),
('184', '14', '2'),
('184', '14', '3'),
('184', '14', '4'),
('184', '14', '5'),
('184', '14', '6'),
('184', '14', '7'),
('184', '14', '8'),
('184', '14', '9'),
('184', '14', '10'),
('184', '14', '11'),
('184', '14', '12'),
('184', '15', '1'),
('184', '15', '2'),
('184', '15', '3'),
('184', '15', '4'),
('184', '15', '5'),
('184', '15', '6'),
('184', '15', '7'),
('184', '15', '8'),
('184', '15', '9'),
('184', '15', '10'),
('184', '15', '11'),
('184', '15', '12'),
('184', '16', '1'),
('184', '16', '2'),
('184', '16', '3'),
('184', '16', '4'),
('184', '16', '5'),
('184', '16', '6'),
('184', '16', '7'),
('184', '16', '8'),
('184', '16', '9'),
('184', '16', '10'),
('184', '16', '11'),
('184', '16', '12'),
('184', '17', '1'),
('184', '17', '2'),
('184', '17', '3'),
('184', '17', '4'),
('184', '17', '5'),
('184', '17', '6'),
('184', '17', '7'),
('184', '17', '8'),
('184', '17', '9'),
('184', '17', '10'),
('184', '17', '11'),
('184', '17', '12'),
('134', '1', '1'),
('134', '1', '2'),
('134', '1', '3'),
('134', '1', '4'),
('134', '1', '5'),
('134', '1', '6'),
('134', '1', '7'),
('134', '1', '8'),
('134', '1', '9'),
('134', '1', '10'),
('134', '1', '11'),
('134', '1', '12'),
('134', '2', '1'),
('134', '2', '2'),
('134', '2', '3'),
('134', '2', '4'),
('134', '2', '5'),
('134', '2', '6'),
('134', '2', '7'),
('134', '2', '8'),
('134', '2', '9'),
('134', '2', '10'),
('134', '2', '11'),
('134', '2', '12'),
('134', '3', '1'),
('134', '3', '2'),
('134', '3', '3'),
('134', '3', '4'),
('134', '3', '5'),
('134', '3', '6'),
('134', '3', '7'),
('134', '3', '8'),
('134', '3', '9'),
('134', '3', '10'),
('134', '3', '11'),
('134', '3', '12'),
('134', '4', '1'),
('134', '4', '2'),
('134', '4', '3'),
('134', '4', '4'),
('134', '4', '5'),
('134', '4', '6'),
('134', '4', '7'),
('134', '4', '8'),
('134', '4', '9'),
('134', '4', '10'),
('134', '4', '11'),
('134', '4', '12'),
('134', '5', '1'),
('134', '5', '2'),
('134', '5', '3'),
('134', '5', '4'),
('134', '5', '5'),
('134', '5', '6'),
('134', '5', '7'),
('134', '5', '8'),
('134', '5', '9'),
('134', '5', '10'),
('134', '5', '11'),
('134', '5', '12'),
('134', '6', '1'),
('134', '6', '2'),
('134', '6', '3'),
('134', '6', '4'),
('134', '6', '5'),
('134', '6', '6'),
('134', '6', '7'),
('134', '6', '8'),
('134', '6', '9'),
('134', '6', '10'),
('134', '6', '11'),
('134', '6', '12'),
('134', '7', '1'),
('134', '7', '2'),
('134', '7', '3'),
('134', '7', '4'),
('134', '7', '5'),
('134', '7', '6'),
('134', '7', '7'),
('134', '7', '8'),
('134', '7', '9'),
('134', '7', '10'),
('134', '7', '11'),
('134', '7', '12'),
('134', '8', '1'),
('134', '8', '2'),
('134', '8', '3'),
('134', '8', '4'),
('134', '8', '5'),
('134', '8', '6'),
('134', '8', '7'),
('134', '8', '8'),
('134', '8', '9'),
('134', '8', '10'),
('134', '8', '11'),
('134', '8', '12'),
('134', '9', '1'),
('134', '9', '2'),
('134', '9', '3'),
('134', '9', '4'),
('134', '9', '5'),
('134', '9', '6'),
('134', '9', '7'),
('134', '9', '8'),
('134', '9', '9'),
('134', '9', '10'),
('134', '9', '11'),
('134', '9', '12'),
('134', '10', '1'),
('134', '10', '2'),
('134', '10', '3'),
('134', '10', '4'),
('134', '10', '5'),
('134', '10', '6'),
('134', '10', '7'),
('134', '10', '8'),
('134', '10', '9'),
('134', '10', '10'),
('134', '10', '11'),
('134', '10', '12'),
('134', '11', '1'),
('134', '11', '2'),
('134', '11', '3'),
('134', '11', '4'),
('134', '11', '5'),
('134', '11', '6'),
('134', '11', '7'),
('134', '11', '8'),
('134', '11', '9'),
('134', '11', '10'),
('134', '11', '11'),
('134', '11', '12'),
('134', '12', '1'),
('134', '12', '2'),
('134', '12', '3'),
('134', '12', '4'),
('134', '12', '5'),
('134', '12', '6'),
('134', '12', '7'),
('134', '12', '8'),
('134', '12', '9'),
('134', '12', '10'),
('134', '12', '11'),
('134', '12', '12'),
('134', '13', '1'),
('134', '13', '2'),
('134', '13', '3'),
('134', '13', '4'),
('134', '13', '5'),
('134', '13', '6'),
('134', '13', '7'),
('134', '13', '8'),
('134', '13', '9'),
('134', '13', '10'),
('134', '13', '11'),
('134', '13', '12'),
('134', '14', '1'),
('134', '14', '2'),
('134', '14', '3'),
('134', '14', '4'),
('134', '14', '5'),
('134', '14', '6'),
('134', '14', '7'),
('134', '14', '8'),
('134', '14', '9'),
('134', '14', '10'),
('134', '14', '11'),
('134', '14', '12'),
('134', '15', '1'),
('134', '15', '2'),
('134', '15', '3'),
('134', '15', '4'),
('134', '15', '5'),
('134', '15', '6'),
('134', '15', '7'),
('134', '15', '8'),
('134', '15', '9'),
('134', '15', '10');
INSERT INTO `mdl_bluehrd_bbl_role` (`content_id`, `company`, `jabatan`) VALUES
('134', '15', '11'),
('134', '15', '12'),
('134', '16', '1'),
('134', '16', '2'),
('134', '16', '3'),
('134', '16', '4'),
('134', '16', '5'),
('134', '16', '6'),
('134', '16', '7'),
('134', '16', '8'),
('134', '16', '9'),
('134', '16', '10'),
('134', '16', '11'),
('134', '16', '12'),
('134', '17', '1'),
('134', '17', '2'),
('134', '17', '3'),
('134', '17', '4'),
('134', '17', '5'),
('134', '17', '6'),
('134', '17', '7'),
('134', '17', '8'),
('134', '17', '9'),
('134', '17', '10'),
('134', '17', '11'),
('134', '17', '12'),
('212', '1', '1'),
('212', '1', '2'),
('212', '1', '3'),
('212', '1', '4'),
('212', '1', '5'),
('212', '1', '6'),
('212', '1', '7'),
('212', '1', '8'),
('212', '1', '9'),
('212', '1', '10'),
('212', '1', '11'),
('212', '1', '12'),
('212', '2', '1'),
('212', '2', '2'),
('212', '2', '3'),
('212', '2', '4'),
('212', '2', '5'),
('212', '2', '6'),
('212', '2', '7'),
('212', '2', '8'),
('212', '2', '9'),
('212', '2', '10'),
('212', '2', '11'),
('212', '2', '12'),
('212', '3', '1'),
('212', '3', '2'),
('212', '3', '3'),
('212', '3', '4'),
('212', '3', '5'),
('212', '3', '6'),
('212', '3', '7'),
('212', '3', '8'),
('212', '3', '9'),
('212', '3', '10'),
('212', '3', '11'),
('212', '3', '12'),
('212', '4', '1'),
('212', '4', '2'),
('212', '4', '3'),
('212', '4', '4'),
('212', '4', '5'),
('212', '4', '6'),
('212', '4', '7'),
('212', '4', '8'),
('212', '4', '9'),
('212', '4', '10'),
('212', '4', '11'),
('212', '4', '12'),
('212', '5', '1'),
('212', '5', '2'),
('212', '5', '3'),
('212', '5', '4'),
('212', '5', '5'),
('212', '5', '6'),
('212', '5', '7'),
('212', '5', '8'),
('212', '5', '9'),
('212', '5', '10'),
('212', '5', '11'),
('212', '5', '12'),
('212', '6', '1'),
('212', '6', '2'),
('212', '6', '3'),
('212', '6', '4'),
('212', '6', '5'),
('212', '6', '6'),
('212', '6', '7'),
('212', '6', '8'),
('212', '6', '9'),
('212', '6', '10'),
('212', '6', '11'),
('212', '6', '12'),
('212', '7', '1'),
('212', '7', '2'),
('212', '7', '3'),
('212', '7', '4'),
('212', '7', '5'),
('212', '7', '6'),
('212', '7', '7'),
('212', '7', '8'),
('212', '7', '9'),
('212', '7', '10'),
('212', '7', '11'),
('212', '7', '12'),
('212', '8', '1'),
('212', '8', '2'),
('212', '8', '3'),
('212', '8', '4'),
('212', '8', '5'),
('212', '8', '6'),
('212', '8', '7'),
('212', '8', '8'),
('212', '8', '9'),
('212', '8', '10'),
('212', '8', '11'),
('212', '8', '12'),
('212', '9', '1'),
('212', '9', '2'),
('212', '9', '3'),
('212', '9', '4'),
('212', '9', '5'),
('212', '9', '6'),
('212', '9', '7'),
('212', '9', '8'),
('212', '9', '9'),
('212', '9', '10'),
('212', '9', '11'),
('212', '9', '12'),
('212', '10', '1'),
('212', '10', '2'),
('212', '10', '3'),
('212', '10', '4'),
('212', '10', '5'),
('212', '10', '6'),
('212', '10', '7'),
('212', '10', '8'),
('212', '10', '9'),
('212', '10', '10'),
('212', '10', '11'),
('212', '10', '12'),
('212', '11', '1'),
('212', '11', '2'),
('212', '11', '3'),
('212', '11', '4'),
('212', '11', '5'),
('212', '11', '6'),
('212', '11', '7'),
('212', '11', '8'),
('212', '11', '9'),
('212', '11', '10'),
('212', '11', '11'),
('212', '11', '12'),
('212', '12', '1'),
('212', '12', '2'),
('212', '12', '3'),
('212', '12', '4'),
('212', '12', '5'),
('212', '12', '6'),
('212', '12', '7'),
('212', '12', '8'),
('212', '12', '9'),
('212', '12', '10'),
('212', '12', '11'),
('212', '12', '12'),
('212', '13', '1'),
('212', '13', '2'),
('212', '13', '3'),
('212', '13', '4'),
('212', '13', '5'),
('212', '13', '6'),
('212', '13', '7'),
('212', '13', '8'),
('212', '13', '9'),
('212', '13', '10'),
('212', '13', '11'),
('212', '13', '12'),
('212', '14', '1'),
('212', '14', '2'),
('212', '14', '3'),
('212', '14', '4'),
('212', '14', '5'),
('212', '14', '6'),
('212', '14', '7'),
('212', '14', '8'),
('212', '14', '9'),
('212', '14', '10'),
('212', '14', '11'),
('212', '14', '12'),
('212', '15', '1'),
('212', '15', '2'),
('212', '15', '3'),
('212', '15', '4'),
('212', '15', '5'),
('212', '15', '6'),
('212', '15', '7'),
('212', '15', '8'),
('212', '15', '9'),
('212', '15', '10'),
('212', '15', '11'),
('212', '15', '12'),
('212', '16', '1'),
('212', '16', '2'),
('212', '16', '3'),
('212', '16', '4'),
('212', '16', '5'),
('212', '16', '6'),
('212', '16', '7'),
('212', '16', '8'),
('212', '16', '9'),
('212', '16', '10'),
('212', '16', '11'),
('212', '16', '12'),
('212', '17', '1'),
('212', '17', '2'),
('212', '17', '3'),
('212', '17', '4'),
('212', '17', '5'),
('212', '17', '6'),
('212', '17', '7'),
('212', '17', '8'),
('212', '17', '9'),
('212', '17', '10'),
('212', '17', '11'),
('212', '17', '12'),
('211', '1', '1'),
('211', '1', '2'),
('211', '1', '3'),
('211', '1', '4'),
('211', '1', '5'),
('211', '1', '6'),
('211', '1', '7'),
('211', '1', '8'),
('211', '1', '9'),
('211', '1', '10'),
('211', '1', '11'),
('211', '1', '12'),
('211', '2', '1'),
('211', '2', '2'),
('211', '2', '3'),
('211', '2', '4'),
('211', '2', '5'),
('211', '2', '6'),
('211', '2', '7'),
('211', '2', '8'),
('211', '2', '9'),
('211', '2', '10'),
('211', '2', '11'),
('211', '2', '12'),
('211', '3', '1'),
('211', '3', '2'),
('211', '3', '3'),
('211', '3', '4'),
('211', '3', '5'),
('211', '3', '6'),
('211', '3', '7'),
('211', '3', '8'),
('211', '3', '9'),
('211', '3', '10'),
('211', '3', '11'),
('211', '3', '12'),
('211', '4', '1'),
('211', '4', '2'),
('211', '4', '3'),
('211', '4', '4'),
('211', '4', '5'),
('211', '4', '6'),
('211', '4', '7'),
('211', '4', '8'),
('211', '4', '9'),
('211', '4', '10'),
('211', '4', '11'),
('211', '4', '12'),
('211', '5', '1'),
('211', '5', '2'),
('211', '5', '3'),
('211', '5', '4'),
('211', '5', '5'),
('211', '5', '6'),
('211', '5', '7'),
('211', '5', '8'),
('211', '5', '9'),
('211', '5', '10'),
('211', '5', '11'),
('211', '5', '12'),
('211', '6', '1'),
('211', '6', '2'),
('211', '6', '3'),
('211', '6', '4'),
('211', '6', '5'),
('211', '6', '6'),
('211', '6', '7'),
('211', '6', '8'),
('211', '6', '9'),
('211', '6', '10'),
('211', '6', '11'),
('211', '6', '12'),
('211', '7', '1'),
('211', '7', '2'),
('211', '7', '3'),
('211', '7', '4'),
('211', '7', '5'),
('211', '7', '6'),
('211', '7', '7'),
('211', '7', '8'),
('211', '7', '9'),
('211', '7', '10'),
('211', '7', '11'),
('211', '7', '12'),
('211', '8', '1'),
('211', '8', '2'),
('211', '8', '3'),
('211', '8', '4'),
('211', '8', '5'),
('211', '8', '6'),
('211', '8', '7'),
('211', '8', '8'),
('211', '8', '9'),
('211', '8', '10'),
('211', '8', '11'),
('211', '8', '12'),
('211', '9', '1'),
('211', '9', '2'),
('211', '9', '3'),
('211', '9', '4'),
('211', '9', '5'),
('211', '9', '6'),
('211', '9', '7'),
('211', '9', '8'),
('211', '9', '9'),
('211', '9', '10'),
('211', '9', '11'),
('211', '9', '12'),
('211', '10', '1'),
('211', '10', '2'),
('211', '10', '3'),
('211', '10', '4'),
('211', '10', '5'),
('211', '10', '6'),
('211', '10', '7'),
('211', '10', '8'),
('211', '10', '9'),
('211', '10', '10'),
('211', '10', '11'),
('211', '10', '12'),
('211', '11', '1'),
('211', '11', '2'),
('211', '11', '3'),
('211', '11', '4'),
('211', '11', '5'),
('211', '11', '6'),
('211', '11', '7'),
('211', '11', '8'),
('211', '11', '9'),
('211', '11', '10'),
('211', '11', '11'),
('211', '11', '12'),
('211', '12', '1'),
('211', '12', '2'),
('211', '12', '3'),
('211', '12', '4'),
('211', '12', '5'),
('211', '12', '6'),
('211', '12', '7'),
('211', '12', '8'),
('211', '12', '9'),
('211', '12', '10'),
('211', '12', '11'),
('211', '12', '12'),
('211', '13', '1'),
('211', '13', '2'),
('211', '13', '3'),
('211', '13', '4'),
('211', '13', '5'),
('211', '13', '6'),
('211', '13', '7'),
('211', '13', '8'),
('211', '13', '9'),
('211', '13', '10'),
('211', '13', '11'),
('211', '13', '12'),
('211', '14', '1'),
('211', '14', '2'),
('211', '14', '3'),
('211', '14', '4'),
('211', '14', '5'),
('211', '14', '6'),
('211', '14', '7'),
('211', '14', '8'),
('211', '14', '9'),
('211', '14', '10'),
('211', '14', '11'),
('211', '14', '12'),
('211', '15', '1'),
('211', '15', '2'),
('211', '15', '3'),
('211', '15', '4'),
('211', '15', '5'),
('211', '15', '6'),
('211', '15', '7'),
('211', '15', '8'),
('211', '15', '9'),
('211', '15', '10'),
('211', '15', '11'),
('211', '15', '12'),
('211', '16', '1'),
('211', '16', '2'),
('211', '16', '3'),
('211', '16', '4'),
('211', '16', '5'),
('211', '16', '6'),
('211', '16', '7'),
('211', '16', '8'),
('211', '16', '9'),
('211', '16', '10'),
('211', '16', '11'),
('211', '16', '12'),
('211', '17', '1'),
('211', '17', '2'),
('211', '17', '3'),
('211', '17', '4'),
('211', '17', '5'),
('211', '17', '6'),
('211', '17', '7'),
('211', '17', '8'),
('211', '17', '9'),
('211', '17', '10'),
('211', '17', '11'),
('211', '17', '12'),
('210', '1', '1'),
('210', '1', '2'),
('210', '1', '3'),
('210', '1', '4'),
('210', '1', '5'),
('210', '1', '6'),
('210', '1', '7'),
('210', '1', '8'),
('210', '1', '9'),
('210', '1', '10'),
('210', '1', '11'),
('210', '1', '12'),
('210', '2', '1'),
('210', '2', '2'),
('210', '2', '3'),
('210', '2', '4'),
('210', '2', '5'),
('210', '2', '6'),
('210', '2', '7'),
('210', '2', '8'),
('210', '2', '9'),
('210', '2', '10'),
('210', '2', '11'),
('210', '2', '12'),
('210', '3', '1'),
('210', '3', '2'),
('210', '3', '3'),
('210', '3', '4'),
('210', '3', '5'),
('210', '3', '6'),
('210', '3', '7'),
('210', '3', '8'),
('210', '3', '9'),
('210', '3', '10'),
('210', '3', '11'),
('210', '3', '12'),
('210', '4', '1'),
('210', '4', '2'),
('210', '4', '3'),
('210', '4', '4'),
('210', '4', '5'),
('210', '4', '6'),
('210', '4', '7'),
('210', '4', '8'),
('210', '4', '9'),
('210', '4', '10'),
('210', '4', '11'),
('210', '4', '12'),
('210', '5', '1'),
('210', '5', '2'),
('210', '5', '3'),
('210', '5', '4'),
('210', '5', '5'),
('210', '5', '6'),
('210', '5', '7'),
('210', '5', '8'),
('210', '5', '9'),
('210', '5', '10'),
('210', '5', '11'),
('210', '5', '12'),
('210', '6', '1'),
('210', '6', '2'),
('210', '6', '3'),
('210', '6', '4'),
('210', '6', '5'),
('210', '6', '6'),
('210', '6', '7'),
('210', '6', '8'),
('210', '6', '9'),
('210', '6', '10'),
('210', '6', '11'),
('210', '6', '12'),
('210', '7', '1'),
('210', '7', '2'),
('210', '7', '3'),
('210', '7', '4'),
('210', '7', '5'),
('210', '7', '6'),
('210', '7', '7'),
('210', '7', '8'),
('210', '7', '9'),
('210', '7', '10'),
('210', '7', '11'),
('210', '7', '12'),
('210', '8', '1'),
('210', '8', '2'),
('210', '8', '3'),
('210', '8', '4'),
('210', '8', '5'),
('210', '8', '6'),
('210', '8', '7'),
('210', '8', '8'),
('210', '8', '9'),
('210', '8', '10'),
('210', '8', '11'),
('210', '8', '12'),
('210', '9', '1'),
('210', '9', '2'),
('210', '9', '3'),
('210', '9', '4'),
('210', '9', '5'),
('210', '9', '6'),
('210', '9', '7'),
('210', '9', '8'),
('210', '9', '9'),
('210', '9', '10'),
('210', '9', '11'),
('210', '9', '12'),
('210', '10', '1'),
('210', '10', '2'),
('210', '10', '3'),
('210', '10', '4'),
('210', '10', '5'),
('210', '10', '6'),
('210', '10', '7'),
('210', '10', '8'),
('210', '10', '9'),
('210', '10', '10'),
('210', '10', '11'),
('210', '10', '12'),
('210', '11', '1'),
('210', '11', '2'),
('210', '11', '3'),
('210', '11', '4'),
('210', '11', '5'),
('210', '11', '6'),
('210', '11', '7'),
('210', '11', '8'),
('210', '11', '9'),
('210', '11', '10'),
('210', '11', '11'),
('210', '11', '12'),
('210', '12', '1'),
('210', '12', '2'),
('210', '12', '3'),
('210', '12', '4'),
('210', '12', '5'),
('210', '12', '6'),
('210', '12', '7'),
('210', '12', '8'),
('210', '12', '9'),
('210', '12', '10'),
('210', '12', '11'),
('210', '12', '12'),
('210', '13', '1'),
('210', '13', '2'),
('210', '13', '3'),
('210', '13', '4'),
('210', '13', '5'),
('210', '13', '6'),
('210', '13', '7'),
('210', '13', '8'),
('210', '13', '9'),
('210', '13', '10'),
('210', '13', '11'),
('210', '13', '12'),
('210', '14', '1'),
('210', '14', '2'),
('210', '14', '3'),
('210', '14', '4'),
('210', '14', '5'),
('210', '14', '6'),
('210', '14', '7'),
('210', '14', '8'),
('210', '14', '9'),
('210', '14', '10'),
('210', '14', '11'),
('210', '14', '12'),
('210', '15', '1'),
('210', '15', '2'),
('210', '15', '3'),
('210', '15', '4'),
('210', '15', '5'),
('210', '15', '6'),
('210', '15', '7'),
('210', '15', '8'),
('210', '15', '9'),
('210', '15', '10'),
('210', '15', '11'),
('210', '15', '12'),
('210', '16', '1'),
('210', '16', '2'),
('210', '16', '3'),
('210', '16', '4'),
('210', '16', '5'),
('210', '16', '6'),
('210', '16', '7'),
('210', '16', '8'),
('210', '16', '9'),
('210', '16', '10'),
('210', '16', '11'),
('210', '16', '12'),
('210', '17', '1'),
('210', '17', '2'),
('210', '17', '3'),
('210', '17', '4'),
('210', '17', '5'),
('210', '17', '6'),
('210', '17', '7'),
('210', '17', '8'),
('210', '17', '9'),
('210', '17', '10'),
('210', '17', '11'),
('210', '17', '12'),
('209', '1', '1'),
('209', '1', '2'),
('209', '1', '3'),
('209', '1', '4'),
('209', '1', '5'),
('209', '1', '6'),
('209', '1', '7'),
('209', '1', '8'),
('209', '1', '9'),
('209', '1', '10'),
('209', '1', '11'),
('209', '1', '12'),
('209', '2', '1'),
('209', '2', '2'),
('209', '2', '3'),
('209', '2', '4'),
('209', '2', '5'),
('209', '2', '6'),
('209', '2', '7'),
('209', '2', '8'),
('209', '2', '9'),
('209', '2', '10'),
('209', '2', '11'),
('209', '2', '12'),
('209', '3', '1'),
('209', '3', '2'),
('209', '3', '3'),
('209', '3', '4'),
('209', '3', '5'),
('209', '3', '6'),
('209', '3', '7'),
('209', '3', '8'),
('209', '3', '9'),
('209', '3', '10'),
('209', '3', '11'),
('209', '3', '12'),
('209', '4', '1'),
('209', '4', '2'),
('209', '4', '3'),
('209', '4', '4'),
('209', '4', '5'),
('209', '4', '6'),
('209', '4', '7'),
('209', '4', '8'),
('209', '4', '9'),
('209', '4', '10'),
('209', '4', '11'),
('209', '4', '12'),
('209', '5', '1'),
('209', '5', '2'),
('209', '5', '3'),
('209', '5', '4'),
('209', '5', '5'),
('209', '5', '6'),
('209', '5', '7'),
('209', '5', '8'),
('209', '5', '9'),
('209', '5', '10'),
('209', '5', '11'),
('209', '5', '12'),
('209', '6', '1'),
('209', '6', '2'),
('209', '6', '3'),
('209', '6', '4'),
('209', '6', '5'),
('209', '6', '6'),
('209', '6', '7'),
('209', '6', '8'),
('209', '6', '9'),
('209', '6', '10'),
('209', '6', '11'),
('209', '6', '12'),
('209', '7', '1'),
('209', '7', '2'),
('209', '7', '3'),
('209', '7', '4'),
('209', '7', '5'),
('209', '7', '6'),
('209', '7', '7'),
('209', '7', '8'),
('209', '7', '9'),
('209', '7', '10'),
('209', '7', '11'),
('209', '7', '12'),
('209', '8', '1'),
('209', '8', '2'),
('209', '8', '3'),
('209', '8', '4'),
('209', '8', '5'),
('209', '8', '6'),
('209', '8', '7'),
('209', '8', '8'),
('209', '8', '9'),
('209', '8', '10'),
('209', '8', '11'),
('209', '8', '12'),
('209', '9', '1'),
('209', '9', '2'),
('209', '9', '3'),
('209', '9', '4'),
('209', '9', '5'),
('209', '9', '6'),
('209', '9', '7'),
('209', '9', '8'),
('209', '9', '9'),
('209', '9', '10'),
('209', '9', '11'),
('209', '9', '12'),
('209', '10', '1'),
('209', '10', '2'),
('209', '10', '3'),
('209', '10', '4'),
('209', '10', '5'),
('209', '10', '6'),
('209', '10', '7'),
('209', '10', '8'),
('209', '10', '9'),
('209', '10', '10'),
('209', '10', '11'),
('209', '10', '12'),
('209', '11', '1'),
('209', '11', '2'),
('209', '11', '3'),
('209', '11', '4'),
('209', '11', '5'),
('209', '11', '6'),
('209', '11', '7'),
('209', '11', '8'),
('209', '11', '9'),
('209', '11', '10'),
('209', '11', '11'),
('209', '11', '12'),
('209', '12', '1'),
('209', '12', '2'),
('209', '12', '3'),
('209', '12', '4'),
('209', '12', '5'),
('209', '12', '6'),
('209', '12', '7'),
('209', '12', '8'),
('209', '12', '9'),
('209', '12', '10'),
('209', '12', '11'),
('209', '12', '12'),
('209', '13', '1'),
('209', '13', '2'),
('209', '13', '3'),
('209', '13', '4'),
('209', '13', '5'),
('209', '13', '6'),
('209', '13', '7'),
('209', '13', '8'),
('209', '13', '9'),
('209', '13', '10'),
('209', '13', '11'),
('209', '13', '12'),
('209', '14', '1'),
('209', '14', '2'),
('209', '14', '3'),
('209', '14', '4'),
('209', '14', '5'),
('209', '14', '6'),
('209', '14', '7'),
('209', '14', '8'),
('209', '14', '9'),
('209', '14', '10'),
('209', '14', '11'),
('209', '14', '12'),
('209', '15', '1'),
('209', '15', '2'),
('209', '15', '3'),
('209', '15', '4'),
('209', '15', '5'),
('209', '15', '6'),
('209', '15', '7'),
('209', '15', '8'),
('209', '15', '9'),
('209', '15', '10'),
('209', '15', '11'),
('209', '15', '12'),
('209', '16', '1'),
('209', '16', '2'),
('209', '16', '3'),
('209', '16', '4'),
('209', '16', '5'),
('209', '16', '6'),
('209', '16', '7'),
('209', '16', '8'),
('209', '16', '9'),
('209', '16', '10'),
('209', '16', '11'),
('209', '16', '12'),
('209', '17', '1'),
('209', '17', '2'),
('209', '17', '3'),
('209', '17', '4'),
('209', '17', '5'),
('209', '17', '6'),
('209', '17', '7'),
('209', '17', '8'),
('209', '17', '9'),
('209', '17', '10'),
('209', '17', '11'),
('209', '17', '12'),
('208', '1', '1'),
('208', '1', '2'),
('208', '1', '3'),
('208', '1', '4'),
('208', '1', '5'),
('208', '1', '6'),
('208', '1', '7'),
('208', '1', '8'),
('208', '1', '9'),
('208', '1', '10'),
('208', '1', '11'),
('208', '1', '12'),
('208', '2', '1'),
('208', '2', '2'),
('208', '2', '3'),
('208', '2', '4'),
('208', '2', '5'),
('208', '2', '6'),
('208', '2', '7'),
('208', '2', '8'),
('208', '2', '9'),
('208', '2', '10'),
('208', '2', '11'),
('208', '2', '12'),
('208', '3', '1'),
('208', '3', '2'),
('208', '3', '3'),
('208', '3', '4'),
('208', '3', '5'),
('208', '3', '6'),
('208', '3', '7'),
('208', '3', '8'),
('208', '3', '9'),
('208', '3', '10'),
('208', '3', '11'),
('208', '3', '12'),
('208', '4', '1'),
('208', '4', '2'),
('208', '4', '3'),
('208', '4', '4'),
('208', '4', '5'),
('208', '4', '6'),
('208', '4', '7'),
('208', '4', '8'),
('208', '4', '9'),
('208', '4', '10'),
('208', '4', '11'),
('208', '4', '12'),
('208', '5', '1'),
('208', '5', '2'),
('208', '5', '3'),
('208', '5', '4'),
('208', '5', '5'),
('208', '5', '6'),
('208', '5', '7'),
('208', '5', '8'),
('208', '5', '9'),
('208', '5', '10'),
('208', '5', '11'),
('208', '5', '12'),
('208', '6', '1'),
('208', '6', '2'),
('208', '6', '3'),
('208', '6', '4'),
('208', '6', '5'),
('208', '6', '6'),
('208', '6', '7'),
('208', '6', '8'),
('208', '6', '9'),
('208', '6', '10'),
('208', '6', '11'),
('208', '6', '12'),
('208', '7', '1'),
('208', '7', '2'),
('208', '7', '3'),
('208', '7', '4'),
('208', '7', '5'),
('208', '7', '6'),
('208', '7', '7'),
('208', '7', '8'),
('208', '7', '9'),
('208', '7', '10'),
('208', '7', '11'),
('208', '7', '12'),
('208', '8', '1'),
('208', '8', '2'),
('208', '8', '3'),
('208', '8', '4'),
('208', '8', '5'),
('208', '8', '6'),
('208', '8', '7'),
('208', '8', '8'),
('208', '8', '9'),
('208', '8', '10'),
('208', '8', '11'),
('208', '8', '12'),
('208', '9', '1'),
('208', '9', '2'),
('208', '9', '3'),
('208', '9', '4'),
('208', '9', '5'),
('208', '9', '6'),
('208', '9', '7'),
('208', '9', '8'),
('208', '9', '9'),
('208', '9', '10'),
('208', '9', '11'),
('208', '9', '12'),
('208', '10', '1'),
('208', '10', '2'),
('208', '10', '3'),
('208', '10', '4'),
('208', '10', '5'),
('208', '10', '6'),
('208', '10', '7'),
('208', '10', '8'),
('208', '10', '9'),
('208', '10', '10'),
('208', '10', '11'),
('208', '10', '12'),
('208', '11', '1'),
('208', '11', '2'),
('208', '11', '3'),
('208', '11', '4'),
('208', '11', '5'),
('208', '11', '6'),
('208', '11', '7'),
('208', '11', '8'),
('208', '11', '9'),
('208', '11', '10'),
('208', '11', '11'),
('208', '11', '12'),
('208', '12', '1'),
('208', '12', '2'),
('208', '12', '3'),
('208', '12', '4'),
('208', '12', '5'),
('208', '12', '6'),
('208', '12', '7'),
('208', '12', '8'),
('208', '12', '9'),
('208', '12', '10'),
('208', '12', '11'),
('208', '12', '12'),
('208', '13', '1'),
('208', '13', '2'),
('208', '13', '3'),
('208', '13', '4'),
('208', '13', '5'),
('208', '13', '6'),
('208', '13', '7'),
('208', '13', '8'),
('208', '13', '9'),
('208', '13', '10'),
('208', '13', '11'),
('208', '13', '12'),
('208', '14', '1'),
('208', '14', '2'),
('208', '14', '3'),
('208', '14', '4'),
('208', '14', '5'),
('208', '14', '6'),
('208', '14', '7'),
('208', '14', '8'),
('208', '14', '9'),
('208', '14', '10'),
('208', '14', '11'),
('208', '14', '12'),
('208', '15', '1'),
('208', '15', '2'),
('208', '15', '3'),
('208', '15', '4'),
('208', '15', '5'),
('208', '15', '6'),
('208', '15', '7'),
('208', '15', '8'),
('208', '15', '9'),
('208', '15', '10'),
('208', '15', '11'),
('208', '15', '12'),
('208', '16', '1'),
('208', '16', '2'),
('208', '16', '3'),
('208', '16', '4'),
('208', '16', '5'),
('208', '16', '6'),
('208', '16', '7'),
('208', '16', '8'),
('208', '16', '9'),
('208', '16', '10'),
('208', '16', '11'),
('208', '16', '12'),
('208', '17', '1'),
('208', '17', '2'),
('208', '17', '3'),
('208', '17', '4'),
('208', '17', '5'),
('208', '17', '6'),
('208', '17', '7'),
('208', '17', '8'),
('208', '17', '9'),
('208', '17', '10'),
('208', '17', '11'),
('208', '17', '12'),
('213', '1', '1'),
('213', '1', '2'),
('213', '1', '3'),
('213', '1', '4'),
('213', '1', '5'),
('213', '1', '6'),
('213', '1', '7'),
('213', '1', '8'),
('213', '1', '9'),
('213', '1', '10'),
('213', '1', '11'),
('213', '1', '12'),
('213', '2', '1'),
('213', '2', '2'),
('213', '2', '3'),
('213', '2', '4'),
('213', '2', '5'),
('213', '2', '6'),
('213', '2', '7'),
('213', '2', '8'),
('213', '2', '9'),
('213', '2', '10'),
('213', '2', '11'),
('213', '2', '12'),
('213', '3', '1'),
('213', '3', '2'),
('213', '3', '3'),
('213', '3', '4'),
('213', '3', '5'),
('213', '3', '6'),
('213', '3', '7'),
('213', '3', '8'),
('213', '3', '9'),
('213', '3', '10'),
('213', '3', '11'),
('213', '3', '12'),
('213', '4', '1'),
('213', '4', '2'),
('213', '4', '3'),
('213', '4', '4'),
('213', '4', '5'),
('213', '4', '6'),
('213', '4', '7'),
('213', '4', '8'),
('213', '4', '9'),
('213', '4', '10'),
('213', '4', '11'),
('213', '4', '12'),
('213', '5', '1'),
('213', '5', '2'),
('213', '5', '3'),
('213', '5', '4'),
('213', '5', '5'),
('213', '5', '6'),
('213', '5', '7'),
('213', '5', '8'),
('213', '5', '9'),
('213', '5', '10'),
('213', '5', '11'),
('213', '5', '12'),
('213', '6', '1'),
('213', '6', '2'),
('213', '6', '3'),
('213', '6', '4'),
('213', '6', '5'),
('213', '6', '6'),
('213', '6', '7'),
('213', '6', '8'),
('213', '6', '9'),
('213', '6', '10'),
('213', '6', '11'),
('213', '6', '12'),
('213', '7', '1'),
('213', '7', '2'),
('213', '7', '3'),
('213', '7', '4'),
('213', '7', '5'),
('213', '7', '6'),
('213', '7', '7'),
('213', '7', '8'),
('213', '7', '9'),
('213', '7', '10'),
('213', '7', '11'),
('213', '7', '12'),
('213', '8', '1'),
('213', '8', '2'),
('213', '8', '3'),
('213', '8', '4'),
('213', '8', '5'),
('213', '8', '6'),
('213', '8', '7'),
('213', '8', '8'),
('213', '8', '9'),
('213', '8', '10'),
('213', '8', '11'),
('213', '8', '12'),
('213', '9', '1'),
('213', '9', '2'),
('213', '9', '3'),
('213', '9', '4'),
('213', '9', '5'),
('213', '9', '6'),
('213', '9', '7'),
('213', '9', '8'),
('213', '9', '9'),
('213', '9', '10'),
('213', '9', '11'),
('213', '9', '12'),
('213', '10', '1'),
('213', '10', '2'),
('213', '10', '3'),
('213', '10', '4'),
('213', '10', '5'),
('213', '10', '6'),
('213', '10', '7'),
('213', '10', '8'),
('213', '10', '9'),
('213', '10', '10'),
('213', '10', '11'),
('213', '10', '12'),
('213', '11', '1'),
('213', '11', '2'),
('213', '11', '3'),
('213', '11', '4'),
('213', '11', '5'),
('213', '11', '6'),
('213', '11', '7'),
('213', '11', '8'),
('213', '11', '9'),
('213', '11', '10'),
('213', '11', '11'),
('213', '11', '12'),
('213', '12', '1'),
('213', '12', '2'),
('213', '12', '3'),
('213', '12', '4'),
('213', '12', '5'),
('213', '12', '6'),
('213', '12', '7'),
('213', '12', '8'),
('213', '12', '9'),
('213', '12', '10'),
('213', '12', '11'),
('213', '12', '12'),
('213', '13', '1'),
('213', '13', '2'),
('213', '13', '3'),
('213', '13', '4'),
('213', '13', '5'),
('213', '13', '6'),
('213', '13', '7'),
('213', '13', '8'),
('213', '13', '9'),
('213', '13', '10'),
('213', '13', '11'),
('213', '13', '12'),
('213', '14', '1'),
('213', '14', '2'),
('213', '14', '3'),
('213', '14', '4'),
('213', '14', '5'),
('213', '14', '6'),
('213', '14', '7'),
('213', '14', '8'),
('213', '14', '9'),
('213', '14', '10'),
('213', '14', '11'),
('213', '14', '12'),
('213', '15', '1'),
('213', '15', '2'),
('213', '15', '3'),
('213', '15', '4'),
('213', '15', '5'),
('213', '15', '6'),
('213', '15', '7'),
('213', '15', '8'),
('213', '15', '9'),
('213', '15', '10'),
('213', '15', '11'),
('213', '15', '12'),
('213', '16', '1'),
('213', '16', '2'),
('213', '16', '3'),
('213', '16', '4'),
('213', '16', '5'),
('213', '16', '6'),
('213', '16', '7'),
('213', '16', '8'),
('213', '16', '9'),
('213', '16', '10'),
('213', '16', '11'),
('213', '16', '12'),
('213', '17', '1'),
('213', '17', '2'),
('213', '17', '3'),
('213', '17', '4'),
('213', '17', '5'),
('213', '17', '6'),
('213', '17', '7'),
('213', '17', '8'),
('213', '17', '9'),
('213', '17', '10'),
('213', '17', '11'),
('213', '17', '12'),
('202', '1', '1'),
('202', '1', '2'),
('202', '1', '3'),
('202', '1', '4'),
('202', '1', '5'),
('202', '1', '6'),
('202', '1', '7'),
('202', '1', '8'),
('202', '1', '9'),
('202', '1', '10'),
('202', '1', '11'),
('202', '1', '12'),
('202', '2', '1'),
('202', '2', '2'),
('202', '2', '3'),
('202', '2', '4'),
('202', '2', '5'),
('202', '2', '6'),
('202', '2', '7'),
('202', '2', '8'),
('202', '2', '9'),
('202', '2', '10'),
('202', '2', '11'),
('202', '2', '12'),
('202', '3', '1'),
('202', '3', '2'),
('202', '3', '3'),
('202', '3', '4'),
('202', '3', '5'),
('202', '3', '6'),
('202', '3', '7'),
('202', '3', '8'),
('202', '3', '9'),
('202', '3', '10'),
('202', '3', '11'),
('202', '3', '12'),
('202', '4', '1'),
('202', '4', '2'),
('202', '4', '3'),
('202', '4', '4'),
('202', '4', '5'),
('202', '4', '6'),
('202', '4', '7'),
('202', '4', '8'),
('202', '4', '9'),
('202', '4', '10'),
('202', '4', '11'),
('202', '4', '12'),
('202', '5', '1'),
('202', '5', '2'),
('202', '5', '3'),
('202', '5', '4'),
('202', '5', '5'),
('202', '5', '6'),
('202', '5', '7'),
('202', '5', '8'),
('202', '5', '9'),
('202', '5', '10'),
('202', '5', '11'),
('202', '5', '12'),
('202', '6', '1'),
('202', '6', '2'),
('202', '6', '3'),
('202', '6', '4'),
('202', '6', '5'),
('202', '6', '6'),
('202', '6', '7'),
('202', '6', '8'),
('202', '6', '9'),
('202', '6', '10'),
('202', '6', '11'),
('202', '6', '12'),
('202', '7', '1'),
('202', '7', '2'),
('202', '7', '3'),
('202', '7', '4'),
('202', '7', '5'),
('202', '7', '6'),
('202', '7', '7'),
('202', '7', '8'),
('202', '7', '9'),
('202', '7', '10'),
('202', '7', '11'),
('202', '7', '12'),
('202', '8', '1'),
('202', '8', '2'),
('202', '8', '3'),
('202', '8', '4'),
('202', '8', '5'),
('202', '8', '6'),
('202', '8', '7'),
('202', '8', '8'),
('202', '8', '9'),
('202', '8', '10'),
('202', '8', '11'),
('202', '8', '12'),
('202', '9', '1'),
('202', '9', '2'),
('202', '9', '3'),
('202', '9', '4'),
('202', '9', '5'),
('202', '9', '6'),
('202', '9', '7'),
('202', '9', '8'),
('202', '9', '9'),
('202', '9', '10'),
('202', '9', '11'),
('202', '9', '12'),
('202', '10', '1'),
('202', '10', '2'),
('202', '10', '3'),
('202', '10', '4'),
('202', '10', '5'),
('202', '10', '6'),
('202', '10', '7'),
('202', '10', '8'),
('202', '10', '9'),
('202', '10', '10'),
('202', '10', '11'),
('202', '10', '12'),
('202', '11', '1'),
('202', '11', '2'),
('202', '11', '3'),
('202', '11', '4'),
('202', '11', '5'),
('202', '11', '6'),
('202', '11', '7'),
('202', '11', '8'),
('202', '11', '9'),
('202', '11', '10'),
('202', '11', '11'),
('202', '11', '12'),
('202', '12', '1'),
('202', '12', '2'),
('202', '12', '3'),
('202', '12', '4'),
('202', '12', '5'),
('202', '12', '6'),
('202', '12', '7'),
('202', '12', '8'),
('202', '12', '9'),
('202', '12', '10'),
('202', '12', '11'),
('202', '12', '12'),
('202', '13', '1'),
('202', '13', '2'),
('202', '13', '3'),
('202', '13', '4'),
('202', '13', '5'),
('202', '13', '6'),
('202', '13', '7'),
('202', '13', '8'),
('202', '13', '9'),
('202', '13', '10'),
('202', '13', '11'),
('202', '13', '12'),
('202', '14', '1'),
('202', '14', '2'),
('202', '14', '3'),
('202', '14', '4'),
('202', '14', '5'),
('202', '14', '6'),
('202', '14', '7'),
('202', '14', '8'),
('202', '14', '9'),
('202', '14', '10'),
('202', '14', '11'),
('202', '14', '12'),
('202', '15', '1'),
('202', '15', '2'),
('202', '15', '3'),
('202', '15', '4'),
('202', '15', '5'),
('202', '15', '6'),
('202', '15', '7'),
('202', '15', '8'),
('202', '15', '9'),
('202', '15', '10'),
('202', '15', '11'),
('202', '15', '12'),
('202', '16', '1'),
('202', '16', '2'),
('202', '16', '3'),
('202', '16', '4'),
('202', '16', '5'),
('202', '16', '6'),
('202', '16', '7'),
('202', '16', '8'),
('202', '16', '9'),
('202', '16', '10'),
('202', '16', '11'),
('202', '16', '12'),
('202', '17', '1'),
('202', '17', '2'),
('202', '17', '3'),
('202', '17', '4'),
('202', '17', '5'),
('202', '17', '6'),
('202', '17', '7'),
('202', '17', '8'),
('202', '17', '9'),
('202', '17', '10'),
('202', '17', '11'),
('202', '17', '12'),
('178', '1', '1'),
('178', '1', '2'),
('178', '1', '3'),
('178', '1', '4'),
('178', '1', '5'),
('178', '1', '6'),
('178', '1', '7'),
('178', '1', '8'),
('178', '1', '9'),
('178', '1', '10'),
('178', '1', '11'),
('178', '1', '12'),
('178', '2', '1'),
('178', '2', '2'),
('178', '2', '3'),
('178', '2', '4'),
('178', '2', '5'),
('178', '2', '6'),
('178', '2', '7'),
('178', '2', '8'),
('178', '2', '9'),
('178', '2', '10'),
('178', '2', '11'),
('178', '2', '12'),
('178', '3', '1'),
('178', '3', '2'),
('178', '3', '3'),
('178', '3', '4'),
('178', '3', '5'),
('178', '3', '6'),
('178', '3', '7'),
('178', '3', '8'),
('178', '3', '9'),
('178', '3', '10'),
('178', '3', '11'),
('178', '3', '12'),
('178', '4', '1'),
('178', '4', '2'),
('178', '4', '3'),
('178', '4', '4'),
('178', '4', '5'),
('178', '4', '6'),
('178', '4', '7'),
('178', '4', '8'),
('178', '4', '9'),
('178', '4', '10'),
('178', '4', '11'),
('178', '4', '12'),
('178', '5', '1'),
('178', '5', '2'),
('178', '5', '3'),
('178', '5', '4'),
('178', '5', '5'),
('178', '5', '6'),
('178', '5', '7'),
('178', '5', '8'),
('178', '5', '9'),
('178', '5', '10'),
('178', '5', '11'),
('178', '5', '12'),
('178', '6', '1'),
('178', '6', '2'),
('178', '6', '3'),
('178', '6', '4'),
('178', '6', '5'),
('178', '6', '6'),
('178', '6', '7'),
('178', '6', '8'),
('178', '6', '9'),
('178', '6', '10'),
('178', '6', '11'),
('178', '6', '12'),
('178', '7', '1'),
('178', '7', '2'),
('178', '7', '3'),
('178', '7', '4'),
('178', '7', '5'),
('178', '7', '6'),
('178', '7', '7'),
('178', '7', '8'),
('178', '7', '9'),
('178', '7', '10'),
('178', '7', '11'),
('178', '7', '12'),
('178', '8', '1'),
('178', '8', '2'),
('178', '8', '3'),
('178', '8', '4'),
('178', '8', '5'),
('178', '8', '6'),
('178', '8', '7'),
('178', '8', '8'),
('178', '8', '9'),
('178', '8', '10'),
('178', '8', '11'),
('178', '8', '12'),
('178', '9', '1'),
('178', '9', '2'),
('178', '9', '3'),
('178', '9', '4'),
('178', '9', '5'),
('178', '9', '6'),
('178', '9', '7'),
('178', '9', '8'),
('178', '9', '9'),
('178', '9', '10'),
('178', '9', '11'),
('178', '9', '12'),
('178', '10', '1'),
('178', '10', '2'),
('178', '10', '3'),
('178', '10', '4'),
('178', '10', '5'),
('178', '10', '6'),
('178', '10', '7'),
('178', '10', '8'),
('178', '10', '9'),
('178', '10', '10'),
('178', '10', '11'),
('178', '10', '12'),
('178', '11', '1'),
('178', '11', '2'),
('178', '11', '3'),
('178', '11', '4'),
('178', '11', '5'),
('178', '11', '6'),
('178', '11', '7'),
('178', '11', '8'),
('178', '11', '9'),
('178', '11', '10'),
('178', '11', '11'),
('178', '11', '12'),
('178', '12', '1'),
('178', '12', '2'),
('178', '12', '3'),
('178', '12', '4'),
('178', '12', '5'),
('178', '12', '6'),
('178', '12', '7'),
('178', '12', '8'),
('178', '12', '9'),
('178', '12', '10'),
('178', '12', '11'),
('178', '12', '12'),
('178', '13', '1'),
('178', '13', '2'),
('178', '13', '3'),
('178', '13', '4'),
('178', '13', '5'),
('178', '13', '6'),
('178', '13', '7'),
('178', '13', '8'),
('178', '13', '9'),
('178', '13', '10'),
('178', '13', '11'),
('178', '13', '12'),
('178', '14', '1'),
('178', '14', '2'),
('178', '14', '3'),
('178', '14', '4'),
('178', '14', '5'),
('178', '14', '6'),
('178', '14', '7'),
('178', '14', '8'),
('178', '14', '9'),
('178', '14', '10'),
('178', '14', '11'),
('178', '14', '12'),
('178', '15', '1'),
('178', '15', '2'),
('178', '15', '3'),
('178', '15', '4'),
('178', '15', '5'),
('178', '15', '6'),
('178', '15', '7'),
('178', '15', '8'),
('178', '15', '9'),
('178', '15', '10'),
('178', '15', '11'),
('178', '15', '12'),
('178', '16', '1'),
('178', '16', '2'),
('178', '16', '3'),
('178', '16', '4'),
('178', '16', '5'),
('178', '16', '6'),
('178', '16', '7'),
('178', '16', '8'),
('178', '16', '9'),
('178', '16', '10'),
('178', '16', '11'),
('178', '16', '12'),
('178', '17', '1'),
('178', '17', '2'),
('178', '17', '3'),
('178', '17', '4'),
('178', '17', '5'),
('178', '17', '6'),
('178', '17', '7'),
('178', '17', '8'),
('178', '17', '9'),
('178', '17', '10'),
('178', '17', '11'),
('178', '17', '12'),
('175', '1', '1'),
('175', '1', '2'),
('175', '1', '3'),
('175', '1', '4'),
('175', '1', '5'),
('175', '1', '6'),
('175', '1', '7'),
('175', '1', '8'),
('175', '1', '9'),
('175', '1', '10'),
('175', '1', '11'),
('175', '1', '12'),
('175', '2', '1'),
('175', '2', '2'),
('175', '2', '3'),
('175', '2', '4'),
('175', '2', '5'),
('175', '2', '6'),
('175', '2', '7'),
('175', '2', '8'),
('175', '2', '9'),
('175', '2', '10'),
('175', '2', '11'),
('175', '2', '12'),
('175', '3', '1'),
('175', '3', '2'),
('175', '3', '3'),
('175', '3', '4'),
('175', '3', '5'),
('175', '3', '6'),
('175', '3', '7'),
('175', '3', '8'),
('175', '3', '9'),
('175', '3', '10'),
('175', '3', '11'),
('175', '3', '12'),
('175', '4', '1'),
('175', '4', '2'),
('175', '4', '3'),
('175', '4', '4'),
('175', '4', '5'),
('175', '4', '6'),
('175', '4', '7'),
('175', '4', '8'),
('175', '4', '9'),
('175', '4', '10'),
('175', '4', '11'),
('175', '4', '12'),
('175', '5', '1'),
('175', '5', '2'),
('175', '5', '3'),
('175', '5', '4'),
('175', '5', '5'),
('175', '5', '6'),
('175', '5', '7'),
('175', '5', '8'),
('175', '5', '9'),
('175', '5', '10'),
('175', '5', '11'),
('175', '5', '12'),
('175', '6', '1'),
('175', '6', '2'),
('175', '6', '3'),
('175', '6', '4'),
('175', '6', '5'),
('175', '6', '6'),
('175', '6', '7'),
('175', '6', '8'),
('175', '6', '9'),
('175', '6', '10'),
('175', '6', '11'),
('175', '6', '12'),
('175', '7', '1'),
('175', '7', '2'),
('175', '7', '3'),
('175', '7', '4'),
('175', '7', '5'),
('175', '7', '6'),
('175', '7', '7'),
('175', '7', '8'),
('175', '7', '9'),
('175', '7', '10'),
('175', '7', '11'),
('175', '7', '12'),
('175', '8', '1'),
('175', '8', '2'),
('175', '8', '3'),
('175', '8', '4'),
('175', '8', '5'),
('175', '8', '6'),
('175', '8', '7'),
('175', '8', '8'),
('175', '8', '9'),
('175', '8', '10'),
('175', '8', '11'),
('175', '8', '12'),
('175', '9', '1'),
('175', '9', '2'),
('175', '9', '3'),
('175', '9', '4'),
('175', '9', '5'),
('175', '9', '6'),
('175', '9', '7'),
('175', '9', '8'),
('175', '9', '9'),
('175', '9', '10'),
('175', '9', '11'),
('175', '9', '12'),
('175', '10', '1'),
('175', '10', '2'),
('175', '10', '3'),
('175', '10', '4'),
('175', '10', '5'),
('175', '10', '6'),
('175', '10', '7'),
('175', '10', '8'),
('175', '10', '9'),
('175', '10', '10'),
('175', '10', '11'),
('175', '10', '12'),
('175', '11', '1'),
('175', '11', '2'),
('175', '11', '3'),
('175', '11', '4'),
('175', '11', '5'),
('175', '11', '6'),
('175', '11', '7'),
('175', '11', '8'),
('175', '11', '9'),
('175', '11', '10'),
('175', '11', '11'),
('175', '11', '12'),
('175', '12', '1'),
('175', '12', '2'),
('175', '12', '3'),
('175', '12', '4'),
('175', '12', '5'),
('175', '12', '6'),
('175', '12', '7'),
('175', '12', '8'),
('175', '12', '9'),
('175', '12', '10'),
('175', '12', '11'),
('175', '12', '12'),
('175', '13', '1'),
('175', '13', '2'),
('175', '13', '3'),
('175', '13', '4'),
('175', '13', '5'),
('175', '13', '6'),
('175', '13', '7'),
('175', '13', '8'),
('175', '13', '9'),
('175', '13', '10'),
('175', '13', '11'),
('175', '13', '12'),
('175', '14', '1'),
('175', '14', '2'),
('175', '14', '3'),
('175', '14', '4'),
('175', '14', '5'),
('175', '14', '6'),
('175', '14', '7'),
('175', '14', '8'),
('175', '14', '9'),
('175', '14', '10'),
('175', '14', '11'),
('175', '14', '12'),
('175', '15', '1'),
('175', '15', '2'),
('175', '15', '3'),
('175', '15', '4'),
('175', '15', '5'),
('175', '15', '6'),
('175', '15', '7'),
('175', '15', '8'),
('175', '15', '9'),
('175', '15', '10'),
('175', '15', '11'),
('175', '15', '12'),
('175', '16', '1'),
('175', '16', '2'),
('175', '16', '3'),
('175', '16', '4'),
('175', '16', '5'),
('175', '16', '6'),
('175', '16', '7'),
('175', '16', '8'),
('175', '16', '9'),
('175', '16', '10'),
('175', '16', '11'),
('175', '16', '12'),
('175', '17', '1'),
('175', '17', '2'),
('175', '17', '3'),
('175', '17', '4'),
('175', '17', '5'),
('175', '17', '6'),
('175', '17', '7'),
('175', '17', '8'),
('175', '17', '9'),
('175', '17', '10'),
('175', '17', '11'),
('175', '17', '12'),
('170', '1', '1'),
('170', '1', '2'),
('170', '1', '3'),
('170', '1', '4'),
('170', '1', '5'),
('170', '1', '6'),
('170', '1', '7'),
('170', '1', '8'),
('170', '1', '9'),
('170', '1', '10'),
('170', '1', '11'),
('170', '1', '12'),
('170', '2', '1'),
('170', '2', '2'),
('170', '2', '3'),
('170', '2', '4'),
('170', '2', '5'),
('170', '2', '6'),
('170', '2', '7'),
('170', '2', '8'),
('170', '2', '9'),
('170', '2', '10'),
('170', '2', '11'),
('170', '2', '12'),
('170', '3', '1'),
('170', '3', '2'),
('170', '3', '3'),
('170', '3', '4'),
('170', '3', '5'),
('170', '3', '6'),
('170', '3', '7'),
('170', '3', '8'),
('170', '3', '9'),
('170', '3', '10'),
('170', '3', '11'),
('170', '3', '12'),
('170', '4', '1'),
('170', '4', '2'),
('170', '4', '3'),
('170', '4', '4'),
('170', '4', '5'),
('170', '4', '6'),
('170', '4', '7'),
('170', '4', '8'),
('170', '4', '9'),
('170', '4', '10'),
('170', '4', '11'),
('170', '4', '12'),
('170', '5', '1'),
('170', '5', '2'),
('170', '5', '3'),
('170', '5', '4'),
('170', '5', '5'),
('170', '5', '6'),
('170', '5', '7'),
('170', '5', '8'),
('170', '5', '9'),
('170', '5', '10'),
('170', '5', '11'),
('170', '5', '12'),
('170', '6', '1'),
('170', '6', '2'),
('170', '6', '3'),
('170', '6', '4'),
('170', '6', '5'),
('170', '6', '6'),
('170', '6', '7'),
('170', '6', '8'),
('170', '6', '9'),
('170', '6', '10'),
('170', '6', '11'),
('170', '6', '12'),
('170', '7', '1'),
('170', '7', '2'),
('170', '7', '3'),
('170', '7', '4'),
('170', '7', '5'),
('170', '7', '6'),
('170', '7', '7'),
('170', '7', '8'),
('170', '7', '9'),
('170', '7', '10'),
('170', '7', '11'),
('170', '7', '12'),
('170', '8', '1'),
('170', '8', '2'),
('170', '8', '3'),
('170', '8', '4'),
('170', '8', '5'),
('170', '8', '6'),
('170', '8', '7'),
('170', '8', '8'),
('170', '8', '9'),
('170', '8', '10'),
('170', '8', '11'),
('170', '8', '12'),
('170', '9', '1'),
('170', '9', '2'),
('170', '9', '3'),
('170', '9', '4'),
('170', '9', '5'),
('170', '9', '6'),
('170', '9', '7'),
('170', '9', '8'),
('170', '9', '9'),
('170', '9', '10'),
('170', '9', '11'),
('170', '9', '12'),
('170', '10', '1'),
('170', '10', '2'),
('170', '10', '3'),
('170', '10', '4'),
('170', '10', '5'),
('170', '10', '6'),
('170', '10', '7'),
('170', '10', '8'),
('170', '10', '9'),
('170', '10', '10'),
('170', '10', '11'),
('170', '10', '12'),
('170', '11', '1'),
('170', '11', '2'),
('170', '11', '3'),
('170', '11', '4'),
('170', '11', '5'),
('170', '11', '6'),
('170', '11', '7'),
('170', '11', '8'),
('170', '11', '9'),
('170', '11', '10'),
('170', '11', '11'),
('170', '11', '12'),
('170', '12', '1'),
('170', '12', '2'),
('170', '12', '3'),
('170', '12', '4'),
('170', '12', '5'),
('170', '12', '6'),
('170', '12', '7'),
('170', '12', '8'),
('170', '12', '9'),
('170', '12', '10'),
('170', '12', '11'),
('170', '12', '12'),
('170', '13', '1'),
('170', '13', '2'),
('170', '13', '3'),
('170', '13', '4'),
('170', '13', '5'),
('170', '13', '6'),
('170', '13', '7'),
('170', '13', '8'),
('170', '13', '9'),
('170', '13', '10'),
('170', '13', '11'),
('170', '13', '12'),
('170', '14', '1'),
('170', '14', '2'),
('170', '14', '3'),
('170', '14', '4'),
('170', '14', '5'),
('170', '14', '6'),
('170', '14', '7'),
('170', '14', '8'),
('170', '14', '9'),
('170', '14', '10'),
('170', '14', '11'),
('170', '14', '12'),
('170', '15', '1'),
('170', '15', '2'),
('170', '15', '3'),
('170', '15', '4'),
('170', '15', '5'),
('170', '15', '6'),
('170', '15', '7'),
('170', '15', '8'),
('170', '15', '9'),
('170', '15', '10'),
('170', '15', '11'),
('170', '15', '12'),
('170', '16', '1'),
('170', '16', '2'),
('170', '16', '3'),
('170', '16', '4'),
('170', '16', '5'),
('170', '16', '6'),
('170', '16', '7'),
('170', '16', '8'),
('170', '16', '9'),
('170', '16', '10'),
('170', '16', '11'),
('170', '16', '12'),
('170', '17', '1'),
('170', '17', '2'),
('170', '17', '3'),
('170', '17', '4'),
('170', '17', '5'),
('170', '17', '6'),
('170', '17', '7'),
('170', '17', '8'),
('170', '17', '9'),
('170', '17', '10'),
('170', '17', '11'),
('170', '17', '12'),
('169', '1', '1'),
('169', '1', '2'),
('169', '1', '3'),
('169', '1', '4'),
('169', '1', '5'),
('169', '1', '6'),
('169', '1', '7'),
('169', '1', '8'),
('169', '1', '9'),
('169', '1', '10'),
('169', '1', '11'),
('169', '1', '12'),
('169', '2', '1'),
('169', '2', '2'),
('169', '2', '3'),
('169', '2', '4'),
('169', '2', '5'),
('169', '2', '6'),
('169', '2', '7'),
('169', '2', '8'),
('169', '2', '9'),
('169', '2', '10'),
('169', '2', '11'),
('169', '2', '12'),
('169', '3', '1'),
('169', '3', '2'),
('169', '3', '3'),
('169', '3', '4'),
('169', '3', '5'),
('169', '3', '6'),
('169', '3', '7'),
('169', '3', '8'),
('169', '3', '9'),
('169', '3', '10'),
('169', '3', '11'),
('169', '3', '12'),
('169', '4', '1'),
('169', '4', '2'),
('169', '4', '3'),
('169', '4', '4'),
('169', '4', '5'),
('169', '4', '6'),
('169', '4', '7'),
('169', '4', '8'),
('169', '4', '9'),
('169', '4', '10'),
('169', '4', '11'),
('169', '4', '12'),
('169', '5', '1'),
('169', '5', '2'),
('169', '5', '3'),
('169', '5', '4'),
('169', '5', '5'),
('169', '5', '6'),
('169', '5', '7'),
('169', '5', '8'),
('169', '5', '9'),
('169', '5', '10'),
('169', '5', '11'),
('169', '5', '12'),
('169', '6', '1'),
('169', '6', '2'),
('169', '6', '3'),
('169', '6', '4'),
('169', '6', '5'),
('169', '6', '6'),
('169', '6', '7'),
('169', '6', '8'),
('169', '6', '9'),
('169', '6', '10'),
('169', '6', '11'),
('169', '6', '12'),
('169', '7', '1'),
('169', '7', '2'),
('169', '7', '3'),
('169', '7', '4'),
('169', '7', '5'),
('169', '7', '6'),
('169', '7', '7'),
('169', '7', '8'),
('169', '7', '9'),
('169', '7', '10'),
('169', '7', '11'),
('169', '7', '12'),
('169', '8', '1'),
('169', '8', '2'),
('169', '8', '3'),
('169', '8', '4'),
('169', '8', '5'),
('169', '8', '6'),
('169', '8', '7'),
('169', '8', '8'),
('169', '8', '9'),
('169', '8', '10'),
('169', '8', '11'),
('169', '8', '12'),
('169', '9', '1'),
('169', '9', '2'),
('169', '9', '3'),
('169', '9', '4'),
('169', '9', '5'),
('169', '9', '6'),
('169', '9', '7'),
('169', '9', '8'),
('169', '9', '9'),
('169', '9', '10'),
('169', '9', '11'),
('169', '9', '12'),
('169', '10', '1'),
('169', '10', '2'),
('169', '10', '3'),
('169', '10', '4'),
('169', '10', '5'),
('169', '10', '6'),
('169', '10', '7'),
('169', '10', '8'),
('169', '10', '9'),
('169', '10', '10'),
('169', '10', '11'),
('169', '10', '12'),
('169', '11', '1'),
('169', '11', '2'),
('169', '11', '3'),
('169', '11', '4'),
('169', '11', '5'),
('169', '11', '6'),
('169', '11', '7'),
('169', '11', '8'),
('169', '11', '9'),
('169', '11', '10'),
('169', '11', '11'),
('169', '11', '12'),
('169', '12', '1'),
('169', '12', '2'),
('169', '12', '3'),
('169', '12', '4'),
('169', '12', '5'),
('169', '12', '6'),
('169', '12', '7'),
('169', '12', '8'),
('169', '12', '9'),
('169', '12', '10'),
('169', '12', '11'),
('169', '12', '12'),
('169', '13', '1'),
('169', '13', '2'),
('169', '13', '3'),
('169', '13', '4'),
('169', '13', '5'),
('169', '13', '6'),
('169', '13', '7'),
('169', '13', '8'),
('169', '13', '9'),
('169', '13', '10'),
('169', '13', '11'),
('169', '13', '12'),
('169', '14', '1'),
('169', '14', '2'),
('169', '14', '3'),
('169', '14', '4'),
('169', '14', '5'),
('169', '14', '6'),
('169', '14', '7'),
('169', '14', '8'),
('169', '14', '9'),
('169', '14', '10'),
('169', '14', '11'),
('169', '14', '12'),
('169', '15', '1'),
('169', '15', '2'),
('169', '15', '3'),
('169', '15', '4'),
('169', '15', '5'),
('169', '15', '6'),
('169', '15', '7'),
('169', '15', '8'),
('169', '15', '9'),
('169', '15', '10'),
('169', '15', '11'),
('169', '15', '12'),
('169', '16', '1'),
('169', '16', '2'),
('169', '16', '3'),
('169', '16', '4'),
('169', '16', '5'),
('169', '16', '6'),
('169', '16', '7'),
('169', '16', '8'),
('169', '16', '9'),
('169', '16', '10'),
('169', '16', '11'),
('169', '16', '12'),
('169', '17', '1'),
('169', '17', '2'),
('169', '17', '3'),
('169', '17', '4'),
('169', '17', '5'),
('169', '17', '6'),
('169', '17', '7'),
('169', '17', '8'),
('169', '17', '9'),
('169', '17', '10'),
('169', '17', '11'),
('169', '17', '12'),
('214', '1', '1'),
('214', '1', '2'),
('214', '1', '3'),
('214', '1', '4'),
('214', '1', '5'),
('214', '1', '6'),
('214', '2', '1'),
('214', '2', '2'),
('214', '2', '3'),
('214', '2', '4'),
('214', '2', '5'),
('214', '2', '6'),
('214', '3', '1'),
('214', '3', '2'),
('214', '3', '3'),
('214', '3', '4'),
('214', '3', '5'),
('214', '3', '6');

-- --------------------------------------------------------

--
-- Table structure for table `mdl_company`
--

CREATE TABLE `mdl_company` (
  `company_id` int(3) NOT NULL,
  `company` varchar(64) NOT NULL
) ENGINE=InnoDB DEFAULT CHARSET=latin1;

--
-- Dumping data for table `mdl_company`
--

INSERT INTO `mdl_company` (`company_id`, `company`) VALUES
(1, 'Inconis Nusa Jaya');

-- --------------------------------------------------------

--
-- Table structure for table `mdl_content`
--

CREATE TABLE `mdl_content` (
  `POST_ID` int(5) NOT NULL,
  `POST_TITLE` varchar(128) NOT NULL,
  `POST_URI` varchar(128) NOT NULL,
  `POST_TITLE_SHORT` text NOT NULL,
  `POST_DESCRIPTION` text NOT NULL,
  `POST_FEATURE_IMAGE` text NOT NULL,
  `POST_FILE_TYPE` varchar(100) DEFAULT NULL,
  `POST_FILE_EXTENSION` varchar(100) DEFAULT NULL,
  `POST_FILE_SIZE` varchar(100) DEFAULT NULL,
  `POST_CONTENT` text NOT NULL,
  `POST_INPUT_BY` varchar(32) NOT NULL,
  `POST_INPUT_DATE` datetime NOT NULL,
  `POST_UPDATE_BY` varchar(32) NOT NULL,
  `POST_UPDATE_DATE` datetime NOT NULL,
  `POST_CATEGORY` int(2) NOT NULL DEFAULT 1,
  `POST_CATEGORY_BBL` varchar(100) DEFAULT NULL,
  `POST_MAINPAGE` int(1) NOT NULL DEFAULT 0 COMMENT 'apakah content ini mainpage ?',
  `POST_FEATURED` int(1) NOT NULL DEFAULT 0 COMMENT 'sticky / feateured post',
  `POST_ISACTIVE` int(1) NOT NULL DEFAULT 1
) ENGINE=InnoDB DEFAULT CHARSET=latin1;

--
-- Dumping data for table `mdl_content`
--

INSERT INTO `mdl_content` (`POST_ID`, `POST_TITLE`, `POST_URI`, `POST_TITLE_SHORT`, `POST_DESCRIPTION`, `POST_FEATURE_IMAGE`, `POST_FILE_TYPE`, `POST_FILE_EXTENSION`, `POST_FILE_SIZE`, `POST_CONTENT`, `POST_INPUT_BY`, `POST_INPUT_DATE`, `POST_UPDATE_BY`, `POST_UPDATE_DATE`, `POST_CATEGORY`, `POST_CATEGORY_BBL`, `POST_MAINPAGE`, `POST_FEATURED`, `POST_ISACTIVE`) VALUES
(25, 'Contact us', 'contact-us', '', '', '', NULL, NULL, NULL, '<p>[sc:contact]</p>\n\n<p>[sc:api/_content/getContent/bukan-indeks-prestasi-tapi-sikap-kerja-yang-baik-lebih-penting]</p>\n', '1', '2013-06-20 21:22:54', '1', '2018-04-10 07:06:21', 1, NULL, 0, 0, 1),
(88, 'Home', 'home', 'Home Pages', '', '', NULL, NULL, NULL, '<div>[sc:gallery/view,home-slideshow, carousel]</div>\n\n<p>Huehehe</p>\n', '1', '2014-08-21 23:52:46', '1', '2018-04-02 07:27:33', 1, NULL, 0, 0, 1),
(89, 'Syarat & Ketentuan', 'syarat-ketentuan', '', 'Di sini syarat dan ketentuan', 'gw.jpg', NULL, NULL, NULL, '<div>\n<p>Welcome to Google!</p>\n\n<p><br />\nThanks for using our products and services (&ldquo;Services&rdquo;). The Services are provided by Google LLC (&ldquo;Google&rdquo;), located at 1600 Amphitheatre Parkway, Mountain View, CA 94043, United States.</p>\n\n<p>By using our Services, you are agreeing to these terms. Please read them carefully.</p>\n\n<p>Our Services are very diverse, so sometimes additional terms or product requirements (including age requirements) may apply. Additional terms will be available with the relevant Services, and those additional terms become part of your agreement with us if you use those Services.</p>\n\n<p>Using our Services<br />\nYou must follow any policies made available to you within the Services.</p>\n\n<p>Don&rsquo;t misuse our Services. For example, don&rsquo;t interfere with our Services or try to access them using a method other than the interface and the instructions that we provide. You may use our Services only as permitted by law, including applicable export and re-export control laws and regulations. We may suspend or stop providing our Services to you if you do not comply with our terms or policies or if we are investigating suspected misconduct.</p>\n\n<p>Using our Services does not give you ownership of any intellectual property rights in our Services or the content you access. You may not use content from our Services unless you obtain permission from its owner or are otherwise permitted by law. These terms do not grant you the right to use any branding or logos used in our Services. Don&rsquo;t remove, obscure, or alter any legal notices displayed in or along with our Services.</p>\n\n<p>Our Services display some content that is not Google&rsquo;s. This content is the sole responsibility of the entity that makes it available. We may review content to determine whether it is illegal or violates our policies, and we may remove or refuse to display content that we reasonably believe violates our policies or the law. But that does not necessarily mean that we review content, so please don&rsquo;t assume that we do.</p>\n\n<p>In connection with your use of the Services, we may send you service announcements, administrative messages, and other information. You may opt out of some of those communications.</p>\n\n<p>Some of our Services are available on mobile devices. Do not use such Services in a way that distracts you and prevents you from obeying traffic or safety laws.</p>\n\n<p>Your Google Account<br />\nYou may need a Google Account in order to use some of our Services. You may create your own Google Account, or your Google Account may be assigned to you by an administrator, such as your employer or educational institution. If you are using a Google Account assigned to you by an administrator, different or additional terms may apply and your administrator may be able to access or disable your account.</p>\n\n<p>To protect your Google Account, keep your password confidential. You are responsible for the activity that happens on or through your Google Account. Try not to reuse your Google Account password on third-party applications. If you learn of any unauthorized use of your password or Google Account, follow these instructions.</p>\n\n<p>Privacy and Copyright Protection<br />\nGoogle&rsquo;s privacy policies explain how we treat your personal data and protect your privacy when you use our Services. By using our Services, you agree that Google can use such data in accordance with our privacy policies.</p>\n\n<p>We respond to notices of alleged copyright infringement and terminate accounts of repeat infringers according to the process set out in the U.S. Digital Millennium Copyright Act.</p>\n\n<p>We provide information to help copyright holders manage their intellectual property online. If you think somebody is violating your copyrights and want to notify us, you can find information about submitting notices and Google&rsquo;s policy about responding to notices in our Help Center.</p>\n\n<p>Your Content in our Services<br />\nSome of our Services allow you to upload, submit, store, send or receive content. You retain ownership of any intellectual property rights that you hold in that content. In short, what belongs to you stays yours.</p>\n\n<p>When you upload, submit, store, send or receive content to or through our Services, you give Google (and those we work with) a worldwide license to use, host, store, reproduce, modify, create derivative works (such as those resulting from translations, adaptations or other changes we make so that your content works better with our Services), communicate, publish, publicly perform, publicly display and distribute such content. The rights you grant in this license are for the limited purpose of operating, promoting, and improving our Services, and to develop new ones. This license continues even if you stop using our Services (for example, for a business listing you have added to Google Maps). Some Services may offer you ways to access and remove content that has been provided to that Service. Also, in some of our Services, there are terms or settings that narrow the scope of our use of the content submitted in those Services. Make sure you have the necessary rights to grant us this license for any content that you submit to our Services.</p>\n\n<p>Our automated systems analyze your content (including emails) to provide you personally relevant product features, such as customized search results, tailored advertising, and spam and malware detection. This analysis occurs as the content is sent, received, and when it is stored.</p>\n\n<p>If you have a Google Account, we may display your Profile name, Profile photo, and actions you take on Google or on third-party applications connected to your Google Account (such as +1&rsquo;s, reviews you write and comments you post) in our Services, including displaying in ads and other commercial contexts. We will respect the choices you make to limit sharing or visibility settings in your Google Account. For example, you can choose your settings so your name and photo do not appear in an ad.</p>\n\n<p>You can find more information about how Google uses and stores content in the privacy policy or additional terms for particular Services. If you submit feedback or suggestions about our Services, we may use your feedback or suggestions without obligation to you.</p>\n\n<p>About Software in our Services<br />\nWhen a Service requires or includes downloadable software, this software may update automatically on your device once a new version or feature is available. Some Services may let you adjust your automatic update settings.</p>\n\n<p>Google gives you a personal, worldwide, royalty-free, non-assignable and non-exclusive license to use the software provided to you by Google as part of the Services. This license is for the sole purpose of enabling you to use and enjoy the benefit of the Services as provided by Google, in the manner permitted by these terms. You may not copy, modify, distribute, sell, or lease any part of our Services or included software, nor may you reverse engineer or attempt to extract the source code of that software, unless laws prohibit those restrictions or you have our written permission.</p>\n\n<p>Open source software is important to us. Some software used in our Services may be offered under an open source license that we will make available to you. There may be provisions in the open source license that expressly override some of these terms.</p>\n\n<p>Modifying and Terminating our Services<br />\nWe are constantly changing and improving our Services. We may add or remove functionalities or features, and we may suspend or stop a Service altogether.</p>\n\n<p>You can stop using our Services at any time, although we&rsquo;ll be sorry to see you go. Google may also stop providing Services to you, or add or create new limits to our Services at any time.</p>\n\n<p>We believe that you own your data and preserving your access to such data is important. If we discontinue a Service, where reasonably possible, we will give you reasonable advance notice and a chance to get information out of that Service.</p>\n\n<p>Our Warranties and Disclaimers<br />\nWe provide our Services using a commercially reasonable level of skill and care and we hope that you will enjoy using them. But there are certain things that we don&rsquo;t promise about our Services.</p>\n\n<p>Other than as expressly set out in these terms or additional terms, neither Google nor its suppliers or distributors make any specific promises about the Services. For example, we don&rsquo;t make any commitments about the content within the Services, the specific functions of the Services, or their reliability, availability, or ability to meet your needs. We provide the Services &ldquo;as is&rdquo;.</p>\n\n<p>Some jurisdictions provide for certain warranties, like the implied warranty of merchantability, fitness for a particular purpose and non-infringement. To the extent permitted by law, we exclude all warranties.</p>\n\n<p>Liability for our Services<br />\nWhen permitted by law, Google, and Google&rsquo;s suppliers and distributors, will not be responsible for lost profits, revenues, or data, financial losses or indirect, special, consequential, exemplary, or punitive damages.</p>\n\n<p>To the extent permitted by law, the total liability of Google, and its suppliers and distributors, for any claims under these terms, including for any implied warranties, is limited to the amount you paid us to use the Services (or, if we choose, to supplying you the Services again).</p>\n\n<p>In all cases, Google, and its suppliers and distributors, will not be liable for any loss or damage that is not reasonably foreseeable.</p>\n\n<p>We recognize that in some countries, you might have legal rights as a consumer. If you are using the Services for a personal purpose, then nothing in these terms or any additional terms limits any consumer legal rights which may not be waived by contract.</p>\n\n<p>Business uses of our Services<br />\nIf you are using our Services on behalf of a business, that business accepts these terms. It will hold harmless and indemnify Google and its affiliates, officers, agents, and employees from any claim, suit or action arising from or related to the use of the Services or violation of these terms, including any liability or expense arising from claims, losses, damages, suits, judgments, litigation costs and attorneys&rsquo; fees.</p>\n\n<p>About these Terms<br />\nWe may modify these terms or any additional terms that apply to a Service to, for example, reflect changes to the law or changes to our Services. You should look at the terms regularly. We&rsquo;ll post notice of modifications to these terms on this page. We&rsquo;ll post notice of modified additional terms in the applicable Service. Changes will not apply retroactively and will become effective no sooner than fourteen days after they are posted. However, changes addressing new functions for a Service or changes made for legal reasons will be effective immediately. If you do not agree to the modified terms for a Service, you should discontinue your use of that Service.</p>\n\n<p>If there is a conflict between these terms and the additional terms, the additional terms will control for that conflict.</p>\n\n<p>These terms control the relationship between Google and you. They do not create any third party beneficiary rights.</p>\n\n<p>If you do not comply with these terms, and we don&rsquo;t take action right away, this doesn&rsquo;t mean that we are giving up any rights that we may have (such as taking action in the future).</p>\n\n<p>If it turns out that a particular term is not enforceable, this will not affect any other terms.</p>\n\n<p>The courts in some countries will not apply California law to some types of disputes. If you reside in one of those countries, then where California law is excluded from applying, your country&rsquo;s laws will apply to such disputes related to these terms. Otherwise, you agree that the laws of California, U.S.A., excluding California&rsquo;s choice of law rules, will apply to any disputes arising out of or relating to these terms or the Services. Similarly, if the courts in your country will not permit you to consent to the jurisdiction and venue of the courts in Santa Clara County, California, U.S.A., then your local jurisdiction and venue will apply to such disputes related to these terms. Otherwise, all claims arising out of or relating to these terms or the services will be litigated exclusively in the federal or state courts of Santa Clara County, California, USA, and you and Google consent to personal jurisdiction in those courts.</p>\n\n<p>For information about how to contact Google, please visit our contact page.</p>\n</div>\n', '1', '2014-08-22 04:16:33', '1', '2018-05-11 00:10:38', 1, NULL, 0, 0, 1),
(91, 'Portfolio', 'portfolio', '', '', '', NULL, NULL, NULL, '<div>anjor</div>\n\n<div>[sc:api/_content/getContent,portfolio-content,section-portfolio]</div>\n\n<div>&nbsp;</div>\n', '1', '2014-08-24 07:13:06', '1', '2018-04-02 07:27:09', 1, NULL, 0, 0, 1),
(93, 'Blue Bird Dengan Traveloka Untuk Kemudahan Transportasi Bandara', '', '', 'Blue Bird melaksanakan kerja sama dengan Traveloka, menyediakan layanan transportasi bagi pengguna Traveloka yang akan melakukan perjalanan ke dan dari bandara.', '6.jpg', NULL, NULL, NULL, '<p>Lorem ipsum dolor sit amet, consectetur adipiscing elit. Sed a viverra augue, ac blandit justo. Vestibulum ultricies hendrerit sodales. Suspendisse ipsum augue, consequat id vehicula et, facilisis in orci. Praesent quis velit in eros hendrerit porttitor. Praesent a lectus elit. Curabitur mattis ut justo nec varius. Suspendisse placerat sem at leo ultricies viverra. Curabitur nec mollis ligula, nec hendrerit tortor. Curabitur efficitur cursus sapien, eget tincidunt diam scelerisque sed. Sed id metus a ligula volutpat iaculis. Nunc pharetra semper sem, ac congue sem blandit vel. Integer dui neque, venenatis sit amet eleifend vel, congue mollis nunc. Vestibulum hendrerit neque vel augue lacinia, a blandit lectus euismod. Sed sit amet diam felis. Maecenas in dolor auctor, ultrices lectus in, ullamcorper eros.</p>\n\n<p>Morbi dui dolor, tincidunt ut risus ut, dignissim tristique risus. Praesent tempus metus et ex sagittis tincidunt. Aliquam ut orci a lectus iaculis imperdiet ut ut metus. Maecenas lacinia tristique dapibus. Nunc volutpat ante id tortor pulvinar dictum. Donec dapibus et erat et blandit. Donec accumsan fermentum mollis. In sollicitudin elit nec metus vehicula tristique. Nunc semper suscipit lectus, ut consectetur metus. Donec metus odio, sagittis a nulla nec, ultrices vestibulum libero. Phasellus in neque ac nibh scelerisque lobortis maximus vitae arcu. Morbi eu metus malesuada, semper nulla nec, commodo lacus. Vivamus ultricies ex vel eros bibendum lobortis. In ac laoreet massa, in consequat ex. Aliquam non suscipit nisl, et vehicula mauris.</p>\n\n<p><img alt=\"\" src=\"/BLUEHRD/uploads/images/bluebird-batam.jpg\" style=\"width: 500px; height: 375px;\" /></p>\n\n<p>Nam dictum vitae sem sed consectetur. Nunc pulvinar odio eu leo ullamcorper faucibus. Pellentesque eu purus ut ligula imperdiet venenatis. Vestibulum eget scelerisque diam. Sed fringilla tortor in efficitur ultricies. Pellentesque fermentum massa et tempus porta. Nunc ac varius erat. Mauris cursus consectetur augue, ac ultricies urna interdum ac. Ut justo libero, commodo ut magna vitae, tincidunt gravida mauris. Nullam non malesuada est. Nam non vulputate ipsum. Nam posuere congue mi, euismod placerat justo sodales eget. Morbi vel turpis in velit blandit dapibus vel in felis. Proin ultricies vulputate elit, sit amet placerat quam.</p>\n\n<p>Nulla ut mi at felis faucibus laoreet et non neque. Etiam sed fermentum justo, eu euismod eros. Curabitur tellus justo, egestas quis mattis vitae, fermentum id dui. Ut varius, sapien eget viverra euismod, nibh ligula vestibulum neque, non viverra lorem lorem non ligula. Praesent vel ipsum fringilla massa molestie posuere vitae eu turpis. Etiam vel ultrices ex. Nulla porta rutrum vehicula. Suspendisse dapibus mi at purus fringilla ornare. Nulla quis tristique orci, et porta odio. Morbi vel bibendum risus, ac volutpat nibh. Ut et vestibulum ex, ut suscipit felis. Donec quis lacus nec ante placerat iaculis. Vestibulum laoreet tincidunt vehicula. Nunc mi sapien, mollis id laoreet fringilla, placerat ac elit.</p>\n\n<p>Aliquam lobortis sit amet nisl non consectetur. Curabitur tempus massa ut nisi egestas, id finibus nibh sodales. Mauris gravida, urna at efficitur ultrices, ex dolor eleifend libero, nec sodales erat lorem quis enim. Phasellus nec commodo urna, et feugiat eros. Curabitur sit amet lectus et mauris consectetur tristique. Proin aliquet dapibus orci eu scelerisque. Mauris eget posuere tellus. Mauris efficitur sed sapien vitae mollis. Vestibulum ante ipsum primis in faucibus orci luctus et ultrices posuere cubilia Curae; Morbi ac dignissim lorem. Vestibulum malesuada, urna at tempus bibendum, massa tellus condimentum ipsum, nec pharetra enim risus quis sem. Quisque sit amet augue consequat, semper nunc vel, ullamcorper ligula. Aliquam erat volutpat. Donec nisi ipsum, ullamcorper et tristique sit amet, molestie at quam.<br />\nGenerated 5 paragraphs, 557 words, 3742 bytes of Lorem Ipsum</p>\n', '1', '2018-03-10 02:33:50', '1', '2018-04-02 07:48:15', 25, NULL, 0, 0, 1),
(94, 'Big Bird raih Transportation Safety Manajemen Award (TSMA) 2017', 'big-bird-raih-transportation-safety-manajemen-award-tsma-2017', '', 'Sekjen Kemenhub Sugihardjo menyerahkan piagam penghargaan Transportasi Safety Award 2017 untuk Kategori Moda Transportasi Darat 2017 kepada Agus Subroto, General Manager Area Bisnis', '4.jpeg', NULL, NULL, NULL, '<p>Lorem ipsum dolor sit amet, consectetur adipiscing elit. Sed a viverra augue, ac blandit justo. Vestibulum ultricies hendrerit sodales. Suspendisse ipsum augue, consequat id vehicula et, facilisis in orci. Praesent quis velit in eros hendrerit porttitor. Praesent a lectus elit. Curabitur mattis ut justo nec varius. Suspendisse placerat sem at leo ultricies viverra. Curabitur nec mollis ligula, nec hendrerit tortor. Curabitur efficitur cursus sapien, eget tincidunt diam scelerisque sed. Sed id metus a ligula volutpat iaculis. Nunc pharetra semper sem, ac congue sem blandit vel. Integer dui neque, venenatis sit amet eleifend vel, congue mollis nunc. Vestibulum hendrerit neque vel augue lacinia, a blandit lectus euismod. Sed sit amet diam felis. Maecenas in dolor auctor, ultrices lectus in, ullamcorper eros.</p>\n\n<p>Morbi dui dolor, tincidunt ut risus ut, dignissim tristique risus. Praesent tempus metus et ex sagittis tincidunt. Aliquam ut orci a lectus iaculis imperdiet ut ut metus. Maecenas lacinia tristique dapibus. Nunc volutpat ante id tortor pulvinar dictum. Donec dapibus et erat et blandit. Donec accumsan fermentum mollis. In sollicitudin elit nec metus vehicula tristique. Nunc semper suscipit lectus, ut consectetur metus. Donec metus odio, sagittis a nulla nec, ultrices vestibulum libero. Phasellus in neque ac nibh scelerisque lobortis maximus vitae arcu. Morbi eu metus malesuada, semper nulla nec, commodo lacus. Vivamus ultricies ex vel eros bibendum lobortis. In ac laoreet massa, in consequat ex. Aliquam non suscipit nisl, et vehicula mauris.</p>\n\n<p>Nam dictum vitae sem sed consectetur. Nunc pulvinar odio eu leo ullamcorper faucibus. Pellentesque eu purus ut ligula imperdiet venenatis. Vestibulum eget scelerisque diam. Sed fringilla tortor in efficitur ultricies. Pellentesque fermentum massa et tempus porta. Nunc ac varius erat. Mauris cursus consectetur augue, ac ultricies urna interdum ac. Ut justo libero, commodo ut magna vitae, tincidunt gravida mauris. Nullam non malesuada est. Nam non vulputate ipsum. Nam posuere congue mi, euismod placerat justo sodales eget. Morbi vel turpis in velit blandit dapibus vel in felis. Proin ultricies vulputate elit, sit amet placerat quam.</p>\n\n<p>Nulla ut mi at felis faucibus laoreet et non neque. Etiam sed fermentum justo, eu euismod eros. Curabitur tellus justo, egestas quis mattis vitae, fermentum id dui. Ut varius, sapien eget viverra euismod, nibh ligula vestibulum neque, non viverra lorem lorem non ligula. Praesent vel ipsum fringilla massa molestie posuere vitae eu turpis. Etiam vel ultrices ex. Nulla porta rutrum vehicula. Suspendisse dapibus mi at purus fringilla ornare. Nulla quis tristique orci, et porta odio. Morbi vel bibendum risus, ac volutpat nibh. Ut et vestibulum ex, ut suscipit felis. Donec quis lacus nec ante placerat iaculis. Vestibulum laoreet tincidunt vehicula. Nunc mi sapien, mollis id laoreet fringilla, placerat ac elit.</p>\n\n<p>Aliquam lobortis sit amet nisl non consectetur. Curabitur tempus massa ut nisi egestas, id finibus nibh sodales. Mauris gravida, urna at efficitur ultrices, ex dolor eleifend libero, nec sodales erat lorem quis enim. Phasellus nec commodo urna, et feugiat eros. Curabitur sit amet lectus et mauris consectetur tristique. Proin aliquet dapibus orci eu scelerisque. Mauris eget posuere tellus. Mauris efficitur sed sapien vitae mollis. Vestibulum ante ipsum primis in faucibus orci luctus et ultrices posuere cubilia Curae; Morbi ac dignissim lorem. Vestibulum malesuada, urna at tempus bibendum, massa tellus condimentum ipsum, nec pharetra enim risus quis sem. Quisque sit amet augue consequat, semper nunc vel, ullamcorper ligula. Aliquam erat volutpat. Donec nisi ipsum, ullamcorper et tristique sit amet, molestie at quam.<br />\nGenerated 5 paragraphs, 557 words, 3742 bytes of Lorem Ipsum</p>\n', '1', '2018-03-10 10:33:28', '1', '2018-03-10 20:42:17', 24, NULL, 0, 0, 1),
(95, 'Blue Bird Hadirkan Kerja Sama Dengan McDonalds Indonesia Untuk Tingkatkan Pelayanan', 'blue-bird-hadirkan-kerja-sama-dengan-mcdonald-s-indonesia-untuk-tingkatkan-pelayanan', '', 'Blue Bird memberikan kemudahan dan kenyamanan kepada para pengguna dan pelanggan setia, kerja sama yang dilaksanakan juga bertujuan memberikan nilai tambah bagi para pengemudi yang ', '3.jpg', NULL, NULL, NULL, '<p>Lorem ipsum dolor sit amet, consectetur adipiscing elit. Sed a viverra augue, ac blandit justo. Vestibulum ultricies hendrerit sodales. Suspendisse ipsum augue, consequat id vehicula et, facilisis in orci. Praesent quis velit in eros hendrerit porttitor. Praesent a lectus elit. Curabitur mattis ut justo nec varius. Suspendisse placerat sem at leo ultricies viverra. Curabitur nec mollis ligula, nec hendrerit tortor. Curabitur efficitur cursus sapien, eget tincidunt diam scelerisque sed. Sed id metus a ligula volutpat iaculis. Nunc pharetra semper sem, ac congue sem blandit vel. Integer dui neque, venenatis sit amet eleifend vel, congue mollis nunc. Vestibulum hendrerit neque vel augue lacinia, a blandit lectus euismod. Sed sit amet diam felis. Maecenas in dolor auctor, ultrices lectus in, ullamcorper eros.</p>\n\n<p>Morbi dui dolor, tincidunt ut risus ut, dignissim tristique risus. Praesent tempus metus et ex sagittis tincidunt. Aliquam ut orci a lectus iaculis imperdiet ut ut metus. Maecenas lacinia tristique dapibus. Nunc volutpat ante id tortor pulvinar dictum. Donec dapibus et erat et blandit. Donec accumsan fermentum mollis. In sollicitudin elit nec metus vehicula tristique. Nunc semper suscipit lectus, ut consectetur metus. Donec metus odio, sagittis a nulla nec, ultrices vestibulum libero. Phasellus in neque ac nibh scelerisque lobortis maximus vitae arcu. Morbi eu metus malesuada, semper nulla nec, commodo lacus. Vivamus ultricies ex vel eros bibendum lobortis. In ac laoreet massa, in consequat ex. Aliquam non suscipit nisl, et vehicula mauris.</p>\n\n<p>Nam dictum vitae sem sed consectetur. Nunc pulvinar odio eu leo ullamcorper faucibus. Pellentesque eu purus ut ligula imperdiet venenatis. Vestibulum eget scelerisque diam. Sed fringilla tortor in efficitur ultricies. Pellentesque fermentum massa et tempus porta. Nunc ac varius erat. Mauris cursus consectetur augue, ac ultricies urna interdum ac. Ut justo libero, commodo ut magna vitae, tincidunt gravida mauris. Nullam non malesuada est. Nam non vulputate ipsum. Nam posuere congue mi, euismod placerat justo sodales eget. Morbi vel turpis in velit blandit dapibus vel in felis. Proin ultricies vulputate elit, sit amet placerat quam.</p>\n\n<p>Nulla ut mi at felis faucibus laoreet et non neque. Etiam sed fermentum justo, eu euismod eros. Curabitur tellus justo, egestas quis mattis vitae, fermentum id dui. Ut varius, sapien eget viverra euismod, nibh ligula vestibulum neque, non viverra lorem lorem non ligula. Praesent vel ipsum fringilla massa molestie posuere vitae eu turpis. Etiam vel ultrices ex. Nulla porta rutrum vehicula. Suspendisse dapibus mi at purus fringilla ornare. Nulla quis tristique orci, et porta odio. Morbi vel bibendum risus, ac volutpat nibh. Ut et vestibulum ex, ut suscipit felis. Donec quis lacus nec ante placerat iaculis. Vestibulum laoreet tincidunt vehicula. Nunc mi sapien, mollis id laoreet fringilla, placerat ac elit.</p>\n\n<p>Aliquam lobortis sit amet nisl non consectetur. Curabitur tempus massa ut nisi egestas, id finibus nibh sodales. Mauris gravida, urna at efficitur ultrices, ex dolor eleifend libero, nec sodales erat lorem quis enim. Phasellus nec commodo urna, et feugiat eros. Curabitur sit amet lectus et mauris consectetur tristique. Proin aliquet dapibus orci eu scelerisque. Mauris eget posuere tellus. Mauris efficitur sed sapien vitae mollis. Vestibulum ante ipsum primis in faucibus orci luctus et ultrices posuere cubilia Curae; Morbi ac dignissim lorem. Vestibulum malesuada, urna at tempus bibendum, massa tellus condimentum ipsum, nec pharetra enim risus quis sem. Quisque sit amet augue consequat, semper nunc vel, ullamcorper ligula. Aliquam erat volutpat. Donec nisi ipsum, ullamcorper et tristique sit amet, molestie at quam.<br />\nGenerated 5 paragraphs, 557 words, 3742 bytes of Lorem Ipsum</p>\n', '1', '2018-03-10 11:12:30', '1', '2018-04-25 08:06:13', 25, NULL, 0, 0, 1),
(96, 'PT Blue Bird Tbk Angkat Direktur Keuangan Baru', 'pt-blue-bird-tbk-angkat-direktur-keuangan-baru', '', 'PT Blue Bird Tbk secara resmi mengangkat Sandy Permadi sebagai Direktur Keuangan yang baru dan menerima pengunduran diri (direktur keuangan yang lama) Fransetya Hutabarat.', '1.jpg', NULL, NULL, NULL, '<p>Lorem ipsum dolor sit amet, consectetur adipiscing elit. Sed a viverra augue, ac blandit justo. Vestibulum ultricies hendrerit sodales. Suspendisse ipsum augue, consequat id vehicula et, facilisis in orci. Praesent quis velit in eros hendrerit porttitor. Praesent a lectus elit. Curabitur mattis ut justo nec varius. Suspendisse placerat sem at leo ultricies viverra. Curabitur nec mollis ligula, nec hendrerit tortor. Curabitur efficitur cursus sapien, eget tincidunt diam scelerisque sed. Sed id metus a ligula volutpat iaculis. Nunc pharetra semper sem, ac congue sem blandit vel. Integer dui neque, venenatis sit amet eleifend vel, congue mollis nunc. Vestibulum hendrerit neque vel augue lacinia, a blandit lectus euismod. Sed sit amet diam felis. Maecenas in dolor auctor, ultrices lectus in, ullamcorper eros.</p>\n\n<p><img alt=\"\" src=\"/BLUEHRD/uploads/images/4.jpeg\" style=\"width: 100px; height: 75px;\" /></p>\n\n<p>Morbi dui dolor, tincidunt ut risus ut, dignissim tristique risus. Praesent tempus metus et ex sagittis tincidunt. Aliquam ut orci a lectus iaculis imperdiet ut ut metus. Maecenas lacinia tristique dapibus. Nunc volutpat ante id tortor pulvinar dictum. Donec dapibus et erat et blandit. Donec accumsan fermentum mollis. In sollicitudin elit nec metus vehicula tristique. Nunc semper suscipit lectus, ut consectetur metus. Donec metus odio, sagittis a nulla nec, ultrices vestibulum libero. Phasellus in neque ac nibh scelerisque lobortis maximus vitae arcu. Morbi eu metus malesuada, semper nulla nec, commodo lacus. Vivamus ultricies ex vel eros bibendum lobortis. In ac laoreet massa, in consequat ex. Aliquam non suscipit nisl, et vehicula mauris.</p>\n\n<p>Nam dictum vitae sem sed consectetur. Nunc pulvinar odio eu leo ullamcorper faucibus. Pellentesque eu purus ut ligula imperdiet venenatis. Vestibulum eget scelerisque diam. Sed fringilla tortor in efficitur ultricies. Pellentesque fermentum massa et tempus porta. Nunc ac varius erat. Mauris cursus consectetur augue, ac ultricies urna interdum ac. Ut justo libero, commodo ut magna vitae, tincidunt gravida mauris. Nullam non malesuada est. Nam non vulputate ipsum. Nam posuere congue mi, euismod placerat justo sodales eget. Morbi vel turpis in velit blandit dapibus vel in felis. Proin ultricies vulputate elit, sit amet placerat quam.</p>\n\n<p>Nulla ut mi at felis faucibus laoreet et non neque. Etiam sed fermentum justo, eu euismod eros. Curabitur tellus justo, egestas quis mattis vitae, fermentum id dui. Ut varius, sapien eget viverra euismod, nibh ligula vestibulum neque, non viverra lorem lorem non ligula. Praesent vel ipsum fringilla massa molestie posuere vitae eu turpis. Etiam vel ultrices ex. Nulla porta rutrum vehicula. Suspendisse dapibus mi at purus fringilla ornare. Nulla quis tristique orci, et porta odio. Morbi vel bibendum risus, ac volutpat nibh. Ut et vestibulum ex, ut suscipit felis. Donec quis lacus nec ante placerat iaculis. Vestibulum laoreet tincidunt vehicula. Nunc mi sapien, mollis id laoreet fringilla, placerat ac elit.</p>\n\n<p>Aliquam lobortis sit amet nisl non consectetur. Curabitur tempus massa ut nisi egestas, id finibus nibh sodales. Mauris gravida, urna at efficitur ultrices, ex dolor eleifend libero, nec sodales erat lorem quis enim. Phasellus nec commodo urna, et feugiat eros. Curabitur sit amet lectus et mauris consectetur tristique. Proin aliquet dapibus orci eu scelerisque. Mauris eget posuere tellus. Mauris efficitur sed sapien vitae mollis. Vestibulum ante ipsum primis in faucibus orci luctus et ultrices posuere cubilia Curae; Morbi ac dignissim lorem. Vestibulum malesuada, urna at tempus bibendum, massa tellus condimentum ipsum, nec pharetra enim risus quis sem. Quisque sit amet augue consequat, semper nunc vel, ullamcorper ligula. Aliquam erat volutpat. Donec nisi ipsum, ullamcorper et tristique sit amet, molestie at quam.<br />\nGenerated 5 paragraphs, 557 words, 3742 bytes of Lorem Ipsum</p>\n', '1', '2018-03-10 11:16:05', '1', '2018-04-25 08:06:01', 24, NULL, 0, 0, 1),
(98, 'Unduh Formulir', 'unduh-formulir', '', 'halaman ini berisi formulir yang dapat di unduh', 'download-icon-png-4392.png', NULL, NULL, NULL, '<p>&nbsp;</p>\n\n<p>&nbsp;</p>\n\n<p>contoh formulir format excel</p>\n\n<p><a href=\"/uploads/files/Kategori-data-karyawan.xls\">Kategori-data-karyawan.xls</a></p>\n\n<p>contoh formulir fomat pdf</p>\n\n<p><a href=\"/uploads/files/your-file.pdf\">your-file.pdf</a></p>\n\n<p>contoh formulir format word</p>\n\n<p><a href=\"/uploads/files/kuisioner.docx\">/uploads/files/kuisioner.docx</a></p>\n', '1', '2018-04-10 08:06:28', '1', '2018-04-10 08:12:42', 1, NULL, 0, 0, 1),
(100, 'Nilai Perusahaan', 'nilai-perusahaan', '', '', 'kantor_bbg.jpg', NULL, 'jpg', '25.49', '<p><img alt=\"\" src=\"/uploads/images/Nilai-nilai-Perusahaan-BB.jpg\" style=\"width: 1080px; height: 607px;\" /></p>\n', '1', '2018-04-19 11:12:58', '1', '2018-06-04 15:00:38', 1, NULL, 0, 0, 1),
(101, 'Izin Cuti', 'formulir-cuti', '', 'berisi link formulir cuti', '', NULL, NULL, NULL, '<div class=\"text-right\"><a class=\"btn btn-default\" href=\"/uploads/files/cuti.pdf\">Download Form Cuti</a></div>\n', '1', '2018-04-20 22:15:27', '1', '2018-06-21 21:22:56', 27, NULL, 0, 0, 0),
(102, 'PT Blue Bird Tbk Angkat Direktur Keuangan Baru Dan Kekinian', 'pt-blue-bird-tbk-angkat-direktur-keuangan-baru-dan-kekinian', '', 'PT Blue Bird Tbk secara resmi mengangkat Sandy Permadi sebagai Direktur Keuangan yang baru dan menerima pengunduran diri (direktur keuangan yang lama) Fransetya Hutabarat.', 'test-2-bb.jpg', NULL, NULL, NULL, '<p>Aja Ipsum Lorem ipsum dolor sit amet, consectetur adipiscing elit. Sed a viverra augue, ac blandit justo. Vestibulum ultricies hendrerit sodales. Suspendisse ipsum augue, consequat id vehicula et, facilisis in orci. Praesent quis velit in eros hendrerit porttitor. Praesent a lectus elit. Curabitur mattis ut justo nec varius. Suspendisse placerat sem at leo ultricies viverra. Curabitur nec mollis ligula, nec hendrerit tortor. Curabitur efficitur cursus sapien, eget tincidunt diam scelerisque sed. Sed id metus a ligula volutpat iaculis. Nunc pharetra semper sem, ac congue sem blandit vel. Integer dui neque, venenatis sit amet eleifend vel, congue mollis nunc. Vestibulum hendrerit neque vel augue lacinia, a blandit lectus euismod. Sed sit amet diam felis. Maecenas in dolor auctor, ultrices lectus in, ullamcorper eros.</p>\n\n<p><img alt=\"\" src=\"/BLUEHRD/uploads/images/4.jpeg\" style=\"height:75px; width:100px\" /></p>\n\n<p>Morbi dui dolor, tincidunt ut risus ut, dignissim tristique risus. Praesent tempus metus et ex sagittis tincidunt. Aliquam ut orci a lectus iaculis imperdiet ut ut metus. Maecenas lacinia tristique dapibus. Nunc volutpat ante id tortor pulvinar dictum. Donec dapibus et erat et blandit. Donec accumsan fermentum mollis. In sollicitudin elit nec metus vehicula tristique. Nunc semper suscipit lectus, ut consectetur metus. Donec metus odio, sagittis a nulla nec, ultrices vestibulum libero. Phasellus in neque ac nibh scelerisque lobortis maximus vitae arcu. Morbi eu metus malesuada, semper nulla nec, commodo lacus. Vivamus ultricies ex vel eros bibendum lobortis. In ac laoreet massa, in consequat ex. Aliquam non suscipit nisl, et vehicula mauris.</p>\n\n<p>Nam dictum vitae sem sed consectetur. Nunc pulvinar odio eu leo ullamcorper faucibus. Pellentesque eu purus ut ligula imperdiet venenatis. Vestibulum eget scelerisque diam. Sed fringilla tortor in efficitur ultricies. Pellentesque fermentum massa et tempus porta. Nunc ac varius erat. Mauris cursus consectetur augue, ac ultricies urna interdum ac. Ut justo libero, commodo ut magna vitae, tincidunt gravida mauris. Nullam non malesuada est. Nam non vulputate ipsum. Nam posuere congue mi, euismod placerat justo sodales eget. Morbi vel turpis in velit blandit dapibus vel in felis. Proin ultricies vulputate elit, sit amet placerat quam.</p>\n\n<p>Nulla ut mi at felis faucibus laoreet et non neque. Etiam sed fermentum justo, eu euismod eros. Curabitur tellus justo, egestas quis mattis vitae, fermentum id dui. Ut varius, sapien eget viverra euismod, nibh ligula vestibulum neque, non viverra lorem lorem non ligula. Praesent vel ipsum fringilla massa molestie posuere vitae eu turpis. Etiam vel ultrices ex. Nulla porta rutrum vehicula. Suspendisse dapibus mi at purus fringilla ornare. Nulla quis tristique orci, et porta odio. Morbi vel bibendum risus, ac volutpat nibh. Ut et vestibulum ex, ut suscipit felis. Donec quis lacus nec ante placerat iaculis. Vestibulum laoreet tincidunt vehicula. Nunc mi sapien, mollis id laoreet fringilla, placerat ac elit.</p>\n\n<p>Aliquam lobortis sit amet nisl non consectetur. Curabitur tempus massa ut nisi egestas, id finibus nibh sodales. Mauris gravida, urna at efficitur ultrices, ex dolor eleifend libero, nec sodales erat lorem quis enim. Phasellus nec commodo urna, et feugiat eros. Curabitur sit amet lectus et mauris consectetur tristique. Proin aliquet dapibus orci eu scelerisque. Mauris eget posuere tellus. Mauris efficitur sed sapien vitae mollis. Vestibulum ante ipsum primis in faucibus orci luctus et ultrices posuere cubilia Curae; Morbi ac dignissim lorem. Vestibulum malesuada, urna at tempus bibendum, massa tellus condimentum ipsum, nec pharetra enim risus quis sem. Quisque sit amet augue consequat, semper nunc vel, ullamcorper ligula. Aliquam erat volutpat. Donec nisi ipsum, ullamcorper et tristique sit amet, molestie at quam.<br />\nGenerated 5 paragraphs, 557 words, 3742 bytes of Lorem Ipsum</p>\n', '1', '2018-04-20 23:43:21', '1', '2018-06-03 19:31:46', 24, NULL, 0, 1, 1),
(103, 'Terbaru PT Blue Bird Tbk Angkat Direktur Keuangan Baru', 'terbaru-pt-blue-bird-tbk-angkat-direktur-keuangan-baru', '', 'PT Blue Bird Tbk secara resmi mengangkat Sandy Permadi sebagai Direktur Keuangan yang baru dan menerima pengunduran diri (direktur keuangan yang lama) Fransetya Hutabarat.', 'test-3-bb.jpg', NULL, NULL, NULL, '<p>Ini yang terbaru Lorem ipsum dolor sit amet, consectetur adipiscing elit. Sed a viverra augue, ac blandit justo. Vestibulum ultricies hendrerit sodales. Suspendisse ipsum augue, consequat id vehicula et, facilisis in orci. Praesent quis velit in eros hendrerit porttitor. Praesent a lectus elit. Curabitur mattis ut justo nec varius. Suspendisse placerat sem at leo ultricies viverra. Curabitur nec mollis ligula, nec hendrerit tortor. Curabitur efficitur cursus sapien, eget tincidunt diam scelerisque sed. Sed id metus a ligula volutpat iaculis. Nunc pharetra semper sem, ac congue sem blandit vel. Integer dui neque, venenatis sit amet eleifend vel, congue mollis nunc. Vestibulum hendrerit neque vel augue lacinia, a blandit lectus euismod. Sed sit amet diam felis. Maecenas in dolor auctor, ultrices lectus in, ullamcorper eros.</p>\n\n<p><img alt=\"\" src=\"/BLUEHRD/uploads/images/4.jpeg\" style=\"height:75px; width:100px\" /></p>\n\n<p>Morbi dui dolor, tincidunt ut risus ut, dignissim tristique risus. Praesent tempus metus et ex sagittis tincidunt. Aliquam ut orci a lectus iaculis imperdiet ut ut metus. Maecenas lacinia tristique dapibus. Nunc volutpat ante id tortor pulvinar dictum. Donec dapibus et erat et blandit. Donec accumsan fermentum mollis. In sollicitudin elit nec metus vehicula tristique. Nunc semper suscipit lectus, ut consectetur metus. Donec metus odio, sagittis a nulla nec, ultrices vestibulum libero. Phasellus in neque ac nibh scelerisque lobortis maximus vitae arcu. Morbi eu metus malesuada, semper nulla nec, commodo lacus. Vivamus ultricies ex vel eros bibendum lobortis. In ac laoreet massa, in consequat ex. Aliquam non suscipit nisl, et vehicula mauris.</p>\n\n<p>Nam dictum vitae sem sed consectetur. Nunc pulvinar odio eu leo ullamcorper faucibus. Pellentesque eu purus ut ligula imperdiet venenatis. Vestibulum eget scelerisque diam. Sed fringilla tortor in efficitur ultricies. Pellentesque fermentum massa et tempus porta. Nunc ac varius erat. Mauris cursus consectetur augue, ac ultricies urna interdum ac. Ut justo libero, commodo ut magna vitae, tincidunt gravida mauris. Nullam non malesuada est. Nam non vulputate ipsum. Nam posuere congue mi, euismod placerat justo sodales eget. Morbi vel turpis in velit blandit dapibus vel in felis. Proin ultricies vulputate elit, sit amet placerat quam.</p>\n\n<p>Nulla ut mi at felis faucibus laoreet et non neque. Etiam sed fermentum justo, eu euismod eros. Curabitur tellus justo, egestas quis mattis vitae, fermentum id dui. Ut varius, sapien eget viverra euismod, nibh ligula vestibulum neque, non viverra lorem lorem non ligula. Praesent vel ipsum fringilla massa molestie posuere vitae eu turpis. Etiam vel ultrices ex. Nulla porta rutrum vehicula. Suspendisse dapibus mi at purus fringilla ornare. Nulla quis tristique orci, et porta odio. Morbi vel bibendum risus, ac volutpat nibh. Ut et vestibulum ex, ut suscipit felis. Donec quis lacus nec ante placerat iaculis. Vestibulum laoreet tincidunt vehicula. Nunc mi sapien, mollis id laoreet fringilla, placerat ac elit.</p>\n\n<p>Aliquam lobortis sit amet nisl non consectetur. Curabitur tempus massa ut nisi egestas, id finibus nibh sodales. Mauris gravida, urna at efficitur ultrices, ex dolor eleifend libero, nec sodales erat lorem quis enim. Phasellus nec commodo urna, et feugiat eros. Curabitur sit amet lectus et mauris consectetur tristique. Proin aliquet dapibus orci eu scelerisque. Mauris eget posuere tellus. Mauris efficitur sed sapien vitae mollis. Vestibulum ante ipsum primis in faucibus orci luctus et ultrices posuere cubilia Curae; Morbi ac dignissim lorem. Vestibulum malesuada, urna at tempus bibendum, massa tellus condimentum ipsum, nec pharetra enim risus quis sem. Quisque sit amet augue consequat, semper nunc vel, ullamcorper ligula. Aliquam erat volutpat. Donec nisi ipsum, ullamcorper et tristique sit amet, molestie at quam.<br />\nGenerated 5 paragraphs, 557 words, 3742 bytes of Lorem Ipsum</p>\n', '1', '2018-04-21 00:44:05', '', '0000-00-00 00:00:00', 25, NULL, 0, 0, 1),
(104, '2018 Ini Big Bird raih Transportation Safety Manajemen Award (TSMA) 2017', '2018-ini-big-bird-raih-transportation-safety-manajemen-award-tsma-2017', '', 'Sekjen Kemenhub Sugihardjo menyerahkan piagam penghargaan Transportasi Safety Award 2017 untuk Kategori Moda Transportasi Darat 2017 kepada Agus Subroto, General Manager Area Bisnis', 'test-1-bb.jpg', NULL, NULL, NULL, '<p>Lorem ipsum dolor sit amet, consectetur adipiscing elit. Sed a viverra augue, ac blandit justo. Vestibulum ultricies hendrerit sodales. Suspendisse ipsum augue, consequat id vehicula et, facilisis in orci. Praesent quis velit in eros hendrerit porttitor. Praesent a lectus elit. Curabitur mattis ut justo nec varius. Suspendisse placerat sem at leo ultricies viverra. Curabitur nec mollis ligula, nec hendrerit tortor. Curabitur efficitur cursus sapien, eget tincidunt diam scelerisque sed. Sed id metus a ligula volutpat iaculis. Nunc pharetra semper sem, ac congue sem blandit vel. Integer dui neque, venenatis sit amet eleifend vel, congue mollis nunc. Vestibulum hendrerit neque vel augue lacinia, a blandit lectus euismod. Sed sit amet diam felis. Maecenas in dolor auctor, ultrices lectus in, ullamcorper eros.</p>\n\n<p>Morbi dui dolor, tincidunt ut risus ut, dignissim tristique risus. Praesent tempus metus et ex sagittis tincidunt. Aliquam ut orci a lectus iaculis imperdiet ut ut metus. Maecenas lacinia tristique dapibus. Nunc volutpat ante id tortor pulvinar dictum. Donec dapibus et erat et blandit. Donec accumsan fermentum mollis. In sollicitudin elit nec metus vehicula tristique. Nunc semper suscipit lectus, ut consectetur metus. Donec metus odio, sagittis a nulla nec, ultrices vestibulum libero. Phasellus in neque ac nibh scelerisque lobortis maximus vitae arcu. Morbi eu metus malesuada, semper nulla nec, commodo lacus. Vivamus ultricies ex vel eros bibendum lobortis. In ac laoreet massa, in consequat ex. Aliquam non suscipit nisl, et vehicula mauris.</p>\n\n<p>Nam dictum vitae sem sed consectetur. Nunc pulvinar odio eu leo ullamcorper faucibus. Pellentesque eu purus ut ligula imperdiet venenatis. Vestibulum eget scelerisque diam. Sed fringilla tortor in efficitur ultricies. Pellentesque fermentum massa et tempus porta. Nunc ac varius erat. Mauris cursus consectetur augue, ac ultricies urna interdum ac. Ut justo libero, commodo ut magna vitae, tincidunt gravida mauris. Nullam non malesuada est. Nam non vulputate ipsum. Nam posuere congue mi, euismod placerat justo sodales eget. Morbi vel turpis in velit blandit dapibus vel in felis. Proin ultricies vulputate elit, sit amet placerat quam.</p>\n\n<p>Nulla ut mi at felis faucibus laoreet et non neque. Etiam sed fermentum justo, eu euismod eros. Curabitur tellus justo, egestas quis mattis vitae, fermentum id dui. Ut varius, sapien eget viverra euismod, nibh ligula vestibulum neque, non viverra lorem lorem non ligula. Praesent vel ipsum fringilla massa molestie posuere vitae eu turpis. Etiam vel ultrices ex. Nulla porta rutrum vehicula. Suspendisse dapibus mi at purus fringilla ornare. Nulla quis tristique orci, et porta odio. Morbi vel bibendum risus, ac volutpat nibh. Ut et vestibulum ex, ut suscipit felis. Donec quis lacus nec ante placerat iaculis. Vestibulum laoreet tincidunt vehicula. Nunc mi sapien, mollis id laoreet fringilla, placerat ac elit.</p>\n\n<p>Aliquam lobortis sit amet nisl non consectetur. Curabitur tempus massa ut nisi egestas, id finibus nibh sodales. Mauris gravida, urna at efficitur ultrices, ex dolor eleifend libero, nec sodales erat lorem quis enim. Phasellus nec commodo urna, et feugiat eros. Curabitur sit amet lectus et mauris consectetur tristique. Proin aliquet dapibus orci eu scelerisque. Mauris eget posuere tellus. Mauris efficitur sed sapien vitae mollis. Vestibulum ante ipsum primis in faucibus orci luctus et ultrices posuere cubilia Curae; Morbi ac dignissim lorem. Vestibulum malesuada, urna at tempus bibendum, massa tellus condimentum ipsum, nec pharetra enim risus quis sem. Quisque sit amet augue consequat, semper nunc vel, ullamcorper ligula. Aliquam erat volutpat. Donec nisi ipsum, ullamcorper et tristique sit amet, molestie at quam.<br />\nGenerated 5 paragraphs, 557 words, 3742 bytes of Lorem Ipsum</p>\n', '1', '2018-04-21 00:45:07', '1', '2018-04-30 10:11:21', 24, NULL, 0, 1, 1),
(105, 'page_404', 'page-404', '', '404 page', '', NULL, NULL, NULL, '<p>halaman 404</p>\n', '1', '2018-04-22 14:15:02', '1', '2018-04-22 14:16:41', 27, NULL, 0, 0, 1),
(106, 'BB Learning', 'bb-learning', '', 'Halaman BB Learning', '', NULL, NULL, NULL, '', '1', '2018-04-22 19:50:25', '1', '2018-04-22 20:18:08', 1, NULL, 0, 0, 1),
(107, 'Galeri', 'galeri', '', 'Galeri konten Bluebird', '', NULL, NULL, NULL, '', '1', '2018-04-22 19:53:05', '1', '2018-04-22 20:00:07', 1, NULL, 0, 0, 1),
(108, 'Pusat Informasi', 'pusat-informasi', '', 'Halaman pusat informasi', '', NULL, NULL, NULL, '<p>Halaman pusat informasi deklarasikan disini.</p>\n\n<p>Lorem ipsum dolor sit amet, consectetur adipiscing elit, sed do eiusmod tempor incididunt ut labore et dolore magna aliqua. Ut enim ad minim veniam, quis nostrud exercitation ullamco laboris nisi ut aliquip ex ea commodo consequat. Duis aute irure dolor in reprehenderit in voluptate velit esse cillum dolore eu fugiat nulla pariatur. Excepteur sint occaecat cupidatat non proident, sunt in culpa qui officia deserunt mollit anim id est laborum .</p>\n\n<p>Sed ut perspiciatis unde omnis iste natus error sit voluptatem accusantium doloremque laudantium, totam rem aperiam, eaque ipsa quae ab illo inventore veritatis et quasi architecto beatae vitae dicta sunt explicabo. Nemo enim ipsam voluptatem quia voluptas sit aspernatur aut odit aut fugit, sed quia consequuntur magni dolores eos qui ratione voluptatem sequi nesciunt. Neque porro quisquam est, qui dolorem ipsum quia dolor sit amet, consectetur, adipisci velit, sed quia non numquam eius modi tempora incidunt ut labore et dolore magnam aliquam quaerat voluptatem. Ut enim ad minima veniam, quis nostrum exercitationem ullam corporis suscipit laboriosam, nisi ut aliquid ex ea commodi consequatur? Quis autem vel eum iure reprehenderit qui in ea voluptate velit esse quam nihil molestiae consequatur, vel illum qui dolorem eum fugiat quo voluptas nulla pariatur?</p>\n\n<p>&nbsp;</p>\n', '1', '2018-04-22 20:06:22', '1', '2018-05-13 11:44:21', 1, NULL, 0, 0, 1),
(109, 'Gaya Hidup', 'gaya-hidup', '', 'Halaman gaya hidup', '', NULL, NULL, NULL, '', '1', '2018-04-22 20:06:49', '', '0000-00-00 00:00:00', 1, NULL, 0, 0, 1),
(116, 'Karyawan Bluebird', 'karyawan-bluebird', '', 'Ini contoh PDF File', 'dummy.pdf', 'file', 'pdf', '12.95', '<p>Ini contoh PDF File</p>\n', '1', '2018-04-24 16:03:47', '1', '2018-05-13 12:46:16', 3, 'general', 0, 0, 1),
(117, 'Karyawan Bluebird', 'karyawan-bluebird', '', 'PT Blue Bird Tbk secara resmi mengangkat Sandy Permadi sebagai Direktur Keuangan yang baru dan menerima pengunduran diri (direktur keuangan yang lama) Fransetya Hutabarat', '6.jpg', NULL, NULL, NULL, '<p>PT Blue Bird Tbk secara resmi mengangkat Sandy Permadi sebagai Direktur Keuangan yang baru dan menerima pengunduran diri (direktur keuangan yang lama) Fransetya Hutabarat</p>\n', '1', '2018-04-30 10:07:00', '1', '2018-04-30 10:08:48', 3, NULL, 0, 1, 1),
(118, 'Karyawan Bluebird', 'karyawan-bluebird', '', 'Sample Learning Excel', 'SampleXLSFile_38kb.xls', 'file', 'xls', '38', '<p>Sample Learning Excel</p>\n', '1', '2018-05-10 07:17:27', '1', '2018-05-13 12:46:25', 3, 'general', 0, 0, 1),
(119, 'Karyawan Bluebird', 'karyawan-bluebird', '', 'Learning Video MP4', 'SampleVideo_1280x720_20mb-1.mp4', 'video', 'mp4', '20575.86', '<p>Learning Video MP4</p>\n', '1', '2018-05-10 07:19:49', '1', '2018-05-12 16:58:28', 3, 'technical', 0, 0, 1),
(120, 'Karyawan Bluebird', 'karyawan-bluebird', '', 'Learning Video FLV', 'SampleVideo_1280x720_1mb.flv', 'video', 'flv', '1026.55', '<p>Learning Video FLV</p>\n', '1', '2018-05-10 07:21:15', '1', '2018-05-12 16:58:38', 3, 'general', 0, 0, 1);
INSERT INTO `mdl_content` (`POST_ID`, `POST_TITLE`, `POST_URI`, `POST_TITLE_SHORT`, `POST_DESCRIPTION`, `POST_FEATURE_IMAGE`, `POST_FILE_TYPE`, `POST_FILE_EXTENSION`, `POST_FILE_SIZE`, `POST_CONTENT`, `POST_INPUT_BY`, `POST_INPUT_DATE`, `POST_UPDATE_BY`, `POST_UPDATE_DATE`, `POST_CATEGORY`, `POST_CATEGORY_BBL`, `POST_MAINPAGE`, `POST_FEATURED`, `POST_ISACTIVE`) VALUES
(121, 'Karyawan Bluebird', 'karyawan-bluebird', '', 'Di sini halaman kebijakan', '', NULL, NULL, NULL, '<p>Welcome to the Google Privacy Policy<br />\nWhen you use Google services, you trust us with your information. This Privacy Policy is meant to help you understand what data we collect, why we collect it, and what we do with it. This is important; we hope you will take time to read it carefully. And remember, you can find controls to manage your information and protect your privacy and security at My Account.</p>\n\n<p>Privacy Policy<br />\nLast modified: December 18, 2017 (view archived versions)<br />\nDownload PDF version<br />\nThere are many different ways you can use our services &ndash; to search for and share information, to communicate with other people or to create new content. When you share information with us, for example by creating a Google Account, we can make those services even better &ndash; to show you more relevant search results and ads, to help you connect with people or to make sharing with others quicker and easier. As you use our services, we want you to be clear how we&rsquo;re using information and the ways in which you can protect your privacy.</p>\n\n<p>Our Privacy Policy explains:</p>\n\n<p>What information we collect and why we collect it.<br />\nHow we use that information.<br />\nThe choices we offer, including how to access and update information.<br />\nWe&rsquo;ve tried to keep it as simple as possible, but if you&rsquo;re not familiar with terms like cookies, IP addresses, pixel tags and browsers, then read about these key terms first. Your privacy matters to Google so whether you are new to Google or a long-time user, please do take the time to get to know our practices &ndash; and if you have any questions contact us.</p>\n\n<p>Back to top<br />\nInformation we collect<br />\nWe collect information to provide better services to all of our users &ndash; from figuring out basic stuff like which language you speak, to more complex things like which ads you&rsquo;ll find most useful, the people who matter most to you online, or which YouTube videos you might like.</p>\n\n<p>We collect information in the following ways:</p>\n\n<p>Information you give us. For example, many of our services require you to sign up for a Google Account. When you do, we&rsquo;ll ask for personal information, like your name, email address, telephone number or credit card to store with your account. If you want to take full advantage of the sharing features we offer, we might also ask you to create a publicly visible Google Profile, which may include your name and photo.</p>\n\n<p>Information we get from your use of our services. We collect information about the services that you use and how you use them, like when you watch a video on YouTube, visit a website that uses our advertising services, or view and interact with our ads and content. This information includes:</p>\n\n<p>Device information</p>\n\n<p>We collect device-specific information (such as your hardware model, operating system version, unique device identifiers, and mobile network information including phone number). Google may associate your device identifiers or phone number with your Google Account.</p>\n\n<p>Log information</p>\n\n<p>When you use our services or view content provided by Google, we automatically collect and store certain information in server logs. This includes:</p>\n\n<p>details of how you used our service, such as your search queries.<br />\ntelephony log information like your phone number, calling-party number, forwarding numbers, time and date of calls, duration of calls, SMS routing information and types of calls.<br />\nInternet protocol address.<br />\ndevice event information such as crashes, system activity, hardware settings, browser type, browser language, the date and time of your request and referral URL.<br />\ncookies that may uniquely identify your browser or your Google Account.<br />\nLocation information</p>\n\n<p>When you use Google services, we may collect and process information about your actual location. We use various technologies to determine location, including IP address, GPS, and other sensors that may, for example, provide Google with information on nearby devices, Wi-Fi access points and cell towers.</p>\n\n<p>Unique application numbers</p>\n\n<p>Certain services include a unique application number. This number and information about your installation (for example, the operating system type and application version number) may be sent to Google when you install or uninstall that service or when that service periodically contacts our servers, such as for automatic updates.</p>\n\n<p>Local storage</p>\n\n<p>We may collect and store information (including personal information) locally on your device using mechanisms such as browser web storage (including HTML 5) and application data caches.</p>\n\n<p>Cookies and similar technologies</p>\n\n<p>We and our partners use various technologies to collect and store information when you visit a Google service, and this may include using cookies or similar technologies to identify your browser or device. We also use these technologies to collect and store information when you interact with services we offer to our partners, such as advertising services or Google features that may appear on other sites. Our Google Analytics product helps businesses and site owners analyze the traffic to their websites and apps. When used in conjunction with our advertising services, such as those using the DoubleClick cookie, Google Analytics information is linked, by the Google Analytics customer or by Google, using Google technology, with information about visits to multiple sites.</p>\n\n<p>Information we collect when you are signed in to Google, in addition to information we obtain about you from partners, may be associated with your Google Account. When information is associated with your Google Account, we treat it as personal information. For more information about how you can access, manage or delete information that is associated with your Google Account, visit the Transparency and choice section of this policy.</p>\n\n<p>Back to top<br />\nHow we use information we collect<br />\nWe use the information we collect from all of our services to provide, maintain, protect and improve them, to develop new ones, and to protect Google and our users. We also use this information to offer you tailored content &ndash; like giving you more relevant search results and ads.</p>\n\n<p>We may use the name you provide for your Google Profile across all of the services we offer that require a Google Account. In addition, we may replace past names associated with your Google Account so that you are represented consistently across all our services. If other users already have your email, or other information that identifies you, we may show them your publicly visible Google Profile information, such as your name and photo.</p>\n\n<p>If you have a Google Account, we may display your Profile name, Profile photo, and actions you take on Google or on third-party applications connected to your Google Account (such as +1&rsquo;s, reviews you write and comments you post) in our services, including displaying in ads and other commercial contexts. We will respect the choices you make to limit sharing or visibility settings in your Google Account.</p>\n\n<p>When you contact Google, we keep a record of your communication to help solve any issues you might be facing. We may use your email address to inform you about our services, such as letting you know about upcoming changes or improvements.</p>\n\n<p>We use information collected from cookies and other technologies, like pixel tags, to improve your user experience and the overall quality of our services. One of the products we use to do this on our own services is Google Analytics. For example, by saving your language preferences, we&rsquo;ll be able to have our services appear in the language you prefer. When showing you tailored ads, we will not associate an identifier from cookies or similar technologies with sensitive categories, such as those based on race, religion, sexual orientation or health.</p>\n\n<p>Our automated systems analyze your content (including emails) to provide you personally relevant product features, such as customized search results, tailored advertising, and spam and malware detection.</p>\n\n<p>We may combine personal information from one service with information, including personal information, from other Google services &ndash; for example to make it easier to share things with people you know. Depending on your account settings, your activity on other sites and apps may be associated with your personal information in order to improve Google&rsquo;s services and the ads delivered by Google.</p>\n\n<p>We will ask for your consent before using information for a purpose other than those that are set out in this Privacy Policy.</p>\n\n<p>Google processes personal information on our servers in many countries around the world. We may process your personal information on a server located outside the country where you live.</p>\n\n<p>Back to top<br />\nTransparency and choice<br />\nPeople have different privacy concerns. Our goal is to be clear about what information we collect, so that you can make meaningful choices about how it is used. For example, you can:</p>\n\n<p>Review and update your Google activity controls to decide what types of data, such as videos you&rsquo;ve watched on YouTube or past searches, you would like saved with your account when you use Google services. You can also visit these controls to manage whether certain activity is stored in a cookie or similar technology on your device when you use our services while signed-out of your account.<br />\nReview and control certain types of information tied to your Google Account by using Google Dashboard.<br />\nView and edit your preferences about the Google ads shown to you on Google and across the web, such as which categories might interest you, using Ads Settings. You can also visit that page to opt out of certain Google advertising services.<br />\nAdjust how the Profile associated with your Google Account appears to others.<br />\nControl who you share information with through your Google Account.<br />\nTake information associated with your Google Account out of many of our services.<br />\nChoose whether your Profile name and Profile photo appear in shared endorsements that appear in ads.<br />\nYou may also set your browser to block all cookies, including cookies associated with our services, or to indicate when a cookie is being set by us. However, it&rsquo;s important to remember that many of our services may not function properly if your cookies are disabled. For example, we may not remember your language preferences.</p>\n\n<p>Back to top<br />\nInformation you share<br />\nMany of our services let you share information with others. Remember that when you share information publicly, it may be indexable by search engines, including Google. Our services provide you with different options on sharing and removing your content.</p>\n\n<p>Back to top<br />\nAccessing and updating your personal information<br />\nWhenever you use our services, we aim to provide you with access to your personal information. If that information is wrong, we strive to give you ways to update it quickly or to delete it &ndash; unless we have to keep that information for legitimate business or legal purposes.</p>\n\n<p>We aim to maintain our services in a manner that protects information from accidental or malicious destruction. Because of this, after you delete information from our services, we may not immediately delete residual copies from our active servers and may not remove information from our backup systems.</p>\n\n<p>Back to top<br />\nInformation we share<br />\nWe do not share personal information with companies, organizations and individuals outside of Google unless one of the following circumstances applies:</p>\n\n<p>With your consent</p>\n\n<p>We will share personal information with companies, organizations or individuals outside of Google when we have your consent to do so. We require opt-in consent for the sharing of any sensitive personal information.</p>\n\n<p>With domain administrators</p>\n\n<p>If your Google Account is managed for you by a domain administrator (for example, for G Suite users) then your domain administrator and resellers who provide user support to your organization will have access to your Google Account information (including your email and other data). Your domain administrator may be able to:</p>\n\n<p>view statistics regarding your account, like statistics regarding applications you install.<br />\nchange your account password.<br />\nsuspend or terminate your account access.<br />\naccess or retain information stored as part of your account.<br />\nreceive your account information in order to satisfy applicable law, regulation, legal process or enforceable governmental request.<br />\nrestrict your ability to delete or edit information or privacy settings.<br />\nPlease refer to your domain administrator&rsquo;s privacy policy for more information.</p>\n\n<p>For external processing</p>\n\n<p>We provide personal information to our affiliates or other trusted businesses or persons to process it for us, based on our instructions and in compliance with our Privacy Policy and any other appropriate confidentiality and security measures.</p>\n\n<p>For legal reasons</p>\n\n<p>We will share personal information with companies, organizations or individuals outside of Google if we have a good-faith belief that access, use, preservation or disclosure of the information is reasonably necessary to:</p>\n\n<p>meet any applicable law, regulation, legal process or enforceable governmental request.<br />\nenforce applicable Terms of Service, including investigation of potential violations.<br />\ndetect, prevent, or otherwise address fraud, security or technical issues.<br />\nprotect against harm to the rights, property or safety of Google, our users or the public as required or permitted by law.<br />\nWe may share non-personally identifiable information publicly and with our partners &ndash; like publishers, advertisers or connected sites. For example, we may share information publicly to show trends about the general use of our services.</p>\n\n<p>If Google is involved in a merger, acquisition or asset sale, we will continue to ensure the confidentiality of any personal information and give affected users notice before personal information is transferred or becomes subject to a different privacy policy.</p>\n\n<p>Back to top<br />\nInformation security<br />\nWe work hard to protect Google and our users from unauthorized access to or unauthorized alteration, disclosure or destruction of information we hold. In particular:</p>\n\n<p>We encrypt many of our services using SSL.<br />\nWe offer you two step verification when you access your Google Account, and a Safe Browsing feature in Google Chrome.<br />\nWe review our information collection, storage and processing practices, including physical security measures, to guard against unauthorized access to systems.<br />\nWe restrict access to personal information to Google employees, contractors and agents who need to know that information in order to process it for us, and who are subject to strict contractual confidentiality obligations and may be disciplined or terminated if they fail to meet these obligations.<br />\nBack to top<br />\nWhen this Privacy Policy applies<br />\nOur Privacy Policy applies to all of the services offered by Google LLC and its affiliates, including YouTube, services Google provides on Android devices, and services offered on other sites (such as our advertising services), but excludes services that have separate privacy policies that do not incorporate this Privacy Policy.</p>\n\n<p>Our Privacy Policy does not apply to services offered by other companies or individuals, including products or sites that may be displayed to you in search results, sites that may include Google services, or other sites linked from our services. Our Privacy Policy does not cover the information practices of other companies and organizations who advertise our services, and who may use cookies, pixel tags and other technologies to serve and offer relevant ads.</p>\n\n<p>Back to top<br />\nCompliance and cooperation with regulatory authorities<br />\nWe regularly review our compliance with our Privacy Policy. We also adhere to several self regulatory frameworks, including the EU-US and Swiss-US Privacy Shield Frameworks. When we receive formal written complaints, we will contact the person who made the complaint to follow up. We work with the appropriate regulatory authorities, including local data protection authorities, to resolve any complaints regarding the transfer of personal data that we cannot resolve with our users directly.</p>\n\n<p>Back to top<br />\nChanges<br />\nOur Privacy Policy may change from time to time. We will not reduce your rights under this Privacy Policy without your explicit consent. We will post any privacy policy changes on this page and, if the changes are significant, we will provide a more prominent notice (including, for certain services, email notification of privacy policy changes). We will also keep prior versions of this Privacy Policy in an archive for your review.</p>\n\n<p>Back to top<br />\nSpecific product practices<br />\nThe following notices explain specific privacy practices with respect to certain Google products and services that you may use:</p>\n\n<p>Chrome and Chrome OS<br />\nPlay Books<br />\nPayments<br />\nFiber<br />\nProject Fi<br />\nG Suite for Education<br />\nYouTube Kids<br />\nGoogle Accounts Managed with Family Link<br />\nFor more information about some of our most popular services, you can visit the Google Product Privacy Guide.</p>\n\n<p>Back to top<br />\nOther useful privacy and security related materials<br />\nFurther useful privacy and security related materials can be found through Google&rsquo;s policies and principles pages, including:</p>\n\n<p>Information about our technologies and principles, which includes, among other things, more information on<br />\nhow Google uses cookies.<br />\ntechnologies we use for advertising.<br />\nhow we recognize patterns like faces.<br />\nA page that explains what data is shared with Google when you visit websites that use our advertising, analytics and social products.<br />\nThe Privacy Checkup tool, which makes it easy to review your key privacy settings.<br />\nGoogle&rsquo;s safety center, which provides information on how to stay safe and secure online.</p>\n', '1', '2018-05-11 00:14:27', '', '0000-00-00 00:00:00', 3, NULL, 0, 0, 1),
(122, 'Panduan & Prosedur', 'panduan-prosedur', '', 'Sample Panduan dan Prosedur', '', NULL, NULL, NULL, '<p>This is sample content Panduan &amp; Prosedur</p>\n\n<p>Lorem ipsum dolor sit amet, consectetur adipiscing elit. Suspendisse eros purus, porttitor sit amet porttitor non, venenatis in tortor. Sed ullamcorper posuere massa, quis volutpat dolor dignissim sed. Ut bibendum euismod ligula consequat consequat. Mauris porttitor metus a nisl tempor rutrum. Donec posuere porttitor pharetra. Praesent pharetra tortor ex, pretium vehicula erat vehicula nec. Duis ut leo vitae nisl viverra efficitur.</p>\n\n<p>Lorem ipsum dolor sit amet, consectetur adipiscing elit. Suspendisse eros purus, porttitor sit amet porttitor non, venenatis in tortor. Sed ullamcorper posuere massa, quis volutpat dolor dignissim sed. Ut bibendum euismod ligula consequat consequat. Mauris porttitor metus a nisl tempor rutrum. Donec posuere porttitor pharetra. Praesent pharetra tortor ex, pretium vehicula erat vehicula nec. Duis ut leo vitae nisl viverra efficitur.</p>\n', '1', '2018-05-13 13:45:17', '1', '2018-05-13 13:57:45', 1, NULL, 0, 0, 1),
(123, 'Rekrutmen', 'rekrutmen', '', 'Desc dari Rekrutmen', '', NULL, NULL, NULL, '<p>Lorem ipsum dolor sit amet, consectetur adipiscing elit. Suspendisse eros purus, porttitor sit amet porttitor non, venenatis in tortor. Sed ullamcorper posuere massa, quis volutpat dolor dignissim sed. Ut bibendum euismod ligula consequat consequat. Mauris porttitor metus a nisl tempor rutrum. Donec posuere porttitor pharetra. Praesent pharetra tortor ex, pretium vehicula erat vehicula nec. Duis ut leo vitae nisl viverra efficitur.</p>\n\n<p>Aenean vel rutrum tellus. Etiam id molestie sem. Vestibulum aliquam diam sed mauris cursus hendrerit. Sed pharetra, magna sed gravida varius, lacus ligula finibus neque, eget commodo nisl leo non quam. Donec sed justo in libero euismod interdum a et ipsum. Cras venenatis varius turpis, non accumsan enim ultricies a. Quisque sed maximus velit. Sed elit nunc, dignissim at augue et, venenatis pharetra est.</p>\n', '1', '2018-05-13 14:04:13', '', '0000-00-00 00:00:00', 1, NULL, 0, 0, 1),
(124, 'Karyawan Baru', 'karyawan-baru', '', 'Desc dari Halaman Karyawan Baru', '', NULL, NULL, NULL, '<p>Lorem ipsum dolor sit amet, consectetur adipiscing elit. Suspendisse eros purus, porttitor sit amet porttitor non, venenatis in tortor. Sed ullamcorper posuere massa, quis volutpat dolor dignissim sed. Ut bibendum euismod ligula consequat consequat. Mauris porttitor metus a nisl tempor rutrum. Donec posuere porttitor pharetra. Praesent pharetra tortor ex, pretium vehicula erat vehicula nec. Duis ut leo vitae nisl viverra efficitur.</p>\n\n<p>Aenean vel rutrum tellus. Etiam id molestie sem. Vestibulum aliquam diam sed mauris cursus hendrerit. Sed pharetra, magna sed gravida varius, lacus ligula finibus neque, eget commodo nisl leo non quam. Donec sed justo in libero euismod interdum a et ipsum. Cras venenatis varius turpis, non accumsan enim ultricies a. Quisque sed maximus velit. Sed elit nunc, dignissim at augue et, venenatis pharetra est.</p>\n', '1', '2018-05-13 14:06:02', '', '0000-00-00 00:00:00', 1, NULL, 0, 0, 1),
(126, 'Pentingnya Program Pengembangan Karyawan', 'pentingnya-program-pengembangan-karyawan', '', 'Perusahaan yang bertujuan untuk maju seharusnya tidak mengabaikan program pengembangan karyawan (employee development program).', 'bluebird-welcome-opt-re-training.jpg', NULL, 'jpg', '85.41', '<p>Perusahaan yang bertujuan untuk maju seharusnya tidak mengabaikan program pengembangan karyawan (employee development program). Tidak diragukan lagi, karyawan mempunyai peranan yang sangat penting dalam pencapaian suatu tujuan perusahaan. Merekalah yang melaksanakan berbagai rencana dan strategi yang dibuat pengambil keputusan. Oleh karenanya, kualitas karyawan sangat berpengaruh pada keberhasilan suatu program atau penyelesaian suatu pekerjaan. Semakin bagus kualitas karyawan, semakin tinggi tingkat keberhasilan.</p>\n\n<p>Sayangnya, di banyak perusahaan, program pengembangan karyawan menjadi nomor kesekian dalam skala prioritas mereka. Training, mentoring, dancoaching tidak dikategorikan sebagai sesuatu yang penting. Bahkan, di beberapa perusahaan, program seperti ini tidak pernah dipikirkan. Padahal, jika dijalankan dengan benar dan tepat, program ini mempunyai peranan yang sangat besar untuk kemajuan perusahaan. Berikut ini adalah alasan mengapa setiap perusahaan hendaknya mengalokasikan waktu, tenaga dan biaya untuk program pengembangan karyawan:</p>\n\n<h3><strong>1. Meningkatkan performa karyawan</strong></h3>\n\n<p>Melalui pelatihan dan pembinaan, karyawan mempunyai kesempatan meningkatkan kemampuan dan keahlian mereka. Kekurangan mereka diperlemah dan kelebihan mereka diperkuat. Karyawan juga akan mendapat informasi-informasi baru dan belajar ketrampilan-ketrampilan baru yang diperlukan untuk menyelesaikan pekerjaan mereka. Sehingga, mereka akan menjadi lebih percaya diri untukmenghadapi tantangan baru dalam bidang kerja mereka.</p>\n\n<h3><strong>2. Meningkatkan produktivitas</strong></h3>\n\n<p>Karyawan yang mendapat pelatihan dan pembinaan memiliki pengetahuan dan ketrampilan yang dibutuhkan untuk menyelesaikan pekerjaan sehari-hari. Mereka akan mampu bekerja dengan kecepatan tinggi karena mereka tahu apa yang harus dilakukan. Bahkan, ketika muncul tantangan baru dalam pekerjaan, mereka sudah tahu bagaimana harus menyikapinya.</p>\n\n<h3><strong>3. Memberi kepuasan kepada karyawan</strong></h3>\n\n<p>Pelatihan dan pembinaan yang bertujuan menambah pengetahuan dan ketrampilan disadari karyawan sebagai upaya untuk meningkatkan kualitas mereka. Ini berarti bahwa perusahaan tidak hanya mengambil (take) tapi juga memberi (give). Dengan kata lain, perusahaan memperhatikan mereka. Perasaan diperhatikan inilah yang membuat karyawan merasa puas bekerja. Akibatnya, mereka akan menjadi karyawan yang loyal.</p>\n\n<h3><strong>4. Meningkatkan kualitas produk dan layanan</strong></h3>\n\n<p>Pengetahuan dan ketrampilan yang didapatkan dari pelatihan dan pembinaan meningkatkan kemampuan karyawan dalam membuat produk atau memberikan pelayanan. Hal ini tentu akan mempunyai efek yang positif untuk perusahaan. Produk dan layanan berkualitas baik selalu dicari konsumen. Jika perusahaan Anda mampu memberikannya, bisa dipastikan bahwa produk atau layanan dari perusahaan Anda akan menjadi pilihan konsumen.</p>\n\n<h3><strong>5. Mengurangi beban perusahaan</strong></h3>\n\n<p>Program pengembangan karyawan memang membutuhkan dana. Namun, dalam jangka panjang, program ini justru dapat membantu mengurangi beban perusahaan. Ketika semua karyawan dapat bekerja dengan baik, cepat dan tanpa supervisi, tidak akan ada biaya tambahan yang akan dikeluarkan karena order telat diselesaikan atau produk berkualitas rendah. Bahkan, kemungkinan yang terbesar adalah menurunnya biaya yang harus dikeluarkan karena order atau pelayanan dapat diselesaikan lebih cepat.</p>\n', '1', '2018-05-15 06:45:15', '1', '2018-05-15 08:57:45', 12, NULL, 0, 1, 1),
(127, 'Training & Development untuk Karyawan Baru', 'training-development-untuk-karyawan-baru', '', 'Karyawan baru, merupakan sumber daya manusia yang baru bergabung dalam sebuah perusahaan', 'training-1.jpg', NULL, 'jpg', '144.64', '<p>Karyawan baru, merupakan sumber daya manusia yang baru bergabung dalam sebuah perusahaan. Mari kita ibaratkan karyawan baru seperti bayi yang baru saja lahir dan membutuhkan fasilitas dan media untuk belajar. Karyawan yang baru bergabung tentu saja sudah memiliki potensi yang sesuai dengan jabatan dimana Ia ditempatkan, tinggal bagaimana perusahaan nantinya membina karyawan tersebut.</p>\n\n<p>Training &amp; Development merupakan salah satu media belajar karyawan untuk mengembangkan keterampilan sekaligus kompetensi yang dimiliki guna mencapai target kerja yang optimal. Pada karyawan baru, tentu saja program training &amp; development sangat diperlukan. Terlebih bagi mereka yang belum memiliki pengalaman kerja sama sekali. Pada artikel kali ini akan menggambarkan mengenai pemberian training dan development untuk karyawan baru, yang dapat digunakan sebagai acuan awal.</p>\n\n<h2><strong>Program Training</strong></h2>\n\n<p><strong>1. Training Tentang Pengenalan Lingkungan Perusahaan</strong></p>\n\n<p>Pengenalan lingkungan perusahaan kepada karyawan baru merupakan hal yang penting. Pemberian training ini bertujuan untuk membantu karyawan baru untuk dapat lebih cepat dalam beradaptasi. Materi yang termuat di dalam training ini, terkait dengan kondisi lingkungan kerja, jam kerja, peraturan perusahaan, dan juga budaya kerja yang ada di perusahaan. Semua dikenalkan kepada karyawan baru sebelum Ia diterjunkan langsung ke lapangan. Pemberian training dapat dilakukan dengan penyampaian materi di dalam kelas, kemudian orientasi di lapangan secara langsung.</p>\n\n<p><strong>2. Training Tentang 5R dan K3</strong></p>\n\n<p>5R dan K3 merupakan bekal utama karyawan agar dapat dengan lancar menyelesaikan pekerajaannya dengan optimal sekaligus dengan keselematan dan keamanan kerja yang memadai. 5R memiliki kepanjangan Ringkas, Rapi, Resik, Rawat, dan Rajin). Tentu saja dengan menerapkan hal tersebut di lingkungan kerja, akan tercapai kenyamanan dan keamanan kerja yang diharapkan. K3 diberikan terkait dengan pemahaman prosedur keselamatan kerja karyawan agar tidak terjadi kecelakaan terhadap karyawan baru tersebut selama nantinya bekerja di perusahaan.</p>\n\n<p><strong>3. Training Tentang Intruksi Kerja/ Standar Operational Prosedur</strong></p>\n\n<p>Training mengenai instruksi kerja, merupakan pembekalan yang diberikan kepada karyawan baru terkait dengan wilayah jangkauan tugasnya, dan pihak terkait dengan tugas dan tanggung jawabnya. Urutan kerja harus diikuti agar hasil kerja dapat lebih terkontrol dan terstandar.</p>\n\n<p><strong>4. Training Tentang Continous Improvement</strong></p>\n\n<p>Training mengenai continous improvement lebih menekankan mengenai program improvement yang dilakukan oleh perusahaan. Misalnya dengan memberikan ide-ide perbaikan, dan merealisasikan ide tersebut, sehingga karyawan akan memperoleh reward dari perusahaan. Pada training ini, karyawan diperkenalkan mengenai program, serta peraturan yang berlaku dengan program terkait.</p>\n\n<h2><strong>Program Development</strong></h2>\n\n<p><strong>1. Peningkatan mengenai teamwork</strong></p>\n\n<p>Pemberian tugas-tugas secara sadar maupun tidak disadari oleh karyawan baru untuk mengenal rekan kerjanya baik dalam satu tim, maupun dari luar tim dapat dilakukan sebagai salah satu cara untuk meningkatkan teamwork. Dalam perusahaan, tentu teamwork merupakan hal utama yang harus dimiliki, karena seluruh karyawan akan terhubung satu sama lain untuk mendukung kinerja perusahaan.</p>\n\n<p><strong>2. Peningkatan mengenai planning</strong></p>\n\n<p>Pada karyawan baru, terutama bagi karyawan baru yang masih belum memiliki pengalaman kerja. Memberikan penugasan dengan meminta mereka untuk menyusun rencana aktifitas sehari-hari di kantor dan juga target kerjanya, dapat membantu mereka untuk menentukan skala prioritas sehingga dapat mencapai hasil kerja yang optimal.</p>\n\n<p><strong>3. Peningkatan mengenai motivasi kerja</strong></p>\n\n<p>Motivasi kerja, sangat berhubungan erat dengan lingkungan kerja sekitar. Pada pengembangan terkait dengan motivasi kerja, tentu saja Anda sebagai atasan harus bisa melihat karyawan baru adalah tipe orang yang seperti apa. Misalnya, karyawan baru yang tergabung dalam perusahaan adalah tipe orang yang memiliki banyak energi, sehingga untuk meningkatkan motivasi kerjanya, diperlukan bagi Anda untuk memberikan tantangan yang semakin meningkat porsinya pada tiap tahapa. Maka dapat dipastikan mereka merasakan tumbuhnya motivasi kerja dari dalam diri sendiri.</p>\n', '1', '2018-05-15 06:46:06', '1', '2018-05-15 08:53:56', 12, NULL, 0, 1, 1),
(128, 'Kemampuan Leadership Yang Harus Dimiliki', 'kemampuan-leadership-yang-harus-dimiliki', '', 'Terdapat 4 materi pokok yang pasti akan diajarkan dalam training leadership untuk membentuk jiwa kepemimpinan seorang karyawan.', 'bluebird-welcome-opt-re-111.jpg', NULL, 'jpg', '58', '<p>Pelatihan kepemimpinan dalam sebuah perusahaan atau yang lebih banyak dikenal dengan istilah training leadership ini menjadi tonggak penting kepemimpinan perusahaan. Setiap perusahaan pasti selalu membutuhkan pergantian kepemimpinan&nbsp; yang memiliki kompetensi lebih baik atau paling tidak sama dengan pemimpin sebelumnya. Untuk itulah diadakan pelatihan dengan materi leadership yang kuat agar calon pemimpin ini bisa terarah dengan baik.</p>\n\n<p>Kepemimpinan menjadi salah satu seni yang cukup sulit dilakukan bagi sebagian orang. Mereka harus menyempurnakan diri sebagai seseorang yang bijaksana, tegas, berani mengambil keputusan, bisa mengayomi anak buahnya dan lain sebagainya. Belajar dari pengalaman saja tidak cukup, para pemimpin ini wajib mendapatkan materi leadership yang sesuai dengan karakteristik anggota yang dipimpinnya.</p>\n\n<p>Pada dasarnya setiap training leadership pasti memiliki patokan dasar materi atau materi utama yang dikhususkan untuk membentuk jiwa kepemimpinan pesertanya. Berikut ini terdapat 4 materi pokok yang pasti akan diajarkan dalam training leadership :</p>\n\n<h3><strong>1. Pembentukan karakter pemimpin terbaik</strong></h3>\n\n<p>Setiap pemimpin wajib memiliki bekal karakter pemimpin yang hebat dan mampu membawa perusahaan ke arah yang lebih baik. Pemimpin ini wajib memiliki karakter tegas, wibawa, disegani, mampu memotivasi, mengayomi anak buahnya, cepat dan tepat dalam mengambil keputusan serta bisa memberikan arahan yang jelas kepada bawahannya.</p>\n\n<p>Materi pembentukan dan pengembangan karakter untuk mencetak seorang pemimpin yang berwibawa, tegas, disegani, namun tetap bisa memotivasi dan mengayomi semua anak buahnya.</p>\n\n<h3><strong>2. Pembentukan dan penerapan visi dan misi perusahaan</strong></h3>\n\n<p>Aspek kepemimpinan sangatlah luas, mulai dari pembentukan karakter hingga visi misi kepemimpinan perusahaan itu sendiri.</p>\n\n<p>Pada materi leadership akan diajarkan mengenai bagaimana caranya membentuk visi misi yang jelas dan mengimplementasikannya pada perusahaan.</p>\n\n<p>Setiap visi yang dibentuk akan menentukan sejauh mana jarak pandang perusahaan terhadap masa depannya. Sedangkan misi&nbsp; yang dibentuk merupakan ketrampilan masa kini sehingga pemimpin bisnis akan mengetahui apa yang harus dilakukannya berdasarkan skala prioritas.</p>\n\n<h3><strong>3. Kepemimpinan kreatif</strong></h3>\n\n<p>Setiap pemimpin diwajibkan memiliki kreatifitas dan kemampuan khusus yang bisa membawa perusahaannya ke arah yang lebih baik. Sisi kreatif pemimpin inilah yang sangat dibutuhkan saat perusahaan mengalami sebuah masalah. Terkadang pemecahan masalah ini tidak bisa dilakukan hanya dengan mengandalkan sistem yang tengah berjalan. Namun pemimpin harus melakukan pendekatan yang kreatif untuk menyelesaikan permasalahan tersebut.</p>\n\n<p>Misalnya sebuah masalah yang menimpa karyawan terbaik Anda, maka hal yang harus dilakukan untuk menjaga agar karyawan tersebut tidak keluar adalah dengan melakukan keputusan kreatif. Keputusan ini haruslah menguntungkan perusahaan dan menguntungkan pula bagi karyawan tersebut. Contohnya dengan memberikan kebijakan khusus bagi karyawan itu tanpa harus membuat karyawan lain bergejolak.</p>\n\n<h3><strong>4. Kode etik kepemimpinan</strong></h3>\n\n<p>Ada kalanya kepemimpinan membutuhkan kode etik tertentu agar tidak ditinggalkan oleh bawahannya. Kode etik ini biasanya berupa prinsip moral dan hukum agar bisa menegakkan tugas kepemimpinan dengan baik. Pada materi leadership akan diajarkan secara lengkap mengenai kode etik ini. Pentingnya kode etik kepemimpinan saat ini telah disadari oleh sebagian besar perusahaan. Hal ini karena kadangkala peraturan yang disusun dalam Standard Operational Procedure (SOP) tidak selamanya relevan dengan keadaan tertentu.</p>\n\n<p>Kode etik kepemimpinan inilah yang akan membawa calon pemimpin ini mampu mengatasi masalah dalam perusahaan dengan baik. Apalagi yang berkaitan dengan hubungan antar karyawan. Sehingga seorang pemimpin akan bisa mengambil keputusan dengan tepat dan cepat.</p>\n\n<p>Penentuan materi leadership biasanya dilakukan langsung oleh organisasi profesional yang mengadakan training kepemimpinan ini. Pasikan Anda menggunakan pelatih bisnis profesional agar bisa memberikan hasil terbaik. Pilihlah yang memiliki kualitas dan jam terbang yang mumpuni agar bisa memperoleh bibit pemimpin terbaik untuk perusahaan Anda.</p>\n\n<p>Demikianlah berbagai materi leadership yang sangat dibutuhkan oleh seorang pemimpin sebagai bekal untuk menjalankan kepemimpinan organisasi bisnis dengan baik. Selain materi di atas masih banyak lagi materi tambahan yang menunjang peningkatan karakter dan kemampuan pemimpin. Jadikanlah pelatihan bisnis di perusahaan Anda sebagai salah satu sarana investasi kinerja Sumber Daya Manusia perusahaan.</p>\n', '1', '2018-05-15 08:48:19', '1', '2018-06-03 19:30:47', 12, NULL, 0, 0, 1),
(129, 'Tata Tertib Kehadiran', 'tata-tertib-kehadiran', '', 'Merupakan informasi untuk tata tertib ', 'Untitled-1.jpg', NULL, 'jpg', '106.69', '<p>ceklis</p>\n', '1', '2018-05-15 12:00:32', '1', '2018-06-07 10:55:59', 1, NULL, 0, 0, 1),
(131, 'Tentang', 'tentang', '', 'Halaman  untuk mengisi tentang', '', NULL, NULL, NULL, '<p>Lorem ipsum dolor sit amet, consectetur adipiscing elit, sed do eiusmod tempor incididunt ut labore et dolore magna aliqua. Ut enim ad minim veniam, quis nostrud exercitation ullamco laboris nisi ut aliquip ex ea commodo consequat. Duis aute irure dolor in reprehenderit in voluptate velit esse cillum dolore eu fugiat nulla pariatur. Excepteur sint occaecat cupidatat non proident, sunt in culpa qui officia deserunt mollit anim id est laborum.</p>\n', '1', '2018-05-15 14:44:19', '', '0000-00-00 00:00:00', 1, NULL, 0, 0, 1),
(132, 'Menu Tutorial', 'menu-tutorial', '', 'Halaman untuk mengisi Menu Tutorial', '', NULL, NULL, NULL, '<p>Lorem ipsum dolor sit amet, consectetur adipiscing elit, sed do eiusmod tempor incididunt ut labore et dolore magna aliqua. Ut enim ad minim veniam, quis nostrud exercitation ullamco laboris nisi ut aliquip ex ea commodo consequat. Duis aute irure dolor in reprehenderit in voluptate velit esse cillum dolore eu fugiat nulla pariatur. Excepteur sint occaecat cupidatat non proident, sunt in culpa qui officia deserunt mollit anim id est laborum.</p>\n', '1', '2018-05-15 14:45:49', '', '0000-00-00 00:00:00', 1, NULL, 0, 0, 1),
(133, 'faq', 'faq', '', 'Halaman untuk mengisi FAQ', '', NULL, NULL, NULL, '<p>Lorem ipsum dolor sit amet, consectetur adipiscing elit, sed do eiusmod tempor incididunt ut labore et dolore magna aliqua. Ut enim ad minim veniam, quis nostrud exercitation ullamco laboris nisi ut aliquip ex ea commodo consequat. Duis aute irure dolor in reprehenderit in voluptate velit esse cillum dolore eu fugiat nulla pariatur. Excepteur sint occaecat cupidatat non proident, sunt in culpa qui officia deserunt mollit anim id est laborum.</p>\n', '1', '2018-05-15 14:46:29', '', '0000-00-00 00:00:00', 1, NULL, 0, 0, 1),
(134, 'Contoh Pengumuman Learning Events', 'contoh-pengumuman-learning-events', '', 'Sample BB Learning', 'dummy.pdf', 'file', 'pdf', '12.95', '<p>sample article list</p>\n', '1', '2018-06-01 10:02:07', '1', '2018-06-29 10:29:54', 26, 'pengumuman-learning-events', 0, 0, 1),
(135, 'Syarat Pengajuan Cuti', 'syarat-pengajuan-cuti', '', 'Syarat Pengajuan Cuti', 'bluebird-welcome-opt-re12.jpg', NULL, 'jpg', '80.9', '<p>Syarat Pengajuan Cutic<img alt=\"\" src=\"/uploads/images/4.jpeg\" style=\"width: 500px; height: 375px;\" /></p>\n', '1', '2018-06-03 09:37:36', '1', '2018-06-03 09:39:56', 1, NULL, 0, 0, 1),
(136, 'Hanya untuk mencoba sesuatu yang baru', 'hanya-untuk-mencoba-sesuatu-yang-baru', '', 'Hanya untuk mencoba sesuatu yang baru', 'download.jpg', NULL, 'jpg', '19', '<p><img alt=\"\" src=\"/uploads/images/1.jpg\" style=\"width: 500px; height: 375px;\" /></p>\n\n<p>Hanya untuk mencoba sesuatu yang baru</p>\n\n<p>&nbsp;</p>\n', '1', '2018-06-03 19:35:09', '', '0000-00-00 00:00:00', 12, NULL, 0, 1, 1),
(137, 'Hanya untuk mencoba sesuatu yang baru 2', 'hanya-untuk-mencoba-sesuatu-yang-baru-2', '', 'Hanya untuk mencoba sesuatu yang baru 2', 'about-bluebird-mobile.jpg', NULL, 'jpg', '71.54', '<p>Hanya untuk mencoba sesuatu yang baru</p>\n\n<p><img alt=\"\" src=\"/uploads/images/3_440x440.jpg\" style=\"width: 440px; height: 330px;\" /></p>\n', '1', '2018-06-03 19:36:14', '1', '2018-06-03 19:36:52', 12, NULL, 0, 1, 1),
(138, 'PT Blue Bird Tbk Angkat Direktur Keuangan Baru', 'pt-blue-bird-tbk-angkat-direktur-keuangan-baru', '', 'Angkat PT Keuangan Direktur Baru', 'Nilai-nilai-Perusahaan-BB.jpg', NULL, 'jpg', '126.51', '<p>Angkat PT Keuangan Direktur Baru</p>\n\n<p><img alt=\"\" src=\"/uploads/images/1-12121.jpg\" style=\"width: 600px; height: 338px;\" /></p>\n', '1', '2018-06-03 19:39:29', '1', '2018-06-25 10:42:16', 25, NULL, 0, 1, 1),
(141, 'Karyawan Baru', 'karyawan-baru-bluebird', '', 'Ini merupakan halaman penjelasan mengenai Karyawan Baru di bluebird.', '', NULL, NULL, NULL, '<p><img alt=\"\" src=\"/uploads/images/kantor_bbg.jpg\" style=\"width: 320px; height: 240px;\" /></p>\n\n<p>Ini merupakan halaman penjelasan mengenai Karyawan Baru di bluebird.</p>\n', '1', '2018-06-04 08:46:45', '1', '2018-06-04 08:52:50', 1, NULL, 0, 0, 1),
(142, 'Masa Percobaan', 'masa-percobaan-karyawan', '', 'Ini merupakan halaman penjelasan mengenai Masa Percobaan di bluebird.', '', NULL, NULL, NULL, '<p><img alt=\"\" src=\"/uploads/images/kantor_bbg.jpg\" style=\"width: 320px; height: 240px;\" /></p>\n\n<p>Ini merupakan halaman penjelasan mengenai Masa Percobaan di bluebird.</p>\n', '1', '2018-06-04 09:21:18', '', '0000-00-00 00:00:00', 1, NULL, 0, 0, 1),
(143, 'Manajemen Kinerja', 'manajemen-kinerja', '', 'Ini merupakan halaman penjelasan mengenai Manajemen Kinerja di bluebird.', '', NULL, NULL, NULL, '<p><img alt=\"\" src=\"/uploads/images/kantor_bbg.jpg\" style=\"width: 320px; height: 240px;\" /></p>\n\n<p>Ini merupakan halaman penjelasan mengenai Manajemen Kinerja di bluebird.</p>\n', '1', '2018-06-04 09:25:00', '', '0000-00-00 00:00:00', 1, NULL, 0, 0, 1),
(144, 'Overall', 'overall-manajemen-kerja', '', 'Ini merupakan halaman penjelasan mengenai Overall Manajemen Kerja di bluebird.', '', NULL, NULL, NULL, '<p><img alt=\"\" src=\"/uploads/images/kantor_bbg.jpg\" style=\"width: 320px; height: 240px;\" /></p>\n\n<p>Ini merupakan halaman penjelasan mengenai Overall Manajemen Kerja di bluebird.</p>\n', '1', '2018-06-04 09:27:15', '', '0000-00-00 00:00:00', 1, NULL, 0, 0, 1),
(145, 'Panduan Manual', 'panduan-manual', '', 'Ini merupakan halaman penjelasan mengenai Panduan Manual berupa form di bluebird.', '', NULL, NULL, NULL, '<p>Ini merupakan halaman penjelasan mengenai Panduan Manual berupa form di bluebird.</p>\n', '1', '2018-06-04 09:28:46', '', '0000-00-00 00:00:00', 1, NULL, 0, 0, 1),
(146, 'Panduan Online', 'panduan-online', '', 'Ini merupakan halaman penjelasan mengenai Panduan Online di bluebird.', '', NULL, NULL, NULL, '<p>Ini merupakan halaman penjelasan mengenai Panduan Online di bluebird yang bisa dipilih.</p>\n\n<ol>\n	<li>Goal Setting</li>\n	<li>Self Appraisal</li>\n	<li>Manager&rsquo;s Appraisal</li>\n	<li>Archive/Non Archive</li>\n</ol>\n', '1', '2018-06-04 09:31:52', '1', '2018-06-04 09:35:10', 1, NULL, 0, 0, 1),
(147, 'Kalender', 'kalender-bluebird', '', 'Ini merupakan halaman penjelasan mengenai Kalender karyawan di bluebird.', '', NULL, NULL, NULL, '<p>Ini merupakan halaman penjelasan mengenai Kalender karyawan di bluebird.</p>\n', '1', '2018-06-04 09:36:27', '', '0000-00-00 00:00:00', 1, NULL, 0, 0, 1),
(148, 'Rating Calibration', 'rating-calibration', '', 'Ini merupakan halaman penjelasan mengenai Rating Calibration di bluebird.', '', NULL, NULL, NULL, '<p>Ini merupakan halaman penjelasan mengenai Rating Calibration di bluebird.</p>\n', '1', '2018-06-04 09:37:09', '', '0000-00-00 00:00:00', 1, NULL, 0, 0, 1),
(149, 'Talent Mapping', 'talent-mapping', '', 'Ini merupakan halaman penjelasan mengenai Talent Mapping di bluebird.', '', NULL, NULL, NULL, '<p>Ini merupakan halaman penjelasan mengenai Talent Mapping di bluebird.</p>\n', '1', '2018-06-04 09:38:14', '', '0000-00-00 00:00:00', 1, NULL, 0, 0, 1),
(150, 'Medical', 'medical-bluebird', '', 'Ini merupakan halaman penjelasan mengenai Medical karyawan di bluebird.', '', NULL, NULL, NULL, '<p>Ini merupakan halaman penjelasan mengenai Medical karyawan di bluebird.</p>\n', '1', '2018-06-04 09:39:06', '1', '2018-06-04 09:39:14', 1, NULL, 0, 0, 1),
(151, 'Blue Health', 'blue-health', '', 'Ini merupakan halaman penjelasan mengenai Blue Health karyawan di bluebird.', '', NULL, NULL, NULL, '<p>Ini merupakan halaman penjelasan mengenai Blue Health karyawan di bluebird.</p>\n', '1', '2018-06-04 09:40:01', '', '0000-00-00 00:00:00', 1, NULL, 0, 0, 1),
(152, 'JPK3', 'jpk3-karyawan-bluebird', '', 'Ini merupakan halaman penjelasan mengenai JPK3 karyawan di bluebird.', '', NULL, NULL, NULL, '<p>Ini merupakan halaman penjelasan mengenai JPK3 karyawan di bluebird.</p>\n', '1', '2018-06-04 09:41:03', '', '0000-00-00 00:00:00', 1, NULL, 0, 0, 1),
(153, 'BPJS Kesehatan', 'bpjs-kesehatan', '', 'Ini merupakan halaman penjelasan mengenai BPJS Kesehatan karyawan di bluebird.', '', NULL, NULL, NULL, '<p>Ini merupakan halaman penjelasan mengenai BPJS Kesehatan karyawan di bluebird.</p>\n', '1', '2018-06-04 09:41:55', '', '0000-00-00 00:00:00', 1, NULL, 0, 0, 1),
(154, 'BPJS Ketenagakerjaan', 'bpjs-ketenagakerjaan', '', 'Ini merupakan halaman penjelasan mengenai BPJS Ketenagakerjaan karyawan di bluebird.', '', NULL, NULL, NULL, '<p>Ini merupakan halaman penjelasan mengenai BPJS Ketenagakerjaan karyawan di bluebird.</p>\n', '1', '2018-06-04 09:42:36', '', '0000-00-00 00:00:00', 1, NULL, 0, 0, 1),
(156, 'Prosedur Pengunduran Diri', 'prosedur-pengunduran-diri', '', 'Ini merupakan halaman penjelasan mengenai Prosedur Pengunduran Diri di bluebird.', '', NULL, NULL, NULL, '<p>Ini merupakan halaman penjelasan mengenai Prosedur Pengunduran Diri di bluebird.</p>\n', '1', '2018-06-04 09:45:57', '', '0000-00-00 00:00:00', 1, NULL, 0, 0, 1),
(157, 'Formulir', 'formulir-manual-bluebird', '', 'Ini merupakan halaman penjelasan mengenai Formulir karyawan di bluebird.', '', NULL, NULL, NULL, '<p>Ini merupakan halaman penjelasan mengenai Formulir karyawan di bluebird.</p>\n\n<ol>\n	<li><a href=\"https://drive.google.com/open?id=1eMsujwVRFmfgrXheyXw0lkOnOMT6kFqo\">Formulir Aplikasi (Application Form)</a></li>\n	<li><a href=\"https://drive.google.com/open?id=1eMsujwVRFmfgrXheyXw0lkOnOMT6kFqo\">Bio Data Karyawan (Employee Data)</a></li>\n	<li>Formulir permintaan karyawan baru (Request for Recruitment)</li>\n	<li>Surat Penawaran Kerja (Offering Letter)</li>\n	<li>Formulir Evaluasi Masa Percobaan (Probationary Evaluation Form)</li>\n	<li>Formulir Interview (Interview Form)</li>\n	<li>Manajemen Kinerja (Performance Plan &amp; Appraisal)</li>\n	<li>Formulir Ketidakhadiran (Online Leave Request)</li>\n	<li>Formulir Serah Terima (Exit Clearance Form)</li>\n	<li>Formulir Karyawan Keluar (Exit Interview Form)</li>\n	<li>Form Permintaan Pelatihan/Pengembangan Karyawan</li>\n	<li>Form Evaluasi Pelatihan/Pengembangan Karyawan</li>\n</ol>\n', '1', '2018-06-04 09:52:59', '1', '2018-06-04 10:09:06', 1, NULL, 0, 0, 1),
(158, 'Learning', 'learning-bluebird', '', 'Ini merupakan halaman penjelasan mengenai Learning karyawan di bluebird.', '', NULL, NULL, NULL, '<p>Ini merupakan halaman penjelasan mengenai Learning karyawan di bluebird.</p>\n', '1', '2018-06-04 09:58:07', '', '0000-00-00 00:00:00', 1, NULL, 0, 0, 1),
(159, 'Knowledge Management', 'knowledge-management', '', 'Ini merupakan halaman penjelasan mengenai Knowledge Management di bluebird.', '', NULL, NULL, NULL, '<p>Archive</p>\n\n<ol>\n	<li>Video</li>\n	<li>Text</li>\n</ol>\n\n<p>Employees Contribution</p>\n\n<ol>\n	<li>&nbsp;Article</li>\n	<li>&nbsp;Presentation</li>\n	<li>&nbsp;Video</li>\n</ol>\n', '1', '2018-06-04 10:04:27', '', '0000-00-00 00:00:00', 1, NULL, 0, 0, 1),
(160, 'Pengumuman Learning Events', 'pengumuman-learning-events', '', 'Ini merupakan halaman penjelasan mengenai Pengumuman Learning Events di bluebird.', '', NULL, NULL, NULL, '<p>Ini merupakan halaman penjelasan mengenai Pengumuman Learning Events di bluebird.</p>\n', '1', '2018-06-04 10:05:30', '', '0000-00-00 00:00:00', 1, NULL, 0, 0, 1),
(162, 'Materi Service Culture di Pool', 'materi-service-culture-di-pool', '', 'Materi kampanye untuk pengemudi di Pool-pool tentang perilaku.', 'Bluebirdbigfave.jpg', NULL, 'jpg', '111.89', '<p><img alt=\"\" src=\"/uploads/images/periksa-lagi-pak.png\" style=\"width: 800px; height: 800px;\" /></p>\n', '1', '2018-06-04 15:08:12', '1', '2018-06-05 17:38:22', 1, NULL, 0, 1, 1);
INSERT INTO `mdl_content` (`POST_ID`, `POST_TITLE`, `POST_URI`, `POST_TITLE_SHORT`, `POST_DESCRIPTION`, `POST_FEATURE_IMAGE`, `POST_FILE_TYPE`, `POST_FILE_EXTENSION`, `POST_FILE_SIZE`, `POST_CONTENT`, `POST_INPUT_BY`, `POST_INPUT_DATE`, `POST_UPDATE_BY`, `POST_UPDATE_DATE`, `POST_CATEGORY`, `POST_CATEGORY_BBL`, `POST_MAINPAGE`, `POST_FEATURED`, `POST_ISACTIVE`) VALUES
(169, 'Leading in The Vuca World - Tigor M. Siahaan', 'leading-in-the-vuca-world-tigor-m-siahaan', '', '', 'LEADERSHIP_SHARING_SESSION_-_TIGOR_M_SIAHAAN.pdf', 'file', 'pdf', '1379.69', '<div class=\"WordSection1\">\n<h1 style=\"text-align: justify; margin: 0cm 0cm 0.0001pt;\">Inevitably, Fenomena VUCA Harus Siap Untuk Dihadapi&nbsp;</h1>\n\n<p>&nbsp;</p>\n\n<p style=\"text-align:justify; margin:0cm 0cm 0.0001pt\"><em><strong>Leadership Sharing Session </strong></em></p>\n\n<p style=\"text-align:justify; margin:0cm 0cm 0.0001pt\"><strong>2 Agustus 2017 </strong></p>\n\n<p style=\"text-align:justify; margin:0cm 0cm 0.0001pt\"><strong>Tigor M. Siahaan, CEO Bank CIMB Niaga</strong></p>\n\n<p style=\"text-align:justify; margin:0cm 0cm 0.0001pt\">&nbsp;</p>\n\n<p style=\"text-align:justify; margin:0cm 0cm 0.0001pt\"><img alt=\"\" src=\"/uploads/images/vuca-copy.png\" style=\"width: 842px; height: 595px;\" /><em>Sumber gambar: robertjgardner.co.uk</em></p>\n\n<p style=\"text-align:justify; margin:0cm 0cm 0.0001pt\">&nbsp;</p>\n\n<p style=\"text-align:justify; margin:0cm 0cm 0.0001pt\">&nbsp;</p>\n\n<p style=\"text-align:justify; margin:0cm 0cm 0.0001pt\"><span style=\"page:WordSection1\"><span style=\"font-size:10pt\"><span style=\"line-height:152%\"><span style=\"font-family:Calibri\"><span style=\"font-size:12.0pt\"><span style=\"line-height:152%\"><span new=\"\" roman=\"\" style=\"font-family:\" times=\"\">Salah satu tantangan yang tengah dihadapi oleh dunia bisnis dewasa ini adalah <i>VUCA World</i> yang merupakan akronim dari <b><i><span style=\"color:#333333\">Volatility, Uncertainty, Complexity dan Ambiguity.</span></i></b> <span style=\"color:#333333\">Setidaknya empat</span> <span style=\"color:#333333\">hal itulah yang menjadi &ldquo;hantu&rdquo; bagi perusahaan-perusahaan di seluruh dunia saat ini. Dinamika perubahan yang sangat cepat, baik dari segi inovasi dan teknologi, minimnya prediktabilitas terhadap isu dan peristiwa yang mungkin kedepannya akan terjadi, adanya gangguan internal maupun eksternal yang makin lama makin kompleks dan tak bisa dihindari, serta tingkat ambiguitas yang tinggi di dunia bisnis membuat perusahaan harus cermat dalam memasang strategi. Nokia dan beberapa perusahaan lainnya telah menjadi bukti bahwa menjadi perusahaan yang kuat dan kokoh tidaklah cukup dan menjadi jaminan bahwa perusahaan anda akan terus berjaya. Ketidakpastian-ketidakpastian inilah yang sekarang tengah menjadi pekerjaan rumah bagi seluruh pebisnis di dunia. </span></span></span></span></span></span></span></span></p>\n\n<p style=\"margin:0cm 0cm 0.0001pt\">&nbsp;</p>\n\n<p style=\"text-align:justify; margin:0cm 0cm 0.0001pt\"><span style=\"page:WordSection1\"><span style=\"font-size:10pt\"><span style=\"line-height:160%\"><span style=\"font-family:Calibri\"><span style=\"font-size:11.5pt\"><span style=\"line-height:160%\"><span new=\"\" roman=\"\" style=\"font-family:\" times=\"\"><span style=\"color:#333333\">Meningat pentingnya mengatur strategi di era VUCA tersebut, <i>Leadership Sharing Session</i> kali ini membahas bagaimana cara menjadi pemimpin yang baik di era VUCA world. Pada sesi ini, tokoh yang diundang adalah Tigor M. Siahaan, CEO Bank CIMB Niaga. Pemilihan beliau sebagai pembicara bukan tanpa alasan. Tigor dipilih karena pengalamannya dalam menangani krisis sebagai dampak dari ketidakpastian iklim bisnis. Tidak </span></span></span></span><span style=\"font-size:12.0pt\"><span style=\"line-height:160%\"><span new=\"\" roman=\"\" style=\"font-family:\" times=\"\"><span style=\"color:#333333\">hanya di CIMB Niaga, beliau juga sempat menjabat di posisi yang sama di Citibank, yang mana kita masih ingat persis dengan kasus &ldquo;pembobolan&rdquo; yang sempat melanda bank tersebut. Melalui sesi ini, Tigor banyak bercerita bagaimana pengalaman beliau dalam menangani krisis di kedua perusahaan perbankan tersebut.</span></span></span></span></span></span></span></span></p>\n\n<p style=\"text-align:justify; margin:0cm 0cm 0.0001pt\">&nbsp;</p>\n\n<p style=\"text-align:justify; margin:0cm 0cm 0.0001pt\"><span style=\"page:WordSection1\"><span style=\"font-size:10pt\"><span style=\"line-height:160%\"><span style=\"font-family:Calibri\"><span style=\"font-size:12.0pt\"><span style=\"line-height:160%\"><span new=\"\" roman=\"\" style=\"font-family:\" times=\"\"><span style=\"color:#333333\"><img alt=\"\" src=\"/uploads/images/d2.jpg\" style=\"width: 430px; height: 295px;\" /></span></span></span></span></span></span></span></span></p>\n\n<p style=\"text-align:justify; margin:0cm 0cm 0.0001pt\">&nbsp;</p>\n</div>\n\n<div class=\"WordSection2\">\n<p style=\"text-align:justify; margin:0cm 0cm 0.0001pt\"><span style=\"page:WordSection2\"><span style=\"font-size:10pt\"><span style=\"line-height:151%\"><span style=\"font-family:Calibri\"><span style=\"font-size:12.0pt\"><span style=\"line-height:151%\"><span new=\"\" roman=\"\" style=\"font-family:\" times=\"\"><span style=\"color:#333333\">Dua puluh tahun berkarir di Citibank telah mengasa kemampuan leadership Tigor, terlebih dalam masa-masa sulit yang dihadapi oleh perusahaan. Mulai dari restrukturisasi hutang nasabah hingga kasus <i>fraud</i> yang membuat Tigor hampir menyerah. Banyak yang bilang, bahwa seorang pemimpin harus terlihat kokoh dan tangguh kapanpun dan dimanapun di hadapan para pekerjanya. Namun Tigor memilih untuk mengambil caranya sendiri dalam menyelesaikan masalah tersebut. Alih-alih melakukan <i>sugar coat</i> dan berpura-pura bahwa semuanya baik-baik saja, Tigor membuka dialog dengan para koleganya tentang masalah yang dihadapi. Keterbukaan merupakan kunci yang dipegang teguh oleh Tigor agar masalah dapat cepat diidentifikasi. Keterbukaan inilah yang akhirnya menjadi jalan pembuka bagi rekan-rekannya di Citibank merasa dan menyadari bahwa mereka sedang berada di &ldquo;kapal&rdquo; yang sama, menghadapi badai yang sama, dan bersama-sama pula keluar dari segala masalah yang ada.</span></span></span></span></span></span></span></span></p>\n\n<p style=\"margin:0cm 0cm 0.0001pt\">&nbsp;</p>\n\n<p style=\"text-align:justify; margin:0cm 0cm 0.0001pt\"><span style=\"page:WordSection2\"><span style=\"font-size:10pt\"><span style=\"line-height:152%\"><span style=\"font-family:Calibri\"><span style=\"font-size:12.0pt\"><span style=\"line-height:152%\"><span new=\"\" roman=\"\" style=\"font-family:\" times=\"\"><span style=\"color:#333333\">Terlebih pada kondisi krisis semacam itu, pembajakan berupa tawaran pindah ke perusahaan lain merupakan tawaran yang menggiurkan. Tidak sedikit yang memutuskan hengkang, namun Tigor melihat lebih banyak yang bertahan. Khusus dalam hal ini, Tigor kembali mengingatkan mengapa di era VUCA yang penuh krisis ini, manajemen sumber daya manusia juga harus sangat-sangat diperhatikan. Baginya, sumber daya manusia perlu mendapat perhatian tersendiri dari sebuah perusahaan.</span></span></span></span></span></span></span></span></p>\n\n<p style=\"margin:0cm 0cm 0.0001pt\">&nbsp;</p>\n\n<p style=\"text-align:justify; margin:0cm 0cm 0.0001pt\"><span style=\"page:WordSection2\"><span style=\"font-size:10pt\"><span style=\"line-height:159%\"><span style=\"font-family:Calibri\"><span style=\"font-size:11.5pt\"><span style=\"line-height:159%\"><span new=\"\" roman=\"\" style=\"font-family:\" times=\"\"><span style=\"color:#333333\">Dalam konteks ini, beliau memberikan contoh sekaligus tips bagaimana dirinya memimpin banyak pekerja dengan kepala yang berbeda, khususnya masalah relasi antara junior dan senior di perusahaan. Gap antara keduanya jika tidak diperhatikan secara tersendiri, dapat menjadi sebuah bumerang yang akan menyusahkan perusahaan. Maka dari itu Tigor memanfaatkan istilah junior<i> </i>dan senior tersebut untuk membuat sebuah program mentoring yaitu <i>Mentee &amp; Buddy</i> <i>Relationship. </i>Program tersebut menjamin adanya hubungan yang baik antara junior dan senior,<i> </i>agar junior mau belajar kepada senior dan begitu pula sebaliknya. Sehingga apa yang dipelajari&nbsp; </span></span></span></span><span style=\"font-size:12.0pt\"><span style=\"line-height:159%\"><span new=\"\" roman=\"\" style=\"font-family:\" times=\"\"><span style=\"color:#333333\">dari perusahaan tidak hanya berhenti di satu orang, sehingga terus berlanjut ke orang-orang yang lain. Selain itu, hal ini juga akan menambah <i>sense of belonging</i> di benak para pekerja. Berbicara soal hal ini, rasa penasaranpun muncul dari benak <i>audience</i> yang hadir pada <i>sharing session</i> kali ini. Mereka bertanya, apa yang menjadi <i>trigger</i> bagi seorang senior sehingga mau menjadi <i>mentor/buddy</i>? Lebih lanjut mereka menanyakan, adakah intensif khusus yang diberikan agar<i> </i>program ini berjalan berkesinambungan.</span></span></span></span></span></span></span></span></p>\n\n<p style=\"text-align:justify; margin:0cm 0cm 0.0001pt\"><span style=\"page:WordSection2\"><span style=\"font-size:10pt\"><span style=\"line-height:159%\"><span style=\"font-family:Calibri\"><span style=\"font-size:12.0pt\"><span style=\"line-height:159%\"><span new=\"\" roman=\"\" style=\"font-family:\" times=\"\"><span style=\"color:#333333\"><img alt=\"\" src=\"/uploads/images/ilustrasi%20vuca%20world.png\" /></span></span></span></span></span></span></span></span></p>\n</div>\n\n<div class=\"WordSection3\">\n<p style=\"margin:0cm 0cm 0.0001pt\">&nbsp;</p>\n\n<p style=\"text-align:justify; margin:0cm 0cm 0.0001pt\"><span style=\"page:WordSection3\"><span style=\"font-size:10pt\"><span style=\"line-height:150%\"><span style=\"font-family:Calibri\"><span style=\"font-size:12.0pt\"><span style=\"line-height:150%\"><span new=\"\" roman=\"\" style=\"font-family:\" times=\"\"><span style=\"color:#333333\">Menjawab dua pertanyaan tersebut, Tigor sudah menyiapkan strategi tersendiri. Secara jujur dirinya mengatakan program tersebut <i>zero cost,</i> yang artinya tidak mengeluarkan biaya sama sekali, khususnya untuk biaya insentif. Ketimbang memberikan insentif, Tigor lebih memilih untuk memberikan apresiasi. Apresiasi biasanya diberikan di akhir masa <i>coaching junior</i> dengan mengumumkan sepuluh mentor terbaik. Dengan begini, harapannya akan lebih banyak senior-senior lain yang tergugah untuk berpartisipasi. Selain itu, hal ini juga akan memicu mentor yang terpilih untuk melakukan hal yang sama di periode berikutnya. Hal tersebut dipilih bukan tanpa pertimbangan. Menurut Tigor, pemberian insentif hanya akan membuat program ini berjalan karena adanya pemicu material. Beliau menginginkan semuanya dijalankan dengan hati, sehingga hasilnya juga akan baik. Terbukti, program ini masih berjalan dari awal beliau memimpin hingga sekarang.</span></span></span></span></span></span></span></span></p>\n\n<p style=\"text-align:justify; margin:0cm 0cm 0.0001pt\">&nbsp;</p>\n\n<p style=\"text-align:justify; margin:0cm 0cm 0.0001pt\"><img alt=\"\" src=\"/uploads/images/d3.jpg\" style=\"width: 400px; height: 280px;\" /></p>\n\n<p style=\"margin:0cm 0cm 0.0001pt\">&nbsp;</p>\n\n<p style=\"text-align:justify; margin:0cm 0cm 0.0001pt\"><span style=\"page:WordSection3\"><span style=\"font-size:10pt\"><span style=\"line-height:157%\"><span style=\"font-family:Calibri\"><span style=\"font-size:11.5pt\"><span style=\"line-height:157%\"><span new=\"\" roman=\"\" style=\"font-family:\" times=\"\"><span style=\"color:#333333\">Kembali lagi membahas soal VUCA, sebenarnya Tigor tak terlalu ambil pusing dengan fenomena tersebut. Baginya, VUCA adalah hal yang <i>certain</i> sekalipun istilah tersebut belum dimunculkan. Baginya, di era serba digital dimana teknologi dan inovasi terus berkembang dari masa ke masa, ambiguitas dan ketidakpastiaan adalah sebuah keniscayaan. Untuk itu, perusahaan harus memiliki strategi yang mantap dalam menghadapi hal tersebut. Ketika ditanya lebih memilih untuk <i>head to</i> <i>head </i>dengan kompetitor atau fokus pada pengembangan<i> Unique Selling Proposition (USP), </i>dirinya menjawab mantap untuk memilih yang kedua. Baginya metode <i>head to head</i> tidak akan pernah ada habisnya dan akan sangat melelahkan. Sumber daya yang dimiliki oleh perusahaan bisa difokuskan pada pengembangan USP yang telah dimiliki. Untuk memberi gambaran yang lebih jelas, Tigor turut mencontohkan dengan apa yang ia lakukan di CIMB Niaga. Alih-alih membuka banyak cabang dan menebar jutaan mesin ATM seperti yang dilakukan oleh kompetitor bank-bank besar, CIMB Niaga lebih berfokus pada pengembangan digital banking yaitu Rekening Ponsel </span></span></span></span><span style=\"font-size:12.0pt\"><span style=\"line-height:157%\"><span new=\"\" roman=\"\" style=\"font-family:\" times=\"\"><span style=\"color:#333333\">agar banknya mantap berdiri di kaki sendiri dengan USP yang telah dimiliki. Dengan begitu, perusahaan tidak perlu repot-repot mengejar ketertinggalan dari kompetitor, namun konsumen tetap memilih perusahaan tersebut karena memiliki keunikan yang tak dimiliki oleh kompetitornya.</span></span></span></span></span></span></span></span></p>\n\n<p style=\"text-align:justify; margin:0cm 0cm 0.0001pt\">&nbsp;</p>\n</div>\n\n<p style=\"text-align:justify; margin:0cm 0cm 0.0001pt\"><span style=\"font-size:10pt\"><span style=\"line-height:158%\"><span style=\"font-family:Calibri\"><span style=\"font-size:11.5pt\"><span style=\"line-height:158%\"><span new=\"\" roman=\"\" style=\"font-family:\" times=\"\"><span style=\"color:#333333\">Di akhir sesi, beliau menyampaikan tiga hal yang menjadi kunci sukses dalam menjadi <i>leader</i> di era VUCA world. Pertama adalah terus menyebarkan energi positif. Baginya, energi positif merupakan kunci dalam melakukan hal apapun. Dengan energi dan <i>attitude</i> yang positif, kita akan lebih yakin untuk maju dan melakukan suatu hal. Hal ini yang berusaha diterapkan olehnya di berbagai kesempatan, serta ketika dirinya melakukan seleksi pada calon pekerja. Karena yang dimulai dengan positif, hasilnya kurang lebih akan berdampak demikian. Kedua, seorang <i>leader</i> yang baik harusnya memiliki kehidupan yang seimbang, dalam artian dapat membagi waktu secara proporsional antara masalah professional dan personal. <i>Last but not at least,</i> beliau mengingatkan untuk tetap ingat bahwa roda selalu berputar. Selalu siap siaga dengan segala kemungkinan. Tetap <i>humble </i>jika sedang di atas dan jangan mudah menyerah ketika keadaan berubah sebaliknya.</span></span></span></span></span></span></span></p>\n\n<p style=\"text-align:justify; margin:0cm 0cm 0.0001pt\">&nbsp;</p>\n\n<p style=\"text-align:justify; margin:0cm 0cm 0.0001pt\"><img alt=\"\" src=\"/uploads/images/d1.jpg\" style=\"width: 460px; height: 307px;\" /></p>\n\n<p style=\"text-align:justify; margin:0cm 0cm 0.0001pt\">&nbsp;</p>\n\n<h1 style=\"text-align: justify; margin: 0cm 0cm 0.0001pt;\"><a href=\"http://128.199.103.189/dashboard/download/169\">UNDUH ARTIKEL</a></h1>\n', '1', '2018-06-05 15:16:27', '1', '2018-07-02 09:48:32', 26, 'leadership-sharing-session', 0, 0, 1),
(170, 'Leadership Beyond The Number -  Alexander Rusli', 'leadership-beyond-the-number-alexander-rusli', '', '', 'LEADERSHIP_SHARING_SESSION_-_ALEXANDER_RUSLI.pdf', 'file', 'pdf', '5279.84', '<h1 style=\"text-align: justify; margin: 0cm 0cm 0.0001pt;\">Paksa, Bisa, Terbiasa: &nbsp;Siapkan Pemimpin Tangguh Dalam Segala Budaya Organisasi</h1>\n\n<p>&nbsp;</p>\n\n<p style=\"text-align:justify; margin:0cm 0cm 0.0001pt\"><em><strong>Leadership Sharing Session </strong></em></p>\n\n<p style=\"text-align:justify; margin:0cm 0cm 0.0001pt\"><strong>4 Oktober 2017</strong></p>\n\n<p style=\"text-align:justify; margin:0cm 0cm 0.0001pt\"><strong>Alexander Rusli, CEO &nbsp;Indosat Ooredoo</strong></p>\n\n<p style=\"text-align:justify; margin:0cm 0cm 0.0001pt\">&nbsp;</p>\n\n<p style=\"text-align:justify; margin:0cm 0cm 0.0001pt\"><img alt=\"\" src=\"/uploads/images/Ilustrasi%20-%20CEO%20Indosat.png\" /></p>\n\n<p style=\"text-align:justify; margin:0cm 0cm 0.0001pt\">&nbsp;</p>\n\n<p style=\"text-align:justify; margin:0cm 0cm 0.0001pt\"><span style=\"font-size:10pt\"><span style=\"line-height:158%\"><span style=\"font-family:Calibri\"><span style=\"font-size:11.5pt\"><span style=\"line-height:158%\"><span new=\"\" roman=\"\" style=\"font-family:\" times=\"\"><span style=\"color:#333333\">Sebagai konsekuensi dari perkembangan teknologi, tetap berinovasi adalah kunci untuk bertahan di arena persaingan, apapun bentuknya. Namun merubah pola pikir dan perilaku untuk maju dan mau berinovasi bukanlah sebuah perkara yang mudah, terutama bagi perusahaan besar yang memiliki ribuan pekerja dengan kepala yang berbeda-beda di dalamnya. Itulah setidaknya salah satu pemicu dari topik <i>sharing session </i>kali ini yang mengundang salah satu pembicara dengan diversitas latar belakang yang cukup beragam. Merintis karir dengan menjadi dosen di <i>Curtin University, </i>berpengalaman hampir satu dekade di instansi pemerintahan, laki-laki yang memiliki nama lengkap Alexander Rusli ini kini menjabat sebagai CEO Indosat Ooredo dan membagikan pengalamannya tentang bagaimana beradaptasi dengan lingkungan kerja yang berbeda, serta mengarahkan kapal yang dinahkodainya menuju perusahaan yang berorientasi pada inovasi.</span></span></span></span></span></span></span></p>\n\n<p style=\"text-align:justify; margin:0cm 0cm 0.0001pt\">&nbsp;</p>\n\n<p style=\"text-align:justify; margin:0cm 0cm 0.0001pt\"><span style=\"font-size:10pt\"><span style=\"line-height:158%\"><span style=\"font-family:Calibri\"><span style=\"font-size:11.5pt\"><span style=\"line-height:158%\"><span new=\"\" roman=\"\" style=\"font-family:\" times=\"\"><span style=\"color:#333333\">Alex memulai diskusi dengan menjelaskan kondisi yang tengah kita hadapi di masa kini. Dunia berubah setiap hari, perilaku konsumen terus berganti, selera pasar menjadi hal yang tidak pernah pasti. Hal ini yang akhirnya menjadi pemicu bagi perusahaan untuk mau tidak mau tidak boleh lengah dalam melihat setiap kesempatan dari fenomena yang terjadi. Beliau mencontohkan kondisi yang terjadi di Indosat, perusahaan yang tengah dipimpinnya. Dulu, salah satu layanan<i> </i>andalan yang dimiliki Indosat adalah layanan <i>voice call. </i>Namun siapa sangka trafik penggunaan layanan telepon kini menjadi yang paling rendah. Hal tersebut dikarenakan adanya <i>whatsapp </i>yang memungkinkan kita untuk bertelepon hanya menggunakan layanan data. Perilaku masyarakat yang berubah tersebut sudah seharusnya dijadikan pemicu bagi perusahaan untuk berorientasi pada inovasi.</span></span></span></span></span></span></span></p>\n\n<p style=\"text-align:justify; margin:0cm 0cm 0.0001pt\"><img alt=\"\" src=\"/uploads/images/c1.jpg\" style=\"width: 450px; height: 275px;\" /></p>\n\n<p style=\"text-align:justify; margin:0cm 0cm 0.0001pt\"><span style=\"font-size:10pt\"><span style=\"line-height:158%\"><span style=\"font-family:Calibri\"><span style=\"font-size:11.5pt\"><span style=\"line-height:158%\"><span new=\"\" roman=\"\" style=\"font-family:\" times=\"\"><span style=\"color:#333333\">Dalam membudayakan berinovasi di perusahaan, Alex mambawa <i>tips dan trick</i> untuk dibagikan. Baginya, <i>mindset </i>inovasi semacam ini tidak hanya dilakukan pada tataran internal, namun juga harus diekspansi ke ranah eksternal. Dari segi internal, banyak hal dilakukan untuk menanamkan nilai-nilai inovasi ke seluruh sumber daya manusia perusahaan. Salah satunya adalah mengadakan <i>sharing session </i>semacam ini dengan mengundang <i>external speaker </i>yang paham betul soal inovasi. Hal ini akan memotivasi, menginspirasi dan mengedukasi SDM yang ada. Selain itu, langkah lain yang dilakukan adalah dengan memaksa SDM untuk mengikuti segala pembaruan yang ada. Beliau mencontohkan, sempat membayar gaji melalui <i>e-payment</i> agar mau tidak mau mereka menggunakan fasilitas tersebut dan bergeser ke <i>cashless society. </i>Terakhir, beliau juga menyarankan untuk merekrut anak-anak muda untuk ambil bagian, agar terjadi mekanisme <i>check and balance </i>dari <i>digital native </i>pada setiap inovasi yang akan dibuat. </span></span></span></span></span></span></span></p>\n\n<p style=\"text-align:justify; margin:0cm 0cm 0.0001pt\">&nbsp;</p>\n\n<p style=\"text-align:justify; margin:0cm 0cm 0.0001pt\"><span style=\"font-size:10pt\"><span style=\"line-height:158%\"><span style=\"font-family:Calibri\"><span style=\"font-size:11.5pt\"><span style=\"line-height:158%\"><span new=\"\" roman=\"\" style=\"font-family:\" times=\"\"><span style=\"color:#333333\">Tidak melulu soal internal perusahaan, Alex juga berpesan bahwa pihak eksternal tidak boleh diabaikan karena pihak eksternal, dalam hal ini konsumen, merupakan ujung tombak dari segala inovasi yang nantinya akan dibuat. Berikut adalah tips yang dia berikan sebagai langkah inisiatif bagi pihak eksternal:</span></span></span></span></span></span></span></p>\n\n<p style=\"text-align:justify; margin:0cm 0cm 0.0001pt\">&nbsp;</p>\n\n<ul>\n	<li style=\"text-align:justify; margin:0cm 0cm 0.0001pt\"><span style=\"font-size:10pt\"><span style=\"line-height:158%\"><span style=\"font-family:Calibri\"><span style=\"font-size:11.5pt\"><span style=\"line-height:158%\"><span new=\"\" roman=\"\" style=\"font-family:\" times=\"\"><span style=\"color:#333333\">Mendorong lahirnya produk yang inovatif</span></span></span></span></span></span></span></li>\n	<li style=\"text-align:justify; margin:0cm 0cm 0.0001pt\"><span style=\"font-size:10pt\"><span style=\"line-height:158%\"><span style=\"font-family:Calibri\"><span style=\"font-size:11.5pt\"><span style=\"line-height:158%\"><span new=\"\" roman=\"\" style=\"font-family:\" times=\"\"><span style=\"color:#333333\">Mengirimkan petinggi perusahaan untuk berbicara di forum anak muda dan professional di bidang inovasi (hal ini penting untuk memberikan persepsi kepada khalayak bahwa <i>brand </i>merupakan <i>brand </i>yang inovatif karena memiliki pemimpin yang inovatif)</span></span></span></span></span></span></span></li>\n	<li style=\"text-align:justify; margin:0cm 0cm 0.0001pt\"><span style=\"font-size:10pt\"><span style=\"line-height:158%\"><span style=\"font-family:Calibri\"><span style=\"font-size:11.5pt\"><span style=\"line-height:158%\"><span new=\"\" roman=\"\" style=\"font-family:\" times=\"\"><span style=\"color:#333333\">Menggunakan strategi &ndash; strategi yang kreatif nan inovatif</span></span></span></span></span></span></span></li>\n	<li style=\"text-align:justify; margin:0cm 0cm 0.0001pt\"><span style=\"font-size:10pt\"><span style=\"line-height:158%\"><span style=\"font-family:Calibri\"><span style=\"font-size:11.5pt\"><span style=\"line-height:158%\"><span new=\"\" roman=\"\" style=\"font-family:\" times=\"\"><span style=\"color:#333333\">Ambil peran sebanyak mungkin dalam <i>event-event </i>anak muda yang inovatif, untuk memberikan persepsi bahwa <i>company </i>merupakan brand yang inovatif pula.</span></span></span></span></span></span></span></li>\n</ul>\n\n<p style=\"margin-left:36.0pt; text-align:justify; margin:0cm 0cm 0.0001pt\">&nbsp;</p>\n\n<p style=\"text-align:justify; margin:0cm 0cm 0.0001pt\"><span style=\"font-size:10pt\"><span style=\"line-height:158%\"><span style=\"font-family:Calibri\"><span style=\"font-size:11.5pt\"><span style=\"line-height:158%\"><span new=\"\" roman=\"\" style=\"font-family:\" times=\"\"><span style=\"color:#333333\">Dari serangkaian langkah strategi di atas, Alex mengakui bahwa hal tersebut mungkin akan menambah tekanan bagi <i>company </i>karena banyaknya ekspektasi yang harus dipenuhi. Namun, justru disitulah poin perubahan yang dikehendaki. Dengan adanya tekanan dari pihak eksternal, hal tersebut akan menjamin stabilitas orientasi inovasi yang sudah dikuatkan di ranah internal. Sehingga baik internal maupun eksternal dapat bersama-sama bersinergi mewujudkan <i>company </i>yang berorientasi pada inovasi.</span></span></span></span></span></span></span></p>\n\n<p style=\"text-align:justify; margin:0cm 0cm 0.0001pt\">&nbsp;</p>\n\n<p style=\"text-align:justify; margin:0cm 0cm 0.0001pt\"><span style=\"font-size:10pt\"><span style=\"line-height:158%\"><span style=\"font-family:Calibri\"><span style=\"font-size:11.5pt\"><span style=\"line-height:158%\"><span new=\"\" roman=\"\" style=\"font-family:\" times=\"\"><span style=\"color:#333333\">Namun mengarahkan perusahaan untuk berorientasi pada inovasi, yang mana merubah budaya organisasi, memang bukanlah pekerjaan rumah yang mudah. Dalam hal ini, Alex kembali memaparkan strategi yang dilakukannya selama memimpin Indosat Ooredo. Dia menjelaskan bahwa sejatinya fungsi utama dari kemampuan <i>leadership</i> adalah kemampuan mengubah perilaku. Dalam hal ini adalah perilaku yang ada di dalam perusahaan. Untuk mempermudah, Alex menggambarkannya menjadi sebuah diagram sebagai berikut:</span></span></span></span></span></span></span></p>\n\n<p style=\"text-align:justify; margin:0cm 0cm 0.0001pt\">&nbsp;</p>\n\n<p style=\"text-align:justify; margin:0cm 0cm 0.0001pt\"><img alt=\"\" src=\"/uploads/images/Screen%20Shot%202018-06-05%20at%2013.25.35.png\" style=\"width: 465px; height: 234px;\" /></p>\n\n<p style=\"text-align:justify; margin:0cm 0cm 0.0001pt\"><span style=\"font-size:10pt\"><span style=\"line-height:158%\"><span style=\"font-family:Calibri\"><span style=\"font-size:11.5pt\"><span style=\"line-height:158%\"><span new=\"\" roman=\"\" style=\"font-family:\" times=\"\"><span style=\"color:#333333\">Tiga <i>tools </i>tersebut yakni <i>behavior, System </i>dan <i>Symbol </i>adalah tiga hal yang saling berpengaruh satu sama lain. Sistem dan simbol merupakan komponen dalam pembentukan perilaku dan budaya organisasi di perusahaan. <i>Tools </i>tersebut diciptakan berdasarkan asumsi bahwa budaya diciptakan sebagai hasil dari pesan yang diterima sumber daya manusia tentang bagaimana berperilaku dalam organisasi. Individu melakukan apa yang mereka lihat dan terutama ketika mereka melihat para pemimpin. Anda bisa saja berbicara soal &ldquo;menghargai satu sama lain&rdquo; dan menempelkan posternya di sepanjang gedung, namun jika seorang <i>leader </i>tidak bertindak seperti itu, maka karyawan lain tidak membiasakan budaya seperti itu. </span></span></span></span></span></span></span></p>\n\n<p style=\"text-align:justify; margin:0cm 0cm 0.0001pt\">&nbsp;</p>\n\n<p style=\"text-align:justify; margin:0cm 0cm 0.0001pt\"><img alt=\"\" src=\"/uploads/images/c2.jpg\" style=\"width: 450px; height: 287px;\" /></p>\n\n<p style=\"text-align:justify; margin:0cm 0cm 0.0001pt\">&nbsp;</p>\n\n<p style=\"margin:0cm 0cm 0.0001pt\"><span style=\"font-size:10pt\"><span style=\"font-family:Calibri\"><span style=\"font-size:11.5pt\"><span new=\"\" roman=\"\" style=\"font-family:\" times=\"\"><span style=\"color:#333333\">(lebih lengkap <i>tools </i></span></span></span><i><span style=\"font-size:12.0pt\"><span new=\"\" roman=\"\" style=\"font-family:\" times=\"\">Expressing Culture Through Behaviour, Symbols and Systems </span></span></i><span style=\"font-size:12.0pt\"><span new=\"\" roman=\"\" style=\"font-family:\" times=\"\">dapat diunduh di sini: <a href=\"https://accelerance.co/wp-content/uploads/2014/10/Expressing-Culture-Through-Behavior-Symbols-and-Systems-1.pdf\" style=\"color:#0563c1; text-decoration:underline\">https://accelerance.co/wp-content/uploads/2014/10/Expressing-Culture-Through-Behavior-Symbols-and-Systems-1.pdf</a> )</span></span></span></span></p>\n\n<p style=\"margin:0cm 0cm 0.0001pt\">&nbsp;</p>\n\n<p style=\"margin:0cm 0cm 0.0001pt\">&nbsp;</p>\n\n<p style=\"margin:0cm 0cm 0.0001pt\">&nbsp;</p>\n', '1', '2018-06-05 15:26:37', '1', '2018-06-29 17:19:02', 26, 'leadership-sharing-session', 0, 0, 1);
INSERT INTO `mdl_content` (`POST_ID`, `POST_TITLE`, `POST_URI`, `POST_TITLE_SHORT`, `POST_DESCRIPTION`, `POST_FEATURE_IMAGE`, `POST_FILE_TYPE`, `POST_FILE_EXTENSION`, `POST_FILE_SIZE`, `POST_CONTENT`, `POST_INPUT_BY`, `POST_INPUT_DATE`, `POST_UPDATE_BY`, `POST_UPDATE_DATE`, `POST_CATEGORY`, `POST_CATEGORY_BBL`, `POST_MAINPAGE`, `POST_FEATURED`, `POST_ISACTIVE`) VALUES
(174, 'Standar Perilaku Pengemudi', 'standar-perilaku-pengemudi', '', '', '129870_medium.jpg', NULL, 'jpg', '184.54', '<p style=\"margin-top:10.0pt; margin-bottom:0pt; margin-left:0in; text-align:left\"><span style=\"language:id\"><span style=\"line-height:90%\"><span style=\"unicode-bidi:embed\"><span style=\"word-break:normal\"><span style=\"punctuation-wrap:hanging\"><span style=\"font-size:28.0pt\"><span style=\"font-family:Calibri\"><span style=\"color:black\"><span style=\"language:en-ID\"><span style=\"font-weight:bold\">MATERI SOSIALISASI DI PANGKALAN</span></span></span></span></span></span></span></span></span></span></p>\n\n<p style=\"margin-top:10.0pt; margin-bottom:0pt; margin-left:0in; text-align:left\">&nbsp;</p>\n\n<p style=\"margin-top:10.0pt; margin-bottom:0pt; margin-left:0in; text-align:left\"><span style=\"language:id\"><span style=\"line-height:90%\"><span style=\"unicode-bidi:embed\"><span style=\"word-break:normal\"><span style=\"punctuation-wrap:hanging\"><span style=\"font-size:28.0pt\"><span style=\"font-family:Calibri\"><span style=\"color:black\"><span style=\"language:en-ID\"><span style=\"font-weight:bold\"><img alt=\"\" src=\"/uploads/images/Picture3.jpg\" style=\"width: 443px; height: 296px;\" /></span></span></span></span></span></span></span></span></span></span></p>\n\n<p style=\"margin-top: 10pt; margin-bottom: 0pt; margin-left: 0in; text-align: left;\">&nbsp;</p>\n\n<p style=\"margin-top: 10pt; margin-bottom: 0pt; margin-left: 0in; text-align: left;\"><span style=\"language:id\"><span style=\"line-height:90%\"><span style=\"unicode-bidi:embed\"><span style=\"word-break:normal\"><span style=\"punctuation-wrap:hanging\"><span style=\"font-size:20.0pt\"><span style=\"font-family:Calibri\"><span style=\"color:black\"><span style=\"language:en-ID\"><span style=\"font-weight:bold\">PUTAR - PUTAR</span></span></span></span></span></span></span></span></span></span></p>\n\n<p style=\"margin-top: 10pt; margin-bottom: 0pt; margin-left: 0in; text-align: left;\">&nbsp;</p>\n\n<p style=\"margin-top: 10pt; margin-bottom: 0pt; margin-left: 0in; text-align: left;\"><span style=\"language:id\"><span style=\"line-height:90%\"><span style=\"unicode-bidi:embed\"><span style=\"word-break:normal\"><span style=\"punctuation-wrap:hanging\"><span style=\"font-size:20.0pt\"><span style=\"font-family:Calibri\"><span style=\"color:black\"><span style=\"language:en-ID\"><span style=\"font-weight:bold\"><img alt=\"\" src=\"/uploads/images/Picture5.png\" style=\"width: 576px; height: 447px;\" /></span></span></span></span></span></span></span></span></span></span></p>\n\n<p style=\"margin-top: 10pt; margin-bottom: 0pt; margin-left: 0in; text-align: left;\">&nbsp;</p>\n\n<ul>\n	<li style=\"margin-top: 0pt; margin-bottom: 0pt; margin-left: 0in; text-align: left;\"><span style=\"language:id\"><span style=\"unicode-bidi:embed\"><span style=\"word-break:normal\"><span style=\"punctuation-wrap:hanging\"><span style=\"font-size:16.0pt\"><span style=\"font-family:Calibri\"><span style=\"color:black\"><span style=\"language:en-ID\"><span style=\"font-weight:bold\"><span style=\"font-style:italic\">&ldquo;P </span></span></span></span></span></span><span style=\"font-size:16.0pt\"><span style=\"font-family:Calibri\"><span style=\"color:black\"><span style=\"language:en-ID\"><span style=\"font-weight:bold\"><span style=\"font-style:italic\">jaman</span></span></span></span></span></span><span style=\"font-size:16.0pt\"><span style=\"font-family:Calibri\"><span style=\"color:black\"><span style=\"language:en-ID\"><span style=\"font-weight:bold\"><span style=\"font-style:italic\"> now..</span></span></span></span></span></span></span></span></span></span><span style=\"language:id\"><span style=\"unicode-bidi:embed\"><span style=\"word-break:normal\"><span style=\"punctuation-wrap:hanging\"><span style=\"font-size:16.0pt\"><span style=\"font-family:Calibri\"><span style=\"color:black\"><span style=\"language:en-ID\"><span style=\"font-weight:bold\"><span style=\"font-style:italic\">Pakai</span></span></span></span></span></span><span style=\"font-size:16.0pt\"><span style=\"font-family:Calibri\"><span style=\"color:black\"><span style=\"language:en-ID\"><span style=\"font-weight:bold\"><span style=\"font-style:italic\"> GMAPS/WAZE..&rdquo;</span></span></span></span></span></span></span></span></span></span></li>\n	<li style=\"margin-top: 0pt; margin-bottom: 0pt; margin-left: 0in; text-align: left;\"><span style=\"font-family:Calibri\"><span style=\"color:black\"><span style=\"font-weight:bold\"><span style=\"font-style:italic\">&ldquo;</span></span></span></span><span style=\"font-size: 16pt;\"><span style=\"font-family:Calibri\"><span style=\"color:black\"><span style=\"font-weight:bold\"><span style=\"font-style:italic\">Hari</span></span></span></span></span> <span style=\"font-size: 16pt;\"><span style=\"font-family:Calibri\"><span style=\"color:black\"><span style=\"font-weight:bold\"><span style=\"font-style:italic\">gini</span></span></span></span></span> <span style=\"font-size: 16pt;\"><span style=\"font-family:Calibri\"><span style=\"color:black\"><span style=\"font-weight:bold\"><span style=\"font-style:italic\">ngambil</span></span></span></span></span><span style=\"font-size: 16pt;\"><span style=\"font-family:Calibri\"><span style=\"color:black\"><span style=\"font-weight:bold\"><span style=\"font-style:italic\"> Order </span></span></span></span></span><span style=\"font-size: 16pt;\"><span style=\"font-family:Calibri\"><span style=\"color:black\"><span style=\"font-weight:bold\"><span style=\"font-style:italic\">dari</span></span></span></span></span><span style=\"font-size: 16pt;\"><span style=\"font-family:Calibri\"><span style=\"color:black\"><span style=\"font-weight:bold\"><span style=\"font-style:italic\"> NGELAMBAI </span></span></span></span></span><span style=\"font-size: 16pt;\"><span style=\"font-family:Calibri\"><span style=\"color:black\"><span style=\"font-weight:bold\"><span style=\"font-style:italic\">doank</span></span></span></span></span><span style=\"font-size: 16pt;\"><span style=\"font-family:Calibri\"><span style=\"color:black\"><span style=\"font-weight:bold\"><span style=\"font-style:italic\">??&rdquo;</span></span></span></span></span></li>\n</ul>\n\n<p style=\"margin-top: 0pt; margin-bottom: 0pt; margin-left: 0in; text-align: left;\"><span style=\"language:id\"><span style=\"unicode-bidi:embed\"><span style=\"word-break:normal\"><span style=\"punctuation-wrap:hanging\"><span style=\"font-size:16.0pt\"><span style=\"font-family:Calibri\"><span style=\"color:black\"><span style=\"language:en-ID\"><span style=\"font-weight:bold\"><span style=\"font-style:italic\">&nbsp; &nbsp; &nbsp; &nbsp; &nbsp; &nbsp; &nbsp; NYALAIN DAN PAKAI</span></span></span></span></span></span></span></span></span></span></p>\n\n<p style=\"margin-top: 0pt; margin-bottom: 0pt; margin-left: 0in; text-align: left;margin-top:0pt; margin-bottom:0pt; margin-left:0in; text-align:left\"><span style=\"language:id\"><span style=\"unicode-bidi:embed\"><span style=\"word-break:normal\"><span style=\"punctuation-wrap:hanging\"><span style=\"font-size:16.0pt\"><span style=\"font-family:Calibri\"><span style=\"color:black\"><span style=\"language:en-ID\"><span style=\"font-weight:bold\"><span style=\"font-style:italic\">&nbsp; &nbsp; &nbsp; &nbsp; &nbsp; &nbsp; &nbsp; ARGO</span></span></span></span></span></span></span></span></span></span></p>\n\n<p style=\"margin-top: 0pt; margin-bottom: 0pt; margin-left: 0in; text-align: left;margin-top:0pt; margin-bottom:0pt; margin-left:0in; text-align:left\"><span style=\"language:id\"><span style=\"unicode-bidi:embed\"><span style=\"word-break:normal\"><span style=\"punctuation-wrap:hanging\"><span style=\"font-size:16.0pt\"><span style=\"font-family:Calibri\"><span style=\"color:black\"><span style=\"language:en-ID\"><span style=\"font-weight:bold\"><span style=\"font-style:italic\">&nbsp; &nbsp; &nbsp; &nbsp; &nbsp; &nbsp; &nbsp; FLEETY</span></span></span></span></span></span></span></span></span></span></p>\n\n<p style=\"margin-top: 0pt; margin-bottom: 0pt; margin-left: 0in; text-align: left;margin-top:0pt; margin-bottom:0pt; margin-left:0in; text-align:left\"><span style=\"language:id\"><span style=\"unicode-bidi:embed\"><span style=\"word-break:normal\"><span style=\"punctuation-wrap:hanging\"><span style=\"font-size:16.0pt\"><span style=\"font-family:Calibri\"><span style=\"color:black\"><span style=\"language:en-ID\"><span style=\"font-weight:bold\"><span style=\"font-style:italic\">&nbsp; &nbsp; &nbsp; &nbsp; &nbsp; &nbsp; &nbsp;GMAPS/WAZE</span></span></span></span></span></span></span></span></span></span></p>\n\n<p style=\"margin-top: 0pt; margin-bottom: 0pt; margin-left: 0in; text-align: left;margin-top:0pt; margin-bottom:0pt; margin-left:0in; text-align:left\"><span style=\"language:id\"><span style=\"unicode-bidi:embed\"><span style=\"word-break:normal\"><span style=\"punctuation-wrap:hanging\"><span style=\"font-size:16.0pt\"><span style=\"font-family:Calibri\"><span style=\"color:black\"><span style=\"language:en-ID\"><span style=\"font-weight:bold\"><span style=\"font-style:italic\">&nbsp; &nbsp; &nbsp; &nbsp; &nbsp; &nbsp; &nbsp;GO BLUE BIRD</span></span></span></span></span></span></span></span></span></span></p>\n\n<p style=\"margin-top: 0pt; margin-bottom: 0pt; margin-left: 0in; text-align: left;margin-top:0pt; margin-bottom:0pt; margin-left:0in; text-align:left\">&nbsp;</p>\n\n<p style=\"margin-top: 0pt; margin-bottom: 0pt; margin-left: 0in; text-align: left;margin-top:0pt; margin-bottom:0pt; margin-left:0in; text-align:left\"><span style=\"language:id\"><span style=\"unicode-bidi:embed\"><span style=\"word-break:normal\"><span style=\"punctuation-wrap:hanging\"><span style=\"font-size:16.0pt\"><span style=\"font-family:Calibri\"><span style=\"color:black\"><span style=\"language:en-ID\"><span style=\"font-weight:bold\"><span style=\"font-style:italic\"><img alt=\"\" src=\"/uploads/images/74afb53b-6e71-4efe-a5e2-56850f5ab1c1_43.jpg\" style=\"width: 780px; height: 585px;\" /></span></span></span></span></span></span></span></span></span></span></p>\n\n<ul>\n	<li style=\"margin-top: 0pt; margin-bottom: 0pt; margin-left: 0in; text-align: left;\"><span style=\"language:id\"><span style=\"unicode-bidi:embed\"><span style=\"word-break:normal\"><span style=\"punctuation-wrap:hanging\"><span style=\"font-size:16.0pt\"><span style=\"font-family:Calibri\"><span style=\"color:black\"><span style=\"language:en-ID\"><span style=\"font-weight:bold\"><span style=\"font-style:italic\">&ldquo;</span></span></span></span></span></span><span style=\"font-size:16.0pt\"><span style=\"font-family:Calibri\"><span style=\"color:black\"><span style=\"language:en-ID\"><span style=\"font-weight:bold\"><span style=\"font-style:italic\">Ambil</span></span></span></span></span></span> <span style=\"font-size:16.0pt\"><span style=\"font-family:Calibri\"><span style=\"color:black\"><span style=\"language:en-ID\"><span style=\"font-weight:bold\"><span style=\"font-style:italic\">jalan</span></span></span></span></span></span><span style=\"font-size:16.0pt\"><span style=\"font-family:Calibri\"><span style=\"color:black\"><span style=\"language:en-ID\"><span style=\"font-weight:bold\"><span style=\"font-style:italic\"> yang </span></span></span></span></span></span><span style=\"font-size:16.0pt\"><span style=\"font-family:Calibri\"><span style=\"color:black\"><span style=\"language:en-ID\"><span style=\"font-weight:bold\"><span style=\"font-style:italic\">umum-umum</span></span></span></span></span></span> <span style=\"font-size:16.0pt\"><span style=\"font-family:Calibri\"><span style=\"color:black\"><span style=\"language:en-ID\"><span style=\"font-weight:bold\"><span style=\"font-style:italic\">aja</span></span></span></span></span></span> <span style=\"font-size:16.0pt\"><span style=\"font-family:Calibri\"><span style=\"color:black\"><span style=\"language:en-ID\"><span style=\"font-weight:bold\"><span style=\"font-style:italic\">broo</span></span></span></span></span></span><span style=\"font-size:16.0pt\"><span style=\"font-family:Calibri\"><span style=\"color:black\"><span style=\"language:en-ID\"><span style=\"font-weight:bold\"><span style=\"font-style:italic\">..&rdquo;</span></span></span></span></span></span></span></span></span></span></li>\n</ul>\n\n<p style=\"margin-top: 0pt; margin-bottom: 0pt; margin-left: 0in; text-align: left;\"><span style=\"language:id\"><span style=\"unicode-bidi:embed\"><span style=\"word-break:normal\"><span style=\"punctuation-wrap:hanging\"><span style=\"font-size:16.0pt\"><span style=\"font-family:Calibri\"><span style=\"color:black\"><span style=\"language:en-ID\"><span style=\"font-weight:bold\"><span style=\"font-style:italic\"><img alt=\"\" src=\"/uploads/images/peta-angkutan-umum-jabodetabek.jpg\" style=\"width: 564px; height: 452px;\" /></span></span></span></span></span></span></span></span></span></span></p>\n\n<p style=\"margin-top: 0pt; margin-bottom: 0pt; margin-left: 0in; text-align: left;\">&nbsp;</p>\n\n<ul>\n	<li style=\"margin-top: 0pt; margin-bottom: 0pt; margin-left: 0in; text-align: left;\"><span style=\"language:id\"><span style=\"unicode-bidi:embed\"><span style=\"word-break:normal\"><span style=\"punctuation-wrap:hanging\"><span style=\"font-size:16.0pt\"><span style=\"font-family:Calibri\"><span style=\"color:black\"><span style=\"language:en-ID\"><span style=\"font-weight:bold\"><span style=\"font-style:italic\">&ldquo;</span></span></span></span></span></span><span style=\"font-size:16.0pt\"><span style=\"font-family:Calibri\"><span style=\"color:black\"><span style=\"language:en-ID\"><span style=\"font-weight:bold\"><span style=\"font-style:italic\">Tawarin</span></span></span></span></span></span> <span style=\"font-size:16.0pt\"><span style=\"font-family:Calibri\"><span style=\"color:black\"><span style=\"language:en-ID\"><span style=\"font-weight:bold\"><span style=\"font-style:italic\">aja</span></span></span></span></span></span> <span style=\"font-size:16.0pt\"><span style=\"font-family:Calibri\"><span style=\"color:black\"><span style=\"language:en-ID\"><span style=\"font-weight:bold\"><span style=\"font-style:italic\">jalan</span></span></span></span></span></span> <span style=\"font-size:16.0pt\"><span style=\"font-family:Calibri\"><span style=\"color:black\"><span style=\"language:en-ID\"><span style=\"font-weight:bold\"><span style=\"font-style:italic\">alternatif</span></span></span></span></span></span> <span style=\"font-size:16.0pt\"><span style=\"font-family:Calibri\"><span style=\"color:black\"><span style=\"language:en-ID\"><span style=\"font-weight:bold\"><span style=\"font-style:italic\">ke</span></span></span></span></span></span><span style=\"font-size:16.0pt\"><span style=\"font-family:Calibri\"><span style=\"color:black\"><span style=\"language:en-ID\"><span style=\"font-weight:bold\"><span style=\"font-style:italic\"> T..&rdquo;</span></span></span></span></span></span></span></span></span></span></li>\n</ul>\n\n<p style=\"margin-top: 0pt; margin-bottom: 0pt; margin-left: 0in; text-align: left;margin-top:0pt; margin-bottom:0pt; margin-left:0in; text-align:left\"><span style=\"language:id\"><span style=\"unicode-bidi:embed\"><span style=\"word-break:normal\"><span style=\"punctuation-wrap:hanging\"><span style=\"font-size:16.0pt\"><span style=\"font-family:Calibri\"><span style=\"color:#404040\"><span style=\"language:en-ID\"><span style=\"font-weight:bold\"><span style=\"font-style:italic\">&nbsp; &nbsp; &nbsp; &nbsp; &nbsp; (INGAT: BIAR TAMU YANG MUTUSIN MAU LEWAT MANA)</span></span></span></span></span></span></span></span></span></span></p>\n\n<p style=\"margin-top: 0pt; margin-bottom: 0pt; margin-left: 0in; text-align: left;margin-top:0pt; margin-bottom:0pt; margin-left:0in; text-align:left\">&nbsp;</p>\n\n<p style=\"margin-top: 0pt; margin-bottom: 0pt; margin-left: 0in; text-align: left;margin-top:0pt; margin-bottom:0pt; margin-left:0in; text-align:left\"><img alt=\"\" src=\"/uploads/images/kalibata-aja-ya%202.jpg\" style=\"width: 1021px; height: 358px;\" /></p>\n\n<p style=\"margin-top:10.0pt; margin-bottom:0pt; margin-left:0in; text-align:left\">&nbsp;</p>\n\n<p style=\"margin-top:10.0pt; margin-bottom:0pt; margin-left:0in; text-align:left\"><span style=\"language:id\"><span style=\"line-height:90%\"><span style=\"unicode-bidi:embed\"><span style=\"word-break:normal\"><span style=\"punctuation-wrap:hanging\"><span style=\"font-size:24.0pt\"><span style=\"font-family:Calibri\"><span style=\"color:#0d0d0d\"><span style=\"language:en-ID\"><span style=\"font-weight:bold\">TIDAK TERJEMPUT</span></span></span></span></span></span></span></span></span></span></p>\n\n<p style=\"margin-top: 10pt; margin-bottom: 0pt; margin-left: 0in; text-align: left;\">&nbsp;</p>\n\n<ul>\n	<li style=\"margin-top: 0pt; margin-bottom: 0pt; margin-left: 0in; text-align: left;\"><span style=\"language:id\"><span style=\"unicode-bidi:embed\"><span style=\"word-break:normal\"><span style=\"punctuation-wrap:hanging\"><span style=\"font-size:16.0pt\"><span style=\"font-family:Calibri\"><span style=\"color:#0d0d0d\"><span style=\"language:en-ID\"><span style=\"font-weight:bold\"><span style=\"font-style:italic\">&ldquo;</span></span></span></span></span></span><span style=\"font-size:16.0pt\"><span style=\"font-family:Calibri\"><span style=\"color:#0d0d0d\"><span style=\"language:en-ID\"><span style=\"font-weight:bold\"><span style=\"font-style:italic\">Usahain</span></span></span></span></span></span> <span style=\"font-size:16.0pt\"><span style=\"font-family:Calibri\"><span style=\"color:#0d0d0d\"><span style=\"language:en-ID\"><span style=\"font-weight:bold\"><span style=\"font-style:italic\">jemput</span></span></span></span></span></span><span style=\"font-size:16.0pt\"><span style=\"font-family:Calibri\"><span style=\"color:#0d0d0d\"><span style=\"language:en-ID\"><span style=\"font-weight:bold\"><span style=\"font-style:italic\"> T </span></span></span></span></span></span><span style=\"font-size:16.0pt\"><span style=\"font-family:Calibri\"><span style=\"color:#0d0d0d\"><span style=\"language:en-ID\"><span style=\"font-weight:bold\"><span style=\"font-style:italic\">gak</span></span></span></span></span></span><span style=\"font-size:16.0pt\"><span style=\"font-family:Calibri\"><span style=\"color:#0d0d0d\"><span style=\"language:en-ID\"><span style=\"font-weight:bold\"><span style=\"font-style:italic\"> TELAT,&nbsp;</span></span></span></span></span></span></span></span></span></span><span style=\"language:id\"><span style=\"unicode-bidi:embed\"><span style=\"word-break:normal\"><span style=\"punctuation-wrap:hanging\"><span style=\"font-size:16.0pt\"><span style=\"font-family:Calibri\"><span style=\"color:#0d0d0d\"><span style=\"language:en-ID\"><span style=\"font-weight:bold\"><span style=\"font-style:italic\">biar</span></span></span></span></span></span> <span style=\"font-size:16.0pt\"><span style=\"font-family:Calibri\"><span style=\"color:#0d0d0d\"><span style=\"language:en-ID\"><span style=\"font-weight:bold\"><span style=\"font-style:italic\">batoknya</span></span></span></span></span></span><span style=\"font-size:16.0pt\"><span style=\"font-family:Calibri\"><span style=\"color:#0d0d0d\"><span style=\"language:en-ID\"><span style=\"font-weight:bold\"><span style=\"font-style:italic\"> BULAT..&rdquo;</span></span></span></span></span></span></span></span></span></span></li>\n</ul>\n\n<p style=\"margin-top: 10pt; margin-bottom: 0pt; margin-left: 0in; text-align: left;margin-top:0pt; margin-bottom:0pt; margin-left:0in; text-align:left\"><span style=\"language:id\"><span style=\"unicode-bidi:embed\"><span style=\"word-break:normal\"><span style=\"punctuation-wrap:hanging\"><span style=\"font-size:12.0pt\"><span style=\"font-family:Calibri\"><span style=\"color:#404040\"><span style=\"language:en-ID\"><span style=\"font-weight:bold\"><span style=\"font-style:italic\">&nbsp; &nbsp; &nbsp; &nbsp; &nbsp; &nbsp; (INGAT: MINTA MAAF KE T KALAU TELAT)</span></span></span></span></span></span></span></span></span></span></p>\n\n<p style=\"margin-top: 10pt; margin-bottom: 0pt; margin-left: 0in; text-align: left;margin-top:0pt; margin-bottom:0pt; margin-left:0in; text-align:left\">&nbsp;</p>\n\n<p style=\"margin-top: 10pt; margin-bottom: 0pt; margin-left: 0in; text-align: left;margin-top:0pt; margin-bottom:0pt; margin-left:0in; text-align:left\"><img alt=\"\" src=\"/uploads/images/Tepat-Waktu.jpg\" style=\"width: 800px; height: 800px;\" /></p>\n\n<p style=\"margin-top: 10pt; margin-bottom: 0pt; margin-left: 0in; text-align: left;margin-top:0pt; margin-bottom:0pt; margin-left:0in; text-align:left\">&nbsp;</p>\n\n<ul>\n	<li style=\"margin-top: 0pt; margin-bottom: 0pt; margin-left: 0in; text-align: left;\"><span style=\"language:id\"><span style=\"unicode-bidi:embed\"><span style=\"word-break:normal\"><span style=\"punctuation-wrap:hanging\"><span style=\"font-size:16.0pt\"><span style=\"font-family:Calibri\"><span style=\"color:#0d0d0d\"><span style=\"language:en-ID\"><span style=\"font-weight:bold\"><span style=\"font-style:italic\">&ldquo;</span></span></span></span></span></span><span style=\"font-size:16.0pt\"><span style=\"font-family:Calibri\"><span style=\"color:#0d0d0d\"><span style=\"language:en-ID\"><span style=\"font-weight:bold\"><span style=\"font-style:italic\">Begitu</span></span></span></span></span></span> <span style=\"font-size:16.0pt\"><span style=\"font-family:Calibri\"><span style=\"color:#0d0d0d\"><span style=\"language:en-ID\"><span style=\"font-weight:bold\"><span style=\"font-style:italic\">dapet</span></span></span></span></span></span> <span style=\"font-size:16.0pt\"><span style=\"font-family:Calibri\"><span style=\"color:#0d0d0d\"><span style=\"language:en-ID\"><span style=\"font-weight:bold\"><span style=\"font-style:italic\">order,</span></span></span></span></span></span> <span style=\"font-size:16.0pt\"><span style=\"font-family:Calibri\"><span style=\"color:#0d0d0d\"><span style=\"language:en-ID\"><span style=\"font-weight:bold\"><span style=\"font-style:italic\">T </span></span></span></span></span></span><span style=\"font-size:16.0pt\"><span style=\"font-family:Calibri\"><span style=\"color:#0d0d0d\"><span style=\"language:en-ID\"><span style=\"font-weight:bold\"><span style=\"font-style:italic\">ditelepon</span></span></span></span></span></span> <span style=\"font-size:16.0pt\"><span style=\"font-family:Calibri\"><span style=\"color:#0d0d0d\"><span style=\"language:en-ID\"><span style=\"font-weight:bold\"><span style=\"font-style:italic\">ya</span></span></span></span></span></span><span style=\"font-size:16.0pt\"><span style=\"font-family:Calibri\"><span style=\"color:#0d0d0d\"><span style=\"language:en-ID\"><span style=\"font-weight:bold\"><span style=\"font-style:italic\"> Pak, </span></span></span></span></span></span><span style=\"font-size:16.0pt\"><span style=\"font-family:Calibri\"><span style=\"color:#0d0d0d\"><span style=\"language:en-ID\"><span style=\"font-weight:bold\"><span style=\"font-style:italic\">konfirmasi</span></span></span></span></span></span><span style=\"font-size:16.0pt\"><span style=\"font-family:Calibri\"><span style=\"color:#0d0d0d\"><span style=\"language:en-ID\"><span style=\"font-weight:bold\"><span style=\"font-style:italic\"> order, </span></span></span></span></span></span><span style=\"font-size:16.0pt\"><span style=\"font-family:Calibri\"><span style=\"color:#0d0d0d\"><span style=\"language:en-ID\"><span style=\"font-weight:bold\"><span style=\"font-style:italic\">biar</span></span></span></span></span></span> <span style=\"font-size:16.0pt\"><span style=\"font-family:Calibri\"><span style=\"color:#0d0d0d\"><span style=\"language:en-ID\"><span style=\"font-weight:bold\"><span style=\"font-style:italic\">gak</span></span></span></span></span></span><span style=\"font-size:16.0pt\"><span style=\"font-family:Calibri\"><span style=\"color:#0d0d0d\"><span style=\"language:en-ID\"><span style=\"font-weight:bold\"><span style=\"font-style:italic\"> SABATA</span></span></span></span></span></span><span style=\"font-size:16.0pt\"><span style=\"font-family:Calibri\"><span style=\"color:#0d0d0d\"><span style=\"language:en-ID\"><span style=\"font-weight:bold\"><span style=\"font-style:italic\">..&rdquo;</span></span></span></span></span></span></span></span></span></span></li>\n</ul>\n\n<p style=\"margin-top:0pt; margin-bottom:0pt; margin-left:0in; text-align:left\"><span style=\"language:id\"><span style=\"unicode-bidi:embed\"><span style=\"word-break:normal\"><span style=\"punctuation-wrap:hanging\"><span style=\"font-size:16.0pt\"><span style=\"font-family:Calibri\"><span style=\"color:#404040\"><span style=\"language:en-ID\"><span style=\"font-weight:bold\"><span style=\"font-style:italic\">&nbsp; &nbsp; &nbsp; &nbsp; Ingat</span></span></span></span></span></span><span style=\"font-size:16.0pt\"><span style=\"font-family:Calibri\"><span style=\"color:#404040\"><span style=\"language:en-ID\"><span style=\"font-weight:bold\"><span style=\"font-style:italic\">: Query </span></span></span></span></span></span><span style=\"font-size:16.0pt\"><span style=\"font-family:Calibri\"><span style=\"color:#404040\"><span style=\"language:en-ID\"><span style=\"font-weight:bold\"><span style=\"font-style:italic\">ke</span></span></span></span></span></span> <span style=\"font-size:16.0pt\"><span style=\"font-family:Calibri\"><span style=\"color:#404040\"><span style=\"language:en-ID\"><span style=\"font-weight:bold\"><span style=\"font-style:italic\">pusat</span></span></span></span></span></span> <span style=\"font-size:16.0pt\"><span style=\"font-family:Calibri\"><span style=\"color:#404040\"><span style=\"language:en-ID\"><span style=\"font-weight:bold\"><span style=\"font-style:italic\">kalau</span></span></span></span></span></span> <span style=\"font-size:16.0pt\"><span style=\"font-family:Calibri\"><span style=\"color:#404040\"><span style=\"language:en-ID\"><span style=\"font-weight:bold\"><span style=\"font-style:italic\">batal</span></span></span></span></span></span><span style=\"font-size:16.0pt\"><span style=\"font-family:Calibri\"><span style=\"color:#404040\"><span style=\"language:en-ID\"><span style=\"font-weight:bold\"><span style=\"font-style:italic\"> order</span></span></span></span></span></span></span></span></span></span></p>\n\n<p style=\"margin-top:0pt; margin-bottom:0pt; margin-left:0in; text-align:left\">&nbsp;</p>\n\n<p style=\"margin-top:0pt; margin-bottom:0pt; margin-left:0in; text-align:left\"><span style=\"language:id\"><span style=\"unicode-bidi:embed\"><span style=\"word-break:normal\"><span style=\"punctuation-wrap:hanging\"><span style=\"font-size:16.0pt\"><span style=\"font-family:Calibri\"><span style=\"color:#404040\"><span style=\"language:en-ID\"><span style=\"font-weight:bold\"><span style=\"font-style:italic\"><img alt=\"\" src=\"/uploads/images/20160622_211413(1).jpg\" style=\"width: 640px; height: 389px;\" /></span></span></span></span></span></span></span></span></span></span></p>\n\n<ul>\n	<li style=\"margin-top: 0pt; margin-bottom: 0pt; margin-left: 0in; text-align: left;\"><span style=\"language:id\"><span style=\"unicode-bidi:embed\"><span style=\"word-break:normal\"><span style=\"punctuation-wrap:hanging\"><span style=\"font-size:16.0pt\"><span style=\"font-family:Calibri\"><span style=\"color:#404040\"><span style=\"language:en-ID\"><span style=\"font-weight:bold\"><span style=\"font-style:italic\">&ldquo;</span></span></span></span></span></span><span style=\"font-size:16.0pt\"><span style=\"font-family:Calibri\"><span style=\"color:#404040\"><span style=\"language:en-ID\"><span style=\"font-weight:bold\"><span style=\"font-style:italic\">Parkir</span></span></span></span></span></span><span style=\"font-size:16.0pt\"><span style=\"font-family:Calibri\"><span style=\"color:#404040\"><span style=\"language:en-ID\"><span style=\"font-weight:bold\"><span style=\"font-style:italic\"> di </span></span></span></span></span></span><span style=\"font-size:16.0pt\"><span style=\"font-family:Calibri\"><span style=\"color:#404040\"><span style=\"language:en-ID\"><span style=\"font-weight:bold\"><span style=\"font-style:italic\">tempat</span></span></span></span></span></span><span style=\"font-size:16.0pt\"><span style=\"font-family:Calibri\"><span style=\"color:#404040\"><span style=\"language:en-ID\"><span style=\"font-weight:bold\"><span style=\"font-style:italic\"> yang T </span></span></span></span></span></span><span style=\"font-size:16.0pt\"><span style=\"font-family:Calibri\"><span style=\"color:#404040\"><span style=\"language:en-ID\"><span style=\"font-weight:bold\"><span style=\"font-style:italic\">minta</span></span></span></span></span></span> <span style=\"font-size:16.0pt\"><span style=\"font-family:Calibri\"><span style=\"color:#404040\"><span style=\"language:en-ID\"><span style=\"font-weight:bold\"><span style=\"font-style:italic\">donk</span></span></span></span></span></span> <span style=\"font-size:16.0pt\"><span style=\"font-family:Calibri\"><span style=\"color:#404040\"><span style=\"language:en-ID\"><span style=\"font-weight:bold\"><span style=\"font-style:italic\">broo&nbsp;</span></span></span></span></span></span></span></span></span></span><span style=\"language:id\"><span style=\"unicode-bidi:embed\"><span style=\"word-break:normal\"><span style=\"punctuation-wrap:hanging\"><span style=\"font-size:16.0pt\"><span style=\"font-family:Calibri\"><span style=\"color:#404040\"><span style=\"language:en-ID\"><span style=\"font-weight:bold\"><span style=\"font-style:italic\">atau&nbsp;</span></span></span></span></span></span></span></span></span></span><span style=\"language:id\"><span style=\"unicode-bidi:embed\"><span style=\"word-break:normal\"><span style=\"punctuation-wrap:hanging\"><span style=\"font-size:16.0pt\"><span style=\"font-family:Calibri\"><span style=\"color:#404040\"><span style=\"language:en-ID\"><span style=\"font-weight:bold\"><span style=\"font-style:italic\">Yang </span></span></span></span></span></span><span style=\"font-size:16.0pt\"><span style=\"font-family:Calibri\"><span style=\"color:#404040\"><span style=\"language:en-ID\"><span style=\"font-weight:bold\"><span style=\"font-style:italic\">gampang</span></span></span></span></span></span><span style=\"font-size:16.0pt\"><span style=\"font-family:Calibri\"><span style=\"color:#404040\"><span style=\"language:en-ID\"><span style=\"font-weight:bold\"><span style=\"font-style:italic\">&nbsp;T </span></span></span></span></span></span><span style=\"font-size:16.0pt\"><span style=\"font-family:Calibri\"><span style=\"color:#404040\"><span style=\"language:en-ID\"><span style=\"font-weight:bold\"><span style=\"font-style:italic\">lihat</span></span></span></span></span></span><span style=\"font-size:16.0pt\"><span style=\"font-family:Calibri\"><span style=\"color:#404040\"><span style=\"language:en-ID\"><span style=\"font-weight:bold\"><span style=\"font-style:italic\">..&rdquo;</span></span></span></span></span></span></span></span></span></span></li>\n</ul>\n\n<p style=\"margin-top: 0pt; margin-bottom: 0pt; margin-left: 0in; text-align: left;\"><span style=\"language:id\"><span style=\"unicode-bidi:embed\"><span style=\"word-break:normal\"><span style=\"punctuation-wrap:hanging\"><span style=\"font-size:16.0pt\"><span style=\"font-family:Calibri\"><span style=\"color:#404040\"><span style=\"language:en-ID\"><span style=\"font-weight:bold\"><span style=\"font-style:italic\"><img alt=\"\" src=\"/uploads/images/20160226054740106.jpg\" style=\"width: 438px; height: 315px;\" /></span></span></span></span></span></span></span></span></span></span></p>\n\n<p style=\"margin-top: 0pt; margin-bottom: 0pt; margin-left: 0in; text-align: left;\">&nbsp;</p>\n\n<p style=\"margin-top:10.0pt; margin-bottom:0pt; margin-left:0in; text-align:left\"><span style=\"language:id\"><span style=\"line-height:90%\"><span style=\"unicode-bidi:embed\"><span style=\"word-break:normal\"><span style=\"punctuation-wrap:hanging\"><span style=\"font-size:28.0pt\"><span style=\"font-family:Calibri\"><span style=\"color:#404040\"><span style=\"language:en-ID\"><span style=\"font-weight:bold\">BAYAR LEBIH</span></span></span></span></span></span></span></span></span></span></p>\n\n<p style=\"margin-top:10.0pt; margin-bottom:0pt; margin-left:0in; text-align:left\">&nbsp;</p>\n\n<ul>\n	<li style=\"margin-top: 10pt; margin-bottom: 0pt; margin-left: 0in; text-align: left;\"><span style=\"language:id\"><span style=\"unicode-bidi:embed\"><span style=\"word-break:normal\"><span style=\"punctuation-wrap:hanging\"><span style=\"font-size:16.0pt\"><span style=\"font-family:Calibri\"><span style=\"color:#404040\"><span style=\"language:en-ID\"><span style=\"font-weight:bold\"><span style=\"font-style:italic\">&ldquo;</span></span></span></span></span></span><span style=\"font-size:16.0pt\"><span style=\"font-family:Calibri\"><span style=\"color:#404040\"><span style=\"language:en-ID\"><span style=\"font-weight:bold\"><span style=\"font-style:italic\">Selalu</span></span></span></span></span></span> <span style=\"font-size:16.0pt\"><span style=\"font-family:Calibri\"><span style=\"color:#404040\"><span style=\"language:en-ID\"><span style=\"font-weight:bold\"><span style=\"font-style:italic\">kasih</span></span></span></span></span></span><span style=\"font-size:16.0pt\"><span style=\"font-family:Calibri\"><span style=\"color:#404040\"><span style=\"language:en-ID\"><span style=\"font-weight:bold\"><span style=\"font-style:italic\"> receipt, </span></span></span></span></span></span><span style=\"font-size:16.0pt\"><span style=\"font-family:Calibri\"><span style=\"color:#404040\"><span style=\"language:en-ID\"><span style=\"font-weight:bold\"><span style=\"font-style:italic\">biar</span></span></span></span></span></span> <span style=\"font-size:16.0pt\"><span style=\"font-family:Calibri\"><span style=\"color:#404040\"><span style=\"language:en-ID\"><span style=\"font-weight:bold\"><span style=\"font-style:italic\">jelas</span></span></span></span></span></span><span style=\"font-size:16.0pt\"><span style=\"font-family:Calibri\"><span style=\"color:#404040\"><span style=\"language:en-ID\"><span style=\"font-weight:bold\"><span style=\"font-style:italic\"> T </span></span></span></span></span></span><span style=\"font-size:16.0pt\"><span style=\"font-family:Calibri\"><span style=\"color:#404040\"><span style=\"language:en-ID\"><span style=\"font-weight:bold\"><span style=\"font-style:italic\">musti</span></span></span></span></span></span> <span style=\"font-size:16.0pt\"><span style=\"font-family:Calibri\"><span style=\"color:#404040\"><span style=\"language:en-ID\"><span style=\"font-weight:bold\"><span style=\"font-style:italic\">bayar</span></span></span></span></span></span> <span style=\"font-size:16.0pt\"><span style=\"font-family:Calibri\"><span style=\"color:#404040\"><span style=\"language:en-ID\"><span style=\"font-weight:bold\"><span style=\"font-style:italic\">berapa</span></span></span></span></span></span><span style=\"font-size:16.0pt\"><span style=\"font-family:Calibri\"><span style=\"color:#404040\"><span style=\"language:en-ID\"><span style=\"font-weight:bold\"><span style=\"font-style:italic\">&rdquo;</span></span></span></span></span></span></span></span></span></span></li>\n</ul>\n\n<p style=\"margin-top: 10pt; margin-bottom: 0pt; margin-left: 0in; text-align: left;\"><span style=\"language:id\"><span style=\"unicode-bidi:embed\"><span style=\"word-break:normal\"><span style=\"punctuation-wrap:hanging\"><span style=\"font-size:16.0pt\"><span style=\"font-family:Calibri\"><span style=\"color:#404040\"><span style=\"language:en-ID\"><span style=\"font-weight:bold\"><span style=\"font-style:italic\"><img alt=\"\" src=\"/uploads/images/Picture1(1).jpg\" style=\"width: 558px; height: 1054px;\" /></span></span></span></span></span></span></span></span></span></span></p>\n\n<p style=\"margin-top: 10pt; margin-bottom: 0pt; margin-left: 0in; text-align: left;\">&nbsp;</p>\n\n<ul>\n	<li style=\"margin-top: 10pt; margin-bottom: 0pt; margin-left: 0in; text-align: left;\"><span style=\"language:id\"><span style=\"unicode-bidi:embed\"><span style=\"word-break:normal\"><span style=\"punctuation-wrap:hanging\"><span style=\"font-size:16.0pt\"><span style=\"font-family:Calibri\"><span style=\"color:#404040\"><span style=\"language:en-ID\"><span style=\"font-weight:bold\"><span style=\"font-style:italic\">&ldquo;</span></span></span></span></span></span><span style=\"font-size:16.0pt\"><span style=\"font-family:Calibri\"><span style=\"color:#404040\"><span style=\"language:en-ID\"><span style=\"font-weight:bold\"><span style=\"font-style:italic\">Ngarep</span></span></span></span></span></span> <span style=\"font-size:16.0pt\"><span style=\"font-family:Calibri\"><span style=\"color:#404040\"><span style=\"language:en-ID\"><span style=\"font-weight:bold\"><span style=\"font-style:italic\">batok</span></span></span></span></span></span> <span style=\"font-size:16.0pt\"><span style=\"font-family:Calibri\"><span style=\"color:#404040\"><span style=\"language:en-ID\"><span style=\"font-weight:bold\"><span style=\"font-style:italic\">sih</span></span></span></span></span></span> <span style=\"font-size:16.0pt\"><span style=\"font-family:Calibri\"><span style=\"color:#404040\"><span style=\"language:en-ID\"><span style=\"font-weight:bold\"><span style=\"font-style:italic\">boleh</span></span></span></span></span></span> <span style=\"font-size:16.0pt\"><span style=\"font-family:Calibri\"><span style=\"color:#404040\"><span style=\"language:en-ID\"><span style=\"font-weight:bold\"><span style=\"font-style:italic\">aja</span></span></span></span></span></span><span style=\"font-size:16.0pt\"><span style=\"font-family:Calibri\"><span style=\"color:#404040\"><span style=\"language:en-ID\"><span style=\"font-weight:bold\"><span style=\"font-style:italic\">, </span></span></span></span></span></span><span style=\"font-size:16.0pt\"><span style=\"font-family:Calibri\"><span style=\"color:#404040\"><span style=\"language:en-ID\"><span style=\"font-weight:bold\"><span style=\"font-style:italic\">cuma</span></span></span></span></span></span> <span style=\"font-size:16.0pt\"><span style=\"font-family:Calibri\"><span style=\"color:#404040\"><span style=\"language:en-ID\"><span style=\"font-weight:bold\"><span style=\"font-style:italic\">tetep</span></span></span></span></span></span> <span style=\"font-size:16.0pt\"><span style=\"font-family:Calibri\"><span style=\"color:#404040\"><span style=\"language:en-ID\"><span style=\"font-weight:bold\"><span style=\"font-style:italic\">siapin</span></span></span></span></span></span> <span style=\"font-size:16.0pt\"><span style=\"font-family:Calibri\"><span style=\"color:#404040\"><span style=\"language:en-ID\"><span style=\"font-weight:bold\"><span style=\"font-style:italic\">uang</span></span></span></span></span></span> <span style=\"font-size:16.0pt\"><span style=\"font-family:Calibri\"><span style=\"color:#404040\"><span style=\"language:en-ID\"><span style=\"font-weight:bold\"><span style=\"font-style:italic\">kembalian</span></span></span></span></span></span> <span style=\"font-size:16.0pt\"><span style=\"font-family:Calibri\"><span style=\"color:#404040\"><span style=\"language:en-ID\"><span style=\"font-weight:bold\"><span style=\"font-style:italic\">kaleee</span></span></span></span></span></span><span style=\"font-size:16.0pt\"><span style=\"font-family:Calibri\"><span style=\"color:#404040\"><span style=\"language:en-ID\"><span style=\"font-weight:bold\"><span style=\"font-style:italic\">..&rdquo;</span></span></span></span></span></span></span></span></span></span></li>\n</ul>\n\n<p style=\"margin-top: 10pt; margin-bottom: 0pt; margin-left: 0in; text-align: left;\"><img alt=\"\" src=\"/uploads/images/koin-uang-receh-kembalian.jpg\" style=\"width: 800px; height: 445px;\" /></p>\n\n<p style=\"margin-top: 10pt; margin-bottom: 0pt; margin-left: 0in; text-align: left;\">&nbsp;</p>\n\n<ul>\n	<li style=\"margin-top: 10pt; margin-bottom: 0pt; margin-left: 0in; text-align: left;\"><span style=\"language:id\"><span style=\"unicode-bidi:embed\"><span style=\"word-break:normal\"><span style=\"punctuation-wrap:hanging\"><span style=\"font-size:16.0pt\"><span style=\"font-family:Calibri\"><span style=\"color:#404040\"><span style=\"language:en-ID\"><span style=\"font-weight:bold\"><span style=\"font-style:italic\">&ldquo;</span></span></span></span></span></span><span style=\"font-size:16.0pt\"><span style=\"font-family:Calibri\"><span style=\"color:#404040\"><span style=\"language:en-ID\"><span style=\"font-weight:bold\"><span style=\"font-style:italic\">Hari</span></span></span></span></span></span> <span style=\"font-size:16.0pt\"><span style=\"font-family:Calibri\"><span style=\"color:#404040\"><span style=\"language:en-ID\"><span style=\"font-weight:bold\"><span style=\"font-style:italic\">gini</span></span></span></span></span></span> <span style=\"font-size:16.0pt\"><span style=\"font-family:Calibri\"><span style=\"color:#404040\"><span style=\"language:en-ID\"><span style=\"font-weight:bold\"><span style=\"font-style:italic\">udah</span></span></span></span></span></span> <span style=\"font-size:16.0pt\"><span style=\"font-family:Calibri\"><span style=\"color:#404040\"><span style=\"language:en-ID\"><span style=\"font-weight:bold\"><span style=\"font-style:italic\">gak</span></span></span></span></span></span> <span style=\"font-size:16.0pt\"><span style=\"font-family:Calibri\"><span style=\"color:#404040\"><span style=\"language:en-ID\"><span style=\"font-weight:bold\"><span style=\"font-style:italic\">jamannya</span></span></span></span></span></span> <span style=\"font-size:16.0pt\"><span style=\"font-family:Calibri\"><span style=\"color:#404040\"><span style=\"language:en-ID\"><span style=\"font-weight:bold\"><span style=\"font-style:italic\">bayar</span></span></span></span></span></span> <span style=\"font-size:16.0pt\"><span style=\"font-family:Calibri\"><span style=\"color:#404040\"><span style=\"language:en-ID\"><span style=\"font-weight:bold\"><span style=\"font-style:italic\">pakai</span></span></span></span></span></span> <span style=\"font-size:16.0pt\"><span style=\"font-family:Calibri\"><span style=\"color:#404040\"><span style=\"language:en-ID\"><span style=\"font-weight:bold\"><span style=\"font-style:italic\">tunai</span></span></span></span></span></span> <span style=\"font-size:16.0pt\"><span style=\"font-family:Calibri\"><span style=\"color:#404040\"><span style=\"language:en-ID\"><span style=\"font-weight:bold\"><span style=\"font-style:italic\">brooo</span></span></span></span></span></span><span style=\"font-size:16.0pt\"><span style=\"font-family:Calibri\"><span style=\"color:#404040\"><span style=\"language:en-ID\"><span style=\"font-weight:bold\"><span style=\"font-style:italic\">..&rdquo;</span></span></span></span></span></span></span></span></span></span></li>\n</ul>\n\n<p style=\"margin-top: 10pt; margin-bottom: 0pt; margin-left: 0in; text-align: left;\"><span style=\"language:id\"><span style=\"unicode-bidi:embed\"><span style=\"word-break:normal\"><span style=\"punctuation-wrap:hanging\"><span style=\"font-size:16.0pt\"><span style=\"font-family:Calibri\"><span style=\"color:#404040\"><span style=\"language:en-ID\"><span style=\"font-weight:bold\"><span style=\"font-style:italic\"><img alt=\"\" src=\"/uploads/images/cuy.png\" style=\"width: 316px; height: 76px;\" /></span></span></span></span></span></span></span></span></span></span></p>\n\n<p style=\"margin-top: 10pt; margin-bottom: 0pt; margin-left: 0in; text-align: left;\">&nbsp;</p>\n\n<p style=\"margin-top: 10pt; margin-bottom: 0pt; margin-left: 0in; text-align: left;\"><span style=\"language:id\"><span style=\"line-height:90%\"><span style=\"unicode-bidi:embed\"><span style=\"word-break:normal\"><span style=\"punctuation-wrap:hanging\"><span style=\"font-size:28.0pt\"><span style=\"font-family:Calibri\"><span style=\"color:#404040\"><span style=\"language:en-ID\"><span style=\"font-weight:bold\">TIDAK SOPAN</span></span></span></span></span></span></span></span></span></span></p>\n\n<p style=\"margin-top: 10pt; margin-bottom: 0pt; margin-left: 0in; text-align: left;\">&nbsp;</p>\n\n<ul>\n	<li style=\"margin-top: 0pt; margin-bottom: 0pt; margin-left: 0in; text-align: left;\"><span style=\"language:id\"><span style=\"unicode-bidi:embed\"><span style=\"word-break:normal\"><span style=\"punctuation-wrap:hanging\"><span style=\"font-size:18.0pt\"><span style=\"font-family:Calibri\"><span style=\"color:#404040\"><span style=\"language:en-ID\"><span style=\"font-weight:bold\"><span style=\"font-style:italic\">Jangan</span></span></span></span></span></span> <span style=\"font-size:18.0pt\"><span style=\"font-family:Calibri\"><span style=\"color:#404040\"><span style=\"language:en-ID\"><span style=\"font-weight:bold\"><span style=\"font-style:italic\">lupa</span></span></span></span></span></span> <span style=\"font-size:18.0pt\"><span style=\"font-family:Calibri\"><span style=\"color:#404040\"><span style=\"language:en-ID\"><span style=\"font-weight:bold\"><span style=\"font-style:italic\">tersenyum</span></span></span></span></span></span> <span style=\"font-size:18.0pt\"><span style=\"font-family:Calibri\"><span style=\"color:#404040\"><span style=\"language:en-ID\"><span style=\"font-weight:bold\"><span style=\"font-style:italic\">dan</span></span></span></span></span></span> <span style=\"font-size:18.0pt\"><span style=\"font-family:Calibri\"><span style=\"color:#404040\"><span style=\"language:en-ID\"><span style=\"font-weight:bold\"><span style=\"font-style:italic\">ucapkan</span></span></span></span></span></span> <span style=\"font-size:18.0pt\"><span style=\"font-family:Calibri\"><span style=\"color:#404040\"><span style=\"language:en-ID\"><span style=\"font-weight:bold\"><span style=\"font-style:italic\">salam</span></span></span></span></span></span><span style=\"font-size:18.0pt\"><span style=\"font-family:Calibri\"><span style=\"color:#404040\"><span style=\"language:en-ID\"><span style=\"font-weight:bold\"><span style=\"font-style:italic\">:&nbsp;</span></span></span></span></span></span></span></span></span></span><span style=\"language:id\"><span style=\"unicode-bidi:embed\"><span style=\"word-break:normal\"><span style=\"punctuation-wrap:hanging\"><span style=\"font-size:18.0pt\"><span style=\"font-family:Calibri\"><span style=\"color:#404040\"><span style=\"language:en-ID\"><span style=\"font-weight:bold\"><span style=\"font-style:italic\">&ldquo;</span></span></span></span></span></span><span style=\"font-size:18.0pt\"><span style=\"font-family:Calibri\"><span style=\"color:#404040\"><span style=\"language:en-ID\"><span style=\"font-weight:bold\"><span style=\"font-style:italic\">Selamat</span></span></span></span></span></span> <span style=\"font-size:18.0pt\"><span style=\"font-family:Calibri\"><span style=\"color:#404040\"><span style=\"language:en-ID\"><span style=\"font-weight:bold\"><span style=\"font-style:italic\">Pagi</span></span></span></span></span></span><span style=\"font-size:18.0pt\"><span style=\"font-family:Calibri\"><span style=\"color:#404040\"><span style=\"language:en-ID\"><span style=\"font-weight:bold\"><span style=\"font-style:italic\">/Siang/Sore/</span></span></span></span></span></span><span style=\"font-size:18.0pt\"><span style=\"font-family:Calibri\"><span style=\"color:#404040\"><span style=\"language:en-ID\"><span style=\"font-weight:bold\"><span style=\"font-style:italic\">Malam</span></span></span></span></span></span><span style=\"font-size:18.0pt\"><span style=\"font-family:Calibri\"><span style=\"color:#404040\"><span style=\"language:en-ID\"><span style=\"font-weight:bold\"><span style=\"font-style:italic\"> Pak/Bu..&rdquo;</span></span></span></span></span></span></span></span></span></span></li>\n</ul>\n\n<p style=\"margin-top: 0pt; margin-bottom: 0pt; margin-left: 0in; text-align: left;\"><span style=\"language:id\"><span style=\"unicode-bidi:embed\"><span style=\"word-break:normal\"><span style=\"punctuation-wrap:hanging\"><span style=\"font-size:18.0pt\"><span style=\"font-family:Calibri\"><span style=\"color:#404040\"><span style=\"language:en-ID\"><span style=\"font-weight:bold\"><span style=\"font-style:italic\"><img alt=\"\" src=\"/uploads/images/129870_medium.jpg\" style=\"width: 600px; height: 372px;\" /></span></span></span></span></span></span></span></span></span></span></p>\n\n<ul>\n	<li style=\"margin-top: 0pt; margin-bottom: 0pt; margin-left: 0in; text-align: left;\"><span style=\"language:id\"><span style=\"unicode-bidi:embed\"><span style=\"word-break:normal\"><span style=\"punctuation-wrap:hanging\"><span style=\"font-size:16.0pt\"><span style=\"font-family:Calibri\"><span style=\"color:#404040\"><span style=\"language:en-ID\"><span style=\"font-weight:bold\"><span style=\"font-style:italic\">&ldquo;</span></span></span></span></span></span><span style=\"font-size:16.0pt\"><span style=\"font-family:Calibri\"><span style=\"color:#404040\"><span style=\"language:en-ID\"><span style=\"font-weight:bold\"><span style=\"font-style:italic\">Banyakin</span></span></span></span></span></span> <span style=\"font-size:16.0pt\"><span style=\"font-family:Calibri\"><span style=\"color:#404040\"><span style=\"language:en-ID\"><span style=\"font-weight:bold\"><span style=\"font-style:italic\">senyum</span></span></span></span></span></span><span style=\"font-size:16.0pt\"><span style=\"font-family:Calibri\"><span style=\"color:#404040\"><span style=\"language:en-ID\"><span style=\"font-weight:bold\"><span style=\"font-style:italic\"> Bro..</span></span></span></span></span></span></span></span></span></span><span style=\"language:id\"><span style=\"unicode-bidi:embed\"><span style=\"word-break:normal\"><span style=\"punctuation-wrap:hanging\"><span style=\"font-size:16.0pt\"><span style=\"font-family:Calibri\"><span style=\"color:#404040\"><span style=\"language:en-ID\"><span style=\"font-weight:bold\"><span style=\"font-style:italic\">Insyaallah</span></span></span></span></span></span> <span style=\"font-size:16.0pt\"><span style=\"font-family:Calibri\"><span style=\"color:#404040\"><span style=\"language:en-ID\"><span style=\"font-weight:bold\"><span style=\"font-style:italic\">rejeki</span></span></span></span></span></span> <span style=\"font-size:16.0pt\"><span style=\"font-family:Calibri\"><span style=\"color:#404040\"><span style=\"language:en-ID\"><span style=\"font-weight:bold\"><span style=\"font-style:italic\">juga</span></span></span></span></span></span> <span style=\"font-size:16.0pt\"><span style=\"font-family:Calibri\"><span style=\"color:#404040\"><span style=\"language:en-ID\"><span style=\"font-weight:bold\"><span style=\"font-style:italic\">banyak</span></span></span></span></span></span><span style=\"font-size:16.0pt\"><span style=\"font-family:Calibri\"><span style=\"color:#404040\"><span style=\"language:en-ID\"><span style=\"font-weight:bold\"><span style=\"font-style:italic\">..&rdquo;</span></span></span></span></span></span></span></span></span></span></li>\n</ul>\n\n<p style=\"margin-top: 0pt; margin-bottom: 0pt; margin-left: 0in; text-align: left;\"><span style=\"language:id\"><span style=\"unicode-bidi:embed\"><span style=\"word-break:normal\"><span style=\"punctuation-wrap:hanging\"><span style=\"font-size:16.0pt\"><span style=\"font-family:Calibri\"><span style=\"color:#404040\"><span style=\"language:en-ID\"><span style=\"font-weight:bold\"><span style=\"font-style:italic\"><img alt=\"\" src=\"/uploads/images/Picture%20nih.jpg\" style=\"width: 301px; height: 401px;\" /></span></span></span></span></span></span></span></span></span></span></p>\n\n<ul>\n	<li style=\"margin-top: 0pt; margin-bottom: 0pt; margin-left: 0in; text-align: left;\"><span style=\"language:id\"><span style=\"unicode-bidi:embed\"><span style=\"word-break:normal\"><span style=\"punctuation-wrap:hanging\"><span style=\"font-size:16.0pt\"><span style=\"font-family:Calibri\"><span style=\"color:#404040\"><span style=\"language:en-ID\"><span style=\"font-weight:bold\"><span style=\"font-style:italic\">&ldquo;</span></span></span></span></span></span><span style=\"font-size:16.0pt\"><span style=\"font-family:Calibri\"><span style=\"color:#404040\"><span style=\"language:en-ID\"><span style=\"font-weight:bold\"><span style=\"font-style:italic\">Bukain</span></span></span></span></span></span> <span style=\"font-size:16.0pt\"><span style=\"font-family:Calibri\"><span style=\"color:#404040\"><span style=\"language:en-ID\"><span style=\"font-weight:bold\"><span style=\"font-style:italic\">donk</span></span></span></span></span></span> <span style=\"font-size:16.0pt\"><span style=\"font-family:Calibri\"><span style=\"color:#404040\"><span style=\"language:en-ID\"><span style=\"font-weight:bold\"><span style=\"font-style:italic\">pintunya</span></span></span></span></span></span><span style=\"font-size:16.0pt\"><span style=\"font-family:Calibri\"><span style=\"color:#404040\"><span style=\"language:en-ID\"><span style=\"font-weight:bold\"><span style=\"font-style:italic\">, </span></span></span></span></span></span><span style=\"font-size:16.0pt\"><span style=\"font-family:Calibri\"><span style=\"color:#404040\"><span style=\"language:en-ID\"><span style=\"font-weight:bold\"><span style=\"font-style:italic\">biar</span></span></span></span></span></span> <span style=\"font-size:16.0pt\"><span style=\"font-family:Calibri\"><span style=\"color:#404040\"><span style=\"language:en-ID\"><span style=\"font-weight:bold\"><span style=\"font-style:italic\">beda</span></span></span></span></span></span> <span style=\"font-size:16.0pt\"><span style=\"font-family:Calibri\"><span style=\"color:#404040\"><span style=\"language:en-ID\"><span style=\"font-weight:bold\"><span style=\"font-style:italic\">sama</span></span></span></span></span></span><span style=\"font-size:16.0pt\"><span style=\"font-family:Calibri\"><span style=\"color:#404040\"><span style=\"language:en-ID\"><span style=\"font-weight:bold\"><span style=\"font-style:italic\"> TAKSI </span></span></span></span></span></span><span style=\"font-size:16.0pt\"><span style=\"font-family:Calibri\"><span style=\"color:#404040\"><span style=\"language:en-ID\"><span style=\"font-weight:bold\"><span style=\"font-style:italic\">lainnya</span></span></span></span></span></span><span style=\"font-size:16.0pt\"><span style=\"font-family:Calibri\"><span style=\"color:#404040\"><span style=\"language:en-ID\"><span style=\"font-weight:bold\"><span style=\"font-style:italic\">..&rdquo;</span></span></span></span></span></span></span></span></span></span></li>\n</ul>\n\n<p style=\"margin-top: 0pt; margin-bottom: 0pt; margin-left: 0in; text-align: left;\"><img alt=\"\" src=\"/uploads/images/Bluebirdbigfave(1).jpg\" style=\"width: 500px; height: 270px;\" /></p>\n\n<p style=\"margin-top: 0pt; margin-bottom: 0pt; margin-left: 0in; text-align: left;\">&nbsp;</p>\n\n<ul>\n	<li style=\"margin-top: 0pt; margin-bottom: 0pt; margin-left: 0in; text-align: left;\"><span style=\"language:id\"><span style=\"unicode-bidi:embed\"><span style=\"word-break:normal\"><span style=\"punctuation-wrap:hanging\"><span style=\"font-size:16.0pt\"><span style=\"font-family:Calibri\"><span style=\"color:#404040\"><span style=\"language:en-ID\"><span style=\"font-weight:bold\"><span style=\"font-style:italic\">&ldquo;</span></span></span></span></span></span><span style=\"font-size:16.0pt\"><span style=\"font-family:Calibri\"><span style=\"color:#404040\"><span style=\"language:en-ID\"><span style=\"font-weight:bold\"><span style=\"font-style:italic\">Sekalian</span></span></span></span></span></span><span style=\"font-size:16.0pt\"><span style=\"font-family:Calibri\"><span style=\"color:#404040\"><span style=\"language:en-ID\"><span style=\"font-weight:bold\"><span style=\"font-style:italic\"> bantu </span></span></span></span></span></span><span style=\"font-size:16.0pt\"><span style=\"font-family:Calibri\"><span style=\"color:#404040\"><span style=\"language:en-ID\"><span style=\"font-weight:bold\"><span style=\"font-style:italic\">angkatin</span></span></span></span></span></span> <span style=\"font-size:16.0pt\"><span style=\"font-family:Calibri\"><span style=\"color:#404040\"><span style=\"language:en-ID\"><span style=\"font-weight:bold\"><span style=\"font-style:italic\">dan</span></span></span></span></span></span> <span style=\"font-size:16.0pt\"><span style=\"font-family:Calibri\"><span style=\"color:#404040\"><span style=\"language:en-ID\"><span style=\"font-weight:bold\"><span style=\"font-style:italic\">masukin</span></span></span></span></span></span> <span style=\"font-size:16.0pt\"><span style=\"font-family:Calibri\"><span style=\"color:#404040\"><span style=\"language:en-ID\"><span style=\"font-weight:bold\"><span style=\"font-style:italic\">barang</span></span></span></span></span></span><span style=\"font-size:16.0pt\"><span style=\"font-family:Calibri\"><span style=\"color:#404040\"><span style=\"language:en-ID\"><span style=\"font-weight:bold\"><span style=\"font-style:italic\"> T </span></span></span></span></span></span><span style=\"font-size:16.0pt\"><span style=\"font-family:Calibri\"><span style=\"color:#404040\"><span style=\"language:en-ID\"><span style=\"font-weight:bold\"><span style=\"font-style:italic\">ke</span></span></span></span></span></span> <span style=\"font-size:16.0pt\"><span style=\"font-family:Calibri\"><span style=\"color:#404040\"><span style=\"language:en-ID\"><span style=\"font-weight:bold\"><span style=\"font-style:italic\">bagasi</span></span></span></span></span></span> <span style=\"font-size:16.0pt\"><span style=\"font-family:Calibri\"><span style=\"color:#404040\"><span style=\"language:en-ID\"><span style=\"font-weight:bold\"><span style=\"font-style:italic\">ya</span></span></span></span></span></span><span style=\"font-size:16.0pt\"><span style=\"font-family:Calibri\"><span style=\"color:#404040\"><span style=\"language:en-ID\"><span style=\"font-weight:bold\"><span style=\"font-style:italic\">..&rdquo;</span></span></span></span></span></span></span></span></span></span></li>\n</ul>\n\n<p style=\"margin-top: 0pt; margin-bottom: 0pt; margin-left: 0in; text-align: left;\"><img alt=\"\" src=\"/uploads/images/kluklux.jpg\" style=\"width: 960px; height: 720px;\" /></p>\n\n<ul>\n	<li style=\"margin-top: 0pt; margin-bottom: 0pt; margin-left: 0in; text-align: left;\"><span style=\"language:id\"><span style=\"unicode-bidi:embed\"><span style=\"word-break:normal\"><span style=\"punctuation-wrap:hanging\"><span style=\"font-size:16.0pt\"><span style=\"font-family:Calibri\"><span style=\"color:#404040\"><span style=\"language:en-ID\"><span style=\"font-weight:bold\"><span style=\"font-style:italic\">&ldquo;</span></span></span></span></span></span><span style=\"font-size:16.0pt\"><span style=\"font-family:Calibri\"><span style=\"color:#404040\"><span style=\"language:en-ID\"><span style=\"font-weight:bold\"><span style=\"font-style:italic\">Ingetin</span></span></span></span></span></span><span style=\"font-size:16.0pt\"><span style=\"font-family:Calibri\"><span style=\"color:#404040\"><span style=\"language:en-ID\"><span style=\"font-weight:bold\"><span style=\"font-style:italic\"> T </span></span></span></span></span></span><span style=\"font-size:16.0pt\"><span style=\"font-family:Calibri\"><span style=\"color:#404040\"><span style=\"language:en-ID\"><span style=\"font-weight:bold\"><span style=\"font-style:italic\">jangan</span></span></span></span></span></span> <span style=\"font-size:16.0pt\"><span style=\"font-family:Calibri\"><span style=\"color:#404040\"><span style=\"language:en-ID\"><span style=\"font-weight:bold\"><span style=\"font-style:italic\">sampai</span></span></span></span></span></span> <span style=\"font-size:16.0pt\"><span style=\"font-family:Calibri\"><span style=\"color:#404040\"><span style=\"language:en-ID\"><span style=\"font-weight:bold\"><span style=\"font-style:italic\">ada</span></span></span></span></span></span><span style=\"font-size:16.0pt\"><span style=\"font-family:Calibri\"><span style=\"color:#404040\"><span style=\"language:en-ID\"><span style=\"font-weight:bold\"><span style=\"font-style:italic\"> BARKET..&rdquo;</span></span></span></span></span></span></span></span></span></span></li>\n</ul>\n\n<p style=\"margin-top: 0pt; margin-bottom: 0pt; margin-left: 0in; text-align: left;\"><span style=\"language:id\"><span style=\"unicode-bidi:embed\"><span style=\"word-break:normal\"><span style=\"punctuation-wrap:hanging\"><span style=\"font-size:16.0pt\"><span style=\"font-family:Calibri\"><span style=\"color:#404040\"><span style=\"language:en-ID\"><span style=\"font-weight:bold\"><span style=\"font-style:italic\"><img alt=\"\" src=\"/uploads/images/periksa-lagi-pakkk(1).jpg\" style=\"width: 799px; height: 425px;\" /></span></span></span></span></span></span></span></span></span></span></p>\n\n<p style=\"margin-top: 0pt; margin-bottom: 0pt; margin-left: 0in; text-align: left;\">&nbsp;</p>\n\n<p style=\"margin-top:10.0pt; margin-bottom:0pt; margin-left:0in; text-align:left\"><span style=\"language:id\"><span style=\"line-height:90%\"><span style=\"unicode-bidi:embed\"><span style=\"word-break:normal\"><span style=\"punctuation-wrap:hanging\"><span style=\"font-size:28.0pt\"><span style=\"font-family:Calibri\"><span style=\"color:#404040\"><span style=\"language:en-ID\"><span style=\"font-weight:bold\">KERAPIHAN/KEBERSIHAN/</span></span></span></span></span></span></span></span></span></span><span style=\"font-size:28.0pt\"><span style=\"font-family:Calibri\"><span style=\"color:#404040\"><span style=\"language:en-ID\"><span style=\"font-weight:bold\">BAU BADAN</span></span></span></span></span></p>\n\n<ul>\n	<li style=\"margin-top: 10pt; margin-bottom: 0pt; margin-left: 0in; text-align: left;\"><span style=\"language:id\"><span style=\"unicode-bidi:embed\"><span style=\"word-break:normal\"><span style=\"punctuation-wrap:hanging\"><span style=\"font-size:16.0pt\"><span style=\"font-family:Calibri\"><span style=\"color:#404040\"><span style=\"language:en-ID\"><span style=\"font-weight:bold\"><span style=\"font-style:italic\">&ldquo;</span></span></span></span></span></span><span style=\"font-size:16.0pt\"><span style=\"font-family:Calibri\"><span style=\"color:#404040\"><span style=\"language:en-ID\"><span style=\"font-weight:bold\"><span style=\"font-style:italic\">Karena</span></span></span></span></span></span> <span style=\"font-size:16.0pt\"><span style=\"font-family:Calibri\"><span style=\"color:#404040\"><span style=\"language:en-ID\"><span style=\"font-weight:bold\"><span style=\"font-style:italic\">kebersihan</span></span></span></span></span></span> <span style=\"font-size:16.0pt\"><span style=\"font-family:Calibri\"><span style=\"color:#404040\"><span style=\"language:en-ID\"><span style=\"font-weight:bold\"><span style=\"font-style:italic\">dan</span></span></span></span></span></span> <span style=\"font-size:16.0pt\"><span style=\"font-family:Calibri\"><span style=\"color:#404040\"><span style=\"language:en-ID\"><span style=\"font-weight:bold\"><span style=\"font-style:italic\">kerapihan</span></span></span></span></span></span> <span style=\"font-size:16.0pt\"><span style=\"font-family:Calibri\"><span style=\"color:#404040\"><span style=\"language:en-ID\"><span style=\"font-weight:bold\"><span style=\"font-style:italic\">adalah</span></span></span></span></span></span> <span style=\"font-size:16.0pt\"><span style=\"font-family:Calibri\"><span style=\"color:#404040\"><span style=\"language:en-ID\"><span style=\"font-weight:bold\"><span style=\"font-style:italic\">bagian</span></span></span></span></span></span> <span style=\"font-size:16.0pt\"><span style=\"font-family:Calibri\"><span style=\"color:#404040\"><span style=\"language:en-ID\"><span style=\"font-weight:bold\"><span style=\"font-style:italic\">dari</span></span></span></span></span></span><span style=\"font-size:16.0pt\"><span style=\"font-family:Calibri\"><span style=\"color:#404040\"><span style=\"language:en-ID\"><span style=\"font-weight:bold\"><span style=\"font-style:italic\"> IMAN..&rdquo; </span></span></span></span></span></span></span></span></span></span></li>\n</ul>\n\n<p style=\"margin-top: 10pt; margin-bottom: 0pt; margin-left: 0in; text-align: left;\">&nbsp;</p>\n\n<p style=\"margin-top: 10pt; margin-bottom: 0pt; margin-left: 0in; text-align: left;\"><span style=\"language:id\"><span style=\"unicode-bidi:embed\"><span style=\"word-break:normal\"><span style=\"punctuation-wrap:hanging\"><span style=\"font-size:16.0pt\"><span style=\"font-family:Calibri\"><span style=\"color:#404040\"><span style=\"language:en-ID\"><span style=\"font-weight:bold\"><span style=\"font-style:italic\"><img alt=\"\" src=\"/uploads/images/piktur.jpg\" style=\"width: 499px; height: 323px;\" /></span></span></span></span></span></span></span></span></span></span></p>\n\n<ul>\n	<li style=\"margin-top: 10pt; margin-bottom: 0pt; margin-left: 0in; text-align: left;\"><span style=\"language:id\"><span style=\"unicode-bidi:embed\"><span style=\"word-break:normal\"><span style=\"punctuation-wrap:hanging\"><span style=\"font-size:16.0pt\"><span style=\"font-family:Calibri\"><span style=\"color:#404040\"><span style=\"language:en-ID\"><span style=\"font-weight:bold\"><span style=\"font-style:italic\">Rajin-rajin</span></span></span></span></span></span> <span style=\"font-size:16.0pt\"><span style=\"font-family:Calibri\"><span style=\"color:#404040\"><span style=\"language:en-ID\"><span style=\"font-weight:bold\"><span style=\"font-style:italic\">cuci</span></span></span></span></span></span> <span style=\"font-size:16.0pt\"><span style=\"font-family:Calibri\"><span style=\"color:#404040\"><span style=\"language:en-ID\"><span style=\"font-weight:bold\"><span style=\"font-style:italic\">muka</span></span></span></span></span></span><span style=\"font-size:16.0pt\"><span style=\"font-family:Calibri\"><span style=\"color:#404040\"><span style=\"language:en-ID\"><span style=\"font-weight:bold\"><span style=\"font-style:italic\">, </span></span></span></span></span></span><span style=\"font-size:16.0pt\"><span style=\"font-family:Calibri\"><span style=\"color:#404040\"><span style=\"language:en-ID\"><span style=\"font-weight:bold\"><span style=\"font-style:italic\">sisir</span></span></span></span></span></span> <span style=\"font-size:16.0pt\"><span style=\"font-family:Calibri\"><span style=\"color:#404040\"><span style=\"language:en-ID\"><span style=\"font-weight:bold\"><span style=\"font-style:italic\">rambut</span></span></span></span></span></span><span style=\"font-size:16.0pt\"><span style=\"font-family:Calibri\"><span style=\"color:#404040\"><span style=\"language:en-ID\"><span style=\"font-weight:bold\"><span style=\"font-style:italic\">, </span></span></span></span></span></span><span style=\"font-size:16.0pt\"><span style=\"font-family:Calibri\"><span style=\"color:#404040\"><span style=\"language:en-ID\"><span style=\"font-weight:bold\"><span style=\"font-style:italic\">dan</span></span></span></span></span></span> <span style=\"font-size:16.0pt\"><span style=\"font-family:Calibri\"><span style=\"color:#404040\"><span style=\"language:en-ID\"><span style=\"font-weight:bold\"><span style=\"font-style:italic\">semprot</span></span></span></span></span></span> <span style=\"font-size:16.0pt\"><span style=\"font-family:Calibri\"><span style=\"color:#404040\"><span style=\"language:en-ID\"><span style=\"font-weight:bold\"><span style=\"font-style:italic\">parfumlah</span></span></span></span></span></span><span style=\"font-size:16.0pt\"><span style=\"font-family:Calibri\"><span style=\"color:#404040\"><span style=\"language:en-ID\"><span style=\"font-weight:bold\"><span style=\"font-style:italic\"> bro..&rdquo;</span></span></span></span></span></span></span></span></span></span></li>\n</ul>\n\n<p style=\"margin-top: 10pt; margin-bottom: 0pt; margin-left: 0in; text-align: left;\"><img alt=\"\" src=\"/uploads/images/chuy.jpg\" style=\"width: 277px; height: 184px;\" /></p>\n\n<p style=\"margin-top: 10pt; margin-bottom: 0pt; margin-left: 0in; text-align: left;\">&nbsp;</p>\n\n<p style=\"margin-top:10.0pt; margin-bottom:0pt; margin-left:0in; text-align:left\">&nbsp;</p>\n', '1', '2018-06-06 11:42:12', '1', '2018-06-07 10:34:45', 1, NULL, 1, 0, 0);
INSERT INTO `mdl_content` (`POST_ID`, `POST_TITLE`, `POST_URI`, `POST_TITLE_SHORT`, `POST_DESCRIPTION`, `POST_FEATURE_IMAGE`, `POST_FILE_TYPE`, `POST_FILE_EXTENSION`, `POST_FILE_SIZE`, `POST_CONTENT`, `POST_INPUT_BY`, `POST_INPUT_DATE`, `POST_UPDATE_BY`, `POST_UPDATE_DATE`, `POST_CATEGORY`, `POST_CATEGORY_BBL`, `POST_MAINPAGE`, `POST_FEATURED`, `POST_ISACTIVE`) VALUES
(175, 'Winning the Heart Through Servant Leadership - Wani Sabu', 'winning-the-heart-through-servant-leadership-wani-sabu', '', '', '', 'file', NULL, NULL, '<h1 style=\"text-align: justify; margin: 0cm 0cm 0.0001pt;\">Belajar Delapan Cara Menangkan Hati Pelanggan Ala Halo BCA&nbsp;</h1>\n\n<p style=\"text-align:justify; margin:0cm 0cm 0.0001pt\">&nbsp;</p>\n\n<p style=\"text-align:justify; margin:0cm 0cm 0.0001pt\"><em><strong>Leadership Sharing Session&nbsp;</strong></em></p>\n\n<p style=\"text-align:justify; margin:0cm 0cm 0.0001pt\"><strong>30 November 2017</strong></p>\n\n<p style=\"text-align:justify; margin:0cm 0cm 0.0001pt\"><strong>Wani Sabu, Head of Halo BCA</strong></p>\n\n<p style=\"text-align:justify; margin:0cm 0cm 0.0001pt\">&nbsp;</p>\n\n<p style=\"text-align:justify; margin:0cm 0cm 0.0001pt\"><img alt=\"\" src=\"/uploads/images/Screen%20Shot%202018-06-29%20at%2011.10.19.png\" style=\"width: 438px; height: 578px;\" /></p>\n\n<p style=\"text-align:justify; margin:0cm 0cm 0.0001pt\">&nbsp;</p>\n\n<p style=\"text-align:justify; margin:0cm 0cm 0.0001pt\"><span style=\"font-size:12pt\"><span style=\"line-height:150%\"><span style=\"font-family:Calibri\"><span new=\"\" roman=\"\" style=\"font-family:\" times=\"\">Tidak peduli sesukses apapun anda, tugas seorang <i>leader </i>dalam perusahaan selain memimpin di ranah internal, juga harus jago dalam berkomunikasi dengan pihak eksternal. Luaran yang ingin dicapai tentulah profit. Agar dapat sampai ke sana, anda sebagai <i>leader </i>memiliki tugas untuk memenangkan hati mereka. Bukan hanya merayu agar mereka mau menggunakan jasa kita, namun juga mengajak mereka untuk terus datang menggunakan jasa kita ketika membutuhkan, bahkan ketika tidak membutuhkan. <i>Leadership Sharing Session </i>kali ini menghadirkan Wani Sabu, salah satu dalang dibalik suksesnya Halo BCA menjadi salah satu <i>call center </i>terbaik kelas dunia. Beliau bercerita banyak soal bagaimana cara memenangkan hati pelanggan, khususnya di era digital dimana segala hal serba dinamis, praktis dan terautomatisasi.</span></span></span></span></p>\n\n<p style=\"text-align:justify; margin:0cm 0cm 0.0001pt\">&nbsp;</p>\n\n<p style=\"text-align:justify; margin:0cm 0cm 0.0001pt\"><span style=\"font-size:12pt\"><span style=\"line-height:150%\"><span style=\"font-family:Calibri\"><span new=\"\" roman=\"\" style=\"font-family:\" times=\"\">Dalam merangkum yang beliau sampaikan, setidaknya tercatat sepuluh poin penting dari Wani Sabu yang perlu diperhatikan oleh seorang <i>leader </i>dalam menciptakan layanan yang bermakna bagi pelanggan. Ada nilai-nilai penting yang harus ditanamkan dan diterapkan ke segala lini strategi yang digunakan. Pertama, perlu diperhatikan bahwa pelanggan harus menjadi fokus utama. Dalam sebuah penelitian berjudul Listening: Our Most Used Communication Skill yang diterbitkan oleh University of Missouri menunjukkan bahwa 70-80% kegiatan yang kita lakukan sehari-hari adalah berkomunikasi. Menariknya, lebih dari 45% kegiatan berkomunikasi kita lakukan dengan mendengarkan. Namun, seringkali fakta ini diabaikan atau tidak dimanfaatkan dengan baik oleh perusahaan. Penting bagi seorang <i>leader </i>untuk dapat berkomunikasi secara efektif. Dengan kemampuan dan kemauan kita mendengakan orang lain, kita dapat mengerti dan memahami apa yang sebenarnya dibutuhkan oleh pelanggan kita. Dan ini merupakan kunci untuk memenangkan hati mereka. Pelajari <i>behaviour </i>pelanggan, dengarkan apa yang mereka butuhkan, serta tuangkan aspirasi mereka ke dalam setiap inovasi yang dibuat.</span></span></span></span></p>\n\n<p style=\"text-align:justify; margin:0cm 0cm 0.0001pt\">&nbsp;</p>\n\n<p style=\"text-align:justify; margin:0cm 0cm 0.0001pt\"><img alt=\"\" src=\"/uploads/images/b2.jpg\" style=\"width: 400px; height: 267px;\" /></p>\n\n<p style=\"text-align:justify; margin:0cm 0cm 0.0001pt\">&nbsp;</p>\n\n<p style=\"text-align:justify; margin:0cm 0cm 0.0001pt\"><span style=\"font-size:12pt\"><span style=\"line-height:150%\"><span style=\"font-family:Calibri\"><span new=\"\" roman=\"\" style=\"font-family:\" times=\"\">Kedua, Pastikan bahwa <i>brand </i>selalu berada di sisi pelanggan. Sebagai sebuah penyedia jasa, <i>brand </i>kita harus bisa menjadi <i>top of mind </i>di kalangan pelanggan. Buat strategi sedemikian rupa agar kita bisa selangkah lebih dekat dan semakin dekat dengan pelanggan. Buat <i>channel </i>sedemikian rupa yang memungkinkan kita terhubung dengan pelanggan. Pelajari apa yang mereka gunakan, bagaimana cara mereka berkomunikasi, bagaimana cara mereka terhubung. Dengan mempelajari hal tersebut, kita bisa menentukan strategi apa yang akan digunakan kedepannya. Sebagai contoh, Wani Sabu menunjukkan apa yang ia kerjakan di Halo BCA. Halo BCA merupakan layanan <i>call center </i>Bank BCA yang dapat dihubungi kapan saja dan dimana saja. Namun beliau menyadari bahwa sekarang, tren sudah berubah. Pelanggan lebih cenderung menyukai menggunakan <i>instant messaging </i>ketimbang telepon secara langsung. Aspirasi semacam ini yang dijadikan landasan bagi Wani Sabu untuk meluncurkan Halo BCA Chat yang memungkinkan pelanggan dapat menghubungi Halo BCA melalui chat. Bagai istilah lama palugada, perusahaan terutama penyedia layanan jasa harus peka terhadap kebutuhan konsumen, dan pastikan kita selalu ada di benak mereka ketika mereka membutuhkan.</span></span></span></span></p>\n\n<p style=\"text-align:justify; margin:0cm 0cm 0.0001pt\">&nbsp;</p>\n\n<p style=\"text-align:justify; margin:0cm 0cm 0.0001pt\"><span style=\"font-size:12pt\"><span style=\"line-height:150%\"><span style=\"font-family:Calibri\"><span new=\"\" roman=\"\" style=\"font-family:\" times=\"\">Ketiga, pastikan kita memberikan layanan <i>end-to-end,</i> artinya selesaikan masalah pelanggan dalam satu kali penyelesaian. Hal ini dikarenakan pelanggan tidak suka &ldquo;dipimpong&rdquo; ke sana dan ke sini. Untuk mengantisipasi hal semacam ini, dibutuhkan pemahaman yang komprehensif di semua bagian perusahaan, agar tidak ada satupun pertanyaan dari pelanggan yang tidak dapat dijawab. Selanjutnya, pastikan kita merekrut orang-orang yang tepat di segala lini perusahaan. Menempatkan orang yang tepat di tempat yang tepat merupakan langkah awal menciptakan layanan berkualitas bagi para pelanggan. Jika sudah berhasil merekrut orang-orang terbaik, maka tips kelima dari Wani Sabu adalah mempertahankan orang-orang terbaik tersebut dengan cara memperhatikan <i>carreer path. </i>Beliau menjelaskan setidaknya ada tiga hal yang disukai oleh pekerja, khususnya kalangan <i>millenial </i>yaitu: <i>carreer-remuneration-appreciation. </i>Ketiga hal ini perlu dilakukan untuk para pekerja agar dapat melayani pelanggan dengan sepenuh hati. Contihnya dapat memberikan penghargaan <i>employee of the month </i>setiap bulannya untuk memberikan apresiasi.</span></span></span></span></p>\n\n<p style=\"text-align:justify; margin:0cm 0cm 0.0001pt\">&nbsp;</p>\n\n<p style=\"text-align:justify; margin:0cm 0cm 0.0001pt\"><img alt=\"\" src=\"/uploads/images/b4.jpg\" style=\"width: 500px; height: 257px;\" /></p>\n\n<p style=\"text-align:justify; margin:0cm 0cm 0.0001pt\"><span style=\"font-size:12pt\"><span style=\"line-height:150%\"><span style=\"font-family:Calibri\">&nbsp;</span></span></span></p>\n\n<p style=\"text-align:justify; margin:0cm 0cm 0.0001pt\"><span style=\"font-size:12pt\"><span style=\"line-height:150%\"><span style=\"font-family:Calibri\"><span new=\"\" roman=\"\" style=\"font-family:\" times=\"\">Keenam, komunitas. Bangun relasi dan jaringan seluas-luasnya tanpa ada jarak dengan para pelanggan. Ketujuh, manfaatkan <i>the power of big data. </i>Gunakan algoritma dan data-data yang relevan untuk bisa mendekatkan jasa atau <i>brand </i>kita ke pelanggan. Wani mencontohkan dalam Blue Bird kita bisa memanfaatkan <i>big data </i>untuk melihat dan memonitor wilayah-wilayah mana saja yang ramai menggunakan armada<i> </i>Blue Bird, jam-jam berapa saja banyak orang yang memesan armada, dan lain sebagianya. Dalam hal ini data sangat penting untuk memetakan strategi apa yang harus digunakan untuk memastikan kita selalu ada dengan pelanggan. </span></span></span></span></p>\n\n<p style=\"text-align:justify; margin:0cm 0cm 0.0001pt\">&nbsp;</p>\n\n<p style=\"text-align:justify; margin:0cm 0cm 0.0001pt\"><span style=\"font-size:12pt\"><span style=\"line-height:150%\"><span style=\"font-family:Calibri\"><span new=\"\" roman=\"\" style=\"font-family:\" times=\"\">Tips terakhir, Wani Sabu menyarankan untuk tetap mempertahankan <i>human touch </i>di tengah gempuran teknologi yang ada. Sampai kapanpun, sentuhan manusia tidak bisa menggantikan mesin. Dalam hal ini, emosi menjadi satu-satunya pembeda antara manusia dan mesin. Maka dari itu perlu ada sentuhan emosional untuk membangun loyalitas konsumen. Delapan cara tersebut dapat diterapkan untuk bisa mendekatkan Blue Bird dengan konsumen dan menjadikan Blue Bird sebagai <i>top of mind </i>melalui cara kita dalam menjadi <i>leader </i>di perusahaan ini. Selamat memimpin!</span></span></span></span></p>\n\n<p style=\"text-align:justify; margin:0cm 0cm 0.0001pt\">&nbsp;</p>\n\n<p style=\"text-align:justify; margin:0cm 0cm 0.0001pt\"><span style=\"font-size:12pt\"><span style=\"line-height:150%\"><span style=\"font-family:Calibri\"><span new=\"\" roman=\"\" style=\"font-family:\" times=\"\"><img alt=\"\" src=\"/uploads/images/b1.jpg\" style=\"width: 450px; height: 300px;\" /></span></span></span></span></p>\n', '1', '2018-06-07 11:27:33', '1', '2018-06-29 16:04:16', 26, 'leadership-sharing-session', 0, 0, 1),
(177, 'Tata Tertib Kehadiran PT PCD', 'tata-tertib-kehadiran-pt-pcd', '', '', '', NULL, NULL, NULL, '<p><img alt=\"\" src=\"/uploads/images/cuk.png\" style=\"width: 900px; height: 94px;\" /></p>\n\n<p>Dasar UU No 13 &nbsp;Tahun 2003 pasal 77<br />\n&nbsp;&nbsp; &nbsp;&ldquo;8 (delapan) jam, 1 (satu) hari, dan 40 (empat puluh) jam, 1 (satu) minggu untuk 5 (lima) hari kerja.&rdquo;</p>\n\n<p>Hari Kerja PT PCD:</p>\n\n<ul>\n	<li>Senin &ndash; Jumat</li>\n</ul>\n\n<p>Jam Kerja PT PCD:</p>\n\n<ul>\n	<li>Flexi Hours: Jam masuk pukul 8 &ndash; 10 AM, dan jam pulang 17 &ndash; 19 PM (8 jam kerja, 1 jam istirahat).</li>\n	<li>Tidak berlaku jika ada rapat/meeting</li>\n</ul>\n\n<p><img alt=\"\" src=\"/uploads/images/tjyu(1).png\" style=\"width: 600px; height: 183px;\" /></p>\n\n<p><img alt=\"\" src=\"/uploads/images/cuk2.png\" style=\"width: 900px; height: 100px;\" /></p>\n\n<p>A. Cuti Tahunan</p>\n\n<ol>\n	<li>Dasar UU No.13 tahun 2003 Pasal 79 ayat (2)</li>\n</ol>\n\n<p>&nbsp; &nbsp; &nbsp; &nbsp; &nbsp; &nbsp;&ldquo;..seorang pekerja berhak atas cuti tahunan sekurang kurangnya 12 hari kerja&rdquo;</p>\n\n<p>&nbsp; &nbsp; &nbsp; &nbsp;2. Ketentuan</p>\n\n<ul>\n	<li>Hak &nbsp;cuti muncul sebulan 1 (satu) hari (Total Hak Cuti Tahunan: 12 hari dalam 1 Tahun)</li>\n	<li>Cut Off cuti tahun berjalan 31 Desember; Carry-Over sisa Hak Cuti s/d Maret tahun berikutnya</li>\n	<li>Cuti Bersama memotong Hak Cuti Tahunan</li>\n	<li>Mengundurkan diri ? Hak Cuti Tahunan tidak dapat diuangkan, kecuali PHK</li>\n	<li>Cuti diluar ketentuan diatas, mengakibatkan pemotongan Tunjangan Kehadiran.</li>\n</ul>\n\n<p><img alt=\"\" src=\"/uploads/images/yoih.png\" style=\"width: 900px; height: 200px;\" /></p>\n\n<p><img alt=\"\" src=\"/uploads/images/cuk2.png\" style=\"width: 900px; height: 100px;\" /></p>\n\n<p>B. Cuti Melahirkan<br />\n&nbsp; &nbsp; &nbsp; &nbsp;1. Dasar : UU No.13 tahun 2003 Pasal &nbsp;82 ayat (1) dan (2)<br />\n&nbsp; &nbsp; &nbsp; &nbsp; &nbsp; &nbsp; &nbsp; &ldquo;Istirahat selama 1,5 (satu setengah) bulan sebelum melahirkan dan 1,5 (satu setengah) bulan sesudah melahirkan.&rdquo;</p>\n\n<p>&nbsp; &nbsp; &nbsp; &nbsp; &nbsp; &nbsp; &nbsp; &nbsp; &nbsp; &nbsp;&ldquo;Mengalami &nbsp;keguguran kandungan berhak memperoleh istirahat 1,5 (satu setengah) bulan.&rdquo;</p>\n\n<p>&nbsp; 2. Ketentuan</p>\n\n<ul>\n	<li>Cuti melahirkan diberikan kepada Karyawati: 3 bulan</li>\n	<li>Cuti melahirkan dapat diambil minimal 1,5 bulan sampai maksimal 2 minggu sebelum melahirkan</li>\n	<li>Cuti diluar ketentuan diatas, mengakibatkan pemotongan Tunjangan Kehadiran.</li>\n</ul>\n\n<p><img alt=\"\" src=\"/uploads/images/cuk3.png\" style=\"width: 900px; height: 100px;\" /></p>\n\n<p>A. Datang Terlambat/Pulang Cepat</p>\n\n<ul>\n	<li>Wajib mendapatkan persetujuan dari Atasan berwenang.</li>\n	<li>Izin meninggalkan pekerjaan maksimal 4 Jam.</li>\n	<li>Diluar ketentuan di atas akan diperhitungkan sebagai ketidakhadiran.</li>\n</ul>\n\n<p>B. Izin untuk Hal-hal Penting</p>\n\n<ul>\n	<li>Menikah : 3 (tiga) hari kerja</li>\n	<li>Menikahkan anak : 2 (dua) hari kerja</li>\n	<li>Mengkhitankan anak : 2 (dua) hari kerja</li>\n	<li>Membaptiskan anak : 2 (dua) hari kerja</li>\n	<li>Isteri melahirkan atau keguguran kandungan : 2 (dua) hari kerja</li>\n	<li>Suami/isteri, orang tua/mertua atau anak atau menantu meninggal dunia : 2 (dua) hari kerja</li>\n	<li>Anggota keluarga dalam satu rumah meninggal dunia : 1 (satu) hari kerja</li>\n	<li>Terkena musibah/kemalangan (banjir, kebakaran,tanah longsor, dll) : 2 (dua) hari kerja</li>\n</ul>\n\n<p><img alt=\"\" src=\"/uploads/images/cuk3.png\" style=\"width: 900px; height: 100px;\" /></p>\n\n<p>C. Izin untuk kepentingan Ibadah&nbsp;</p>\n\n<ul>\n	<li>Ibadah Haji : Izin diberikan hanya 1 (satu) kali selama bekerja di perusahaan bagi karyawan yang telah bekerja lebih dari 2 tahun</li>\n</ul>\n\n<p>&nbsp; &nbsp; &nbsp; &nbsp; &nbsp; &nbsp; &nbsp; &nbsp;dan hari jumlah hari disesuaikan dengan ketentuan BPIH Kementerian Agama</p>\n\n<p>D. Izin selain poin A, B, C &nbsp;maka berdampak:</p>\n\n<ul>\n	<li>Memotong Tunjangan Kehadiran, atau</li>\n	<li>Mengurangi Hak Cuti Tahunan, atau</li>\n	<li>Merupakan pengecualian (tidak memotong Tunjangan maupun Cuti Tahunan) jika sebagaimana disepakati dengan Atasan yang berwenang<br />\n	&nbsp;</li>\n</ul>\n\n<p><img alt=\"\" src=\"/uploads/images/cuk4.png\" style=\"width: 900px; height: 100px;\" /></p>\n\n<p>1. <strong>Ketentuan Ketidakhadiran karena Sakit:</strong></p>\n\n<ul>\n	<li>Karyawan yang sakit dan membutuhkan waktu istirahat lebih dari 1 hari wajib menyerahkan Surat Keterangan Dokter.</li>\n	<li>Sakit lebih dari 1 hari tanpa surat keterangan dokter akan memotong Hak Cuti Tahunan atau Tunjangan Kehadiran.</li>\n	<li>Karyawan yang tidak hadir karena Sakit tidak lebih dari 1 hari, setelahnya wajib mengisi form keterangan ketidakhadiran yang disetujui atasan</li>\n</ul>\n\n<p>&nbsp; &nbsp; &nbsp; &nbsp; &nbsp; &nbsp; &nbsp; &nbsp;yang berwenang, dan dapat didukung dengan menyerahkan Surat Keterangan Dokter.</p>\n\n<p>2. <strong>Ketentuan Sakit Berkepanjangan:</strong></p>\n\n<ol>\n	<li>Masa sakit yang berkepanjangan adalah ketidakhadiran karyawan secara terus-menerus atau terputus-putus karena sakit dalam tenggat waktu tertentu.</li>\n	<li>Upah selama sakit diberikan kepada karyawan yang menderita sakit cukup lama &amp; terus-menerus sesuai dengan UU No. 13 Tahun 2003, dengan ketentuan:</li>\n</ol>\n\n<ul>\n	<li>4 Bulan pertama dibayar 100% dari Upah</li>\n	<li>4 Bulan kedua dibayar 75% dari Upah</li>\n	<li>4 Bulan ketiga dibayar 50% dari Upah</li>\n	<li>Bulan selanjutnya dibayar 25% sampai dilakukan PHK<br />\n	&nbsp;</li>\n</ul>\n\n<p><img alt=\"\" src=\"/uploads/images/cuk5.png\" style=\"width: 900px; height: 100px;\" /></p>\n\n<p><img alt=\"\" src=\"/uploads/images/HAKWKE.png\" style=\"width: 900px; height: 200px;\" /></p>\n\n<p><img alt=\"\" src=\"/uploads/images/cuk%204.png\" style=\"width: 900px; height: 300px;\" /></p>\n', '1', '2018-06-07 12:07:31', '1', '2018-06-21 09:54:38', 1, NULL, 0, 0, 1),
(178, 'Welcoming Millenials Into Our World - Wishnutama Kusubandio', 'welcoming-millenials-into-our-world-wishnutama-kusubandio', '', '', '', 'file', NULL, NULL, '<h1 style=\"text-align: justify; margin: 0cm 0cm 0.0001pt;\">Memahami Millenial di Industri Masa Kini Bersama NET TV</h1>\n\n<p style=\"text-align:justify; margin:0cm 0cm 0.0001pt\">&nbsp;</p>\n\n<p style=\"text-align:justify; margin:0cm 0cm 0.0001pt\"><strong><em>Leadership Sharing Session&nbsp;</em><br />\n30 November 2017&nbsp;<br />\nWishnutama Kusubandio, CEO NET Mediatama Televisi</strong></p>\n\n<p style=\"text-align:justify; margin:0cm 0cm 0.0001pt\">&nbsp;</p>\n\n<p style=\"text-align:justify; margin:0cm 0cm 0.0001pt\"><img alt=\"\" src=\"/uploads/images/Screen%20Shot%202018-06-29%20at%2011.08.32.png\" /><br />\n&nbsp;</p>\n\n<p style=\"text-align:justify; margin:0cm 0cm 0.0001pt\"><span style=\"font-size:10pt\"><span style=\"line-height:150%\"><span style=\"font-family:Calibri\"><span style=\"font-size:12.0pt\"><span style=\"background:white\"><span style=\"line-height:150%\"><span new=\"\" roman=\"\" style=\"font-family:\" times=\"\"><span style=\"color:#303030\">Salah satu konsekuensi dari digitalisasi dan masifnya perkembangan inovasi dan teknologi adalah munculnya generasi baru dalam peradaban manusia. Generasi ini</span></span></span></span></span><span style=\"font-size:12.0pt\"><span style=\"line-height:150%\"><span new=\"\" roman=\"\" style=\"font-family:\" times=\"\"> sudah akrab dengan gawai-gawai canggih sejak lahir yang mana sedikit banyak mempengaruhi cara generasi tersebut melihat, memahami dan bertindak bagi sekelilingnya. Cara dan pemahaman yang berbeda itulah yang membuat banyak perbedaan generasi ini dengan generasi sebelumnya. Generasi ini sering disebut sebagai generasi millenial, mereka yang lahir tahun 1990 hingga 2000 an. Merekalah yang saat ini sudah mulai masuk ke dunia kerja, bergabung dengan generasi sebelumnya yaitu generasi X yang terlebih dahulu mendominasi kultur kerja di perusahaan. </span></span></span><span style=\"font-size:12.0pt\"><span style=\"background:white\"><span style=\"line-height:150%\"><span new=\"\" roman=\"\" style=\"font-family:\" times=\"\"><span style=\"color:#303030\">Dalam beberapa kesempatan jumlah generasi X dan millennial yang hampir sama ini berpotensi menimbulkan benturan nilai dan cara kerja pada perusahaan.</span></span></span></span></span></span></span></span></p>\n\n<p style=\"text-align:justify; margin:0cm 0cm 0.0001pt\"><span style=\"font-size:10pt\"><span style=\"line-height:150%\"><span style=\"tab-stops:197.55pt\"><span style=\"font-family:Calibri\">&nbsp;&nbsp;&nbsp;&nbsp;&nbsp;&nbsp;&nbsp;&nbsp;&nbsp;&nbsp;&nbsp;&nbsp;&nbsp;&nbsp;&nbsp;&nbsp;&nbsp;&nbsp;&nbsp;&nbsp;&nbsp;&nbsp;&nbsp;&nbsp;&nbsp;&nbsp;&nbsp;&nbsp;&nbsp;&nbsp;&nbsp;&nbsp;&nbsp;&nbsp;&nbsp;&nbsp;&nbsp;&nbsp;&nbsp;&nbsp;&nbsp;&nbsp;&nbsp;&nbsp;&nbsp;&nbsp;&nbsp;&nbsp;&nbsp;&nbsp;&nbsp;&nbsp;&nbsp;&nbsp;&nbsp;&nbsp;&nbsp;&nbsp;&nbsp;&nbsp;&nbsp;&nbsp;&nbsp;&nbsp;&nbsp; </span></span></span></span></p>\n\n<p style=\"text-align:justify; margin:0cm 0cm 0.0001pt\"><span style=\"font-size:10pt\"><span style=\"line-height:150%\"><span style=\"font-family:Calibri\"><span style=\"font-size:12.0pt\"><span style=\"line-height:150%\"><span new=\"\" roman=\"\" style=\"font-family:\" times=\"\">Hal ini nampaknya menjadi tantangan bagi industri untuk beradaptasi dan menyesuaikan diri dengan selera mereka. Sederhana, karena merekalah yang nantinya akan menjadi penerus sumber daya manusia di industri dan juga merekalah calon konsumen masa depan. Sehingga perlu strategi yang matang untuk menyesuaikan diri dengan kebutuhan milenial masa kini. Mengingat pentingnya hal tersebut, <i>Leadership Sharing Session </i>kembali hadir dengan mengundang Wishnutama Kusubandio, CEO NET Mediatama Televisi. Laki-laki kelahiran 4 Mei 1976 tersebut akan membagikan pengalamannya bagaimana memahami, mengundang dan menyambut generasi millenial ke stasiun televisi yang tengah dipimpinnya.</span></span></span></span></span></span></p>\n\n<p style=\"text-align:justify; margin:0cm 0cm 0.0001pt\">&nbsp;</p>\n\n<p style=\"text-align:justify; margin:0cm 0cm 0.0001pt\"><span style=\"font-size:10pt\"><span style=\"line-height:150%\"><span style=\"font-family:Calibri\"><span style=\"font-size:12.0pt\"><span style=\"line-height:150%\"><span new=\"\" roman=\"\" style=\"font-family:\" times=\"\">Membuka percakapan soal millenial, Wishnutama memulai dengan membongkar stigma dan stereotip yang selama ini dilayangkan oleh pelaku industri kepada generasi milenial. Banyak yang mengatakan generasi ini adalah generasi yang ribet dan tak beretika. Padahal sebenarnya permasalahan terletak di generasi sebelumnya yang tidak memahami karakteristik dari generasi baru ini. Wishnutama memberikan contoh seragam NET TV untuk memperjelas apa yang ia maksud. Banyak yang bilang generasi ini tidak suka diatur, dan seragam jelas menjadi &ldquo;momok&rdquo; bagi generasi milenial, karena bisa merusak kreativitas mereka. Namun sayangnya, hal tersebut tidak berlaku di NET TV. Banyak generasi millenial yang bangga menggunakan seragam biru dan khaki khas NET TV. Menurut Wishnutama, kesalahan bukan terletak di millenial yang tidak mau menggunakan seragam. Namun seringkali terletak di kita yang kurang memahami kebutuhan dan keinginan generasi tersebut. Bisa jadi mereka tidak mau pakai seragam karena seragamnya jelek. Namun alih-alih memahami, banyak perusahaan yang menghakimi generasi ini.</span></span></span></span></span></span></p>\n\n<p style=\"text-align:justify; margin:0cm 0cm 0.0001pt\">&nbsp;</p>\n\n<p style=\"text-align:justify; margin:0cm 0cm 0.0001pt\"><img alt=\"\" src=\"/uploads/images/a4.jpg\" style=\"width: 450px; height: 338px;\" /></p>\n\n<p style=\"text-align:justify; margin:0cm 0cm 0.0001pt\">&nbsp;</p>\n\n<p style=\"text-align:justify; margin:0cm 0cm 0.0001pt\"><span style=\"font-size:10pt\"><span style=\"line-height:150%\"><span style=\"font-family:Calibri\"><span style=\"font-size:12.0pt\"><span style=\"line-height:150%\"><span new=\"\" roman=\"\" style=\"font-family:\" times=\"\">Merujuk pada contoh di atas, memahami adalah kata kunci untuk bisa menyambut generasi ini masuk ke dalam lingkungan kerja. Banyak <i>tools </i>yang bisa digunakan untuk menentukan formula apa yang tepat diterapkan. Salah satunya melalui survei dan <i>focus group discussion (FGD). </i>Dengan dua kegiatan tersebut, kita jadi bisa melihat apa yang sebenarnya diinginkan oleh mereka. Selanjutnya adalah menganalisis SWOT (strength, weakness, threat, opportunity) perusahaan di mata generasi millenial. Dengan begitu, hasil analisis dapat dijadikan pembelajaran dan bahan evaluasi untuk memperbaiki diri. Apa saja <i>value </i>yang harus dipertahankan, apa saja <i>value </i>yang perlu diperbaiki, apa saja yang sekiranya dapat menjadi ancaman serta apa&nbsp; yang masih berpotensi untuk dikembangkan. Sehingga berangkat dari sana, perusahaan bisa membangun <i>image </i>dan <i>lifestyle </i>perusahaan yang anak muda banget sehingga mampu menarik generasi ini, baik masuk ke perusahaan maupun menjadi calon konsumen yang nantinya akan memiliki loyalitas tinggi.</span></span></span></span></span></span></p>\n\n<p style=\"text-align:justify; margin:0cm 0cm 0.0001pt\">&nbsp;</p>\n\n<p style=\"text-align:justify; margin:0cm 0cm 0.0001pt\"><span style=\"font-size:10pt\"><span style=\"line-height:150%\"><span style=\"font-family:Calibri\"><span style=\"font-size:12.0pt\"><span style=\"line-height:150%\"><span new=\"\" roman=\"\" style=\"font-family:\" times=\"\">Mengajak anak muda untuk masuk ke dunia kerja memang gampang-gampang susah. Perbedaan pandangan dan prinsip seringkali menjadi kendala. Maka dari itu, perusahaan harus cermat dalam mengakali, karena mau tidak mau generasi muda ini tetap dibutuhkan guna memunculkan ide-ide yang relevan pada zamannya. Wishnutama dalam hal ini telah menyiapkan strateginya sendiri. Dia selalu percaya <i>the power of story telling. </i>Beliau selalu memunculkan <i>common purpose </i>atau spirit yang sama yang ditanamkan kepada seluruh karyawan mereka. Memunculkan sesuatu agar seluruh bagian dari organisasi merasakan bahwa &ldquo;<i>we are something&rdquo;. </i>Misalnya, di NET TV beliau sering menggaungkan bahwa NET TV bukanlah tempat untuk mencari kerja dan gaji. Jika memang itu orientasi mereka, maka NET TV bukanlah tempat yang tepat. Namun juga ingin mewujudkan mimpi-mimpi yang lebih besar, Wishnutama bisa menjamin orang-orang ini sudah berada di tempat yang tepat untuk berkembang. Narasi-narasi semacam inilah yang dibutuhkan oleh generasi millenial agar bertahan dan beradaptasi dengan lingkungan kerja mereka.</span></span></span></span></span></span></p>\n\n<p style=\"text-align:justify; margin:0cm 0cm 0.0001pt\">&nbsp;</p>\n\n<p style=\"text-align:justify; margin:0cm 0cm 0.0001pt\"><img alt=\"\" src=\"/uploads/images/a2.jpg\" style=\"width: 400px; height: 232px;\" /></p>\n\n<p style=\"text-align:justify; margin:0cm 0cm 0.0001pt\">&nbsp;</p>\n\n<p style=\"text-align:justify; margin:0cm 0cm 0.0001pt\"><span style=\"font-size:10pt\"><span style=\"line-height:150%\"><span style=\"font-family:Calibri\"><span style=\"font-size:12.0pt\"><span style=\"line-height:150%\"><span new=\"\" roman=\"\" style=\"font-family:\" times=\"\">Tidak hanya bagi pengembangan sumber daya manusia, Wishnutama juga menyampaikan bagaimana agar <i>brand </i>kita diterima oleh anak muda generasi millenial. Menurutnya, Blue Bird tidak perlu khawatir akan kompetitor yang ada. Alih-alih mengkhawatirkan <i>weakness </i>yang dimiliki, sudah saatnya bagi Blue Bird untuk melihat bahwa banyak poin-poin <i>strength </i>yang ada. Wishnutama menyarankan untuk menganalisis kekuatan dan memaksimalkannya lebih baik lagi. <i>Value-value </i>yang dimiliki oleh Blue Bird sudah menjadi modal yang baik dalam melawan kompetitor di industri transportasi masa kini.</span></span></span></span></span></span></p>\n\n<p style=\"text-align:justify; margin:0cm 0cm 0.0001pt\">&nbsp;</p>\n\n<p style=\"text-align:justify; margin:0cm 0cm 0.0001pt\"><span style=\"font-size:10pt\"><span style=\"line-height:150%\"><span style=\"font-family:Calibri\"><span style=\"font-size:12.0pt\"><span style=\"line-height:150%\"><span new=\"\" roman=\"\" style=\"font-family:\" times=\"\">Di akhir sesi, Wishnutama menutup dengan menjawab refleksi dari pertanyaan awal pada tulisan ini: bagaimana menanggulangi benturan antara generasi millenial dan generasi sebelumnya di suatu kultur perusahaan yang sama? Wishnutama menjawab tidak semua hal harus dikostumisasi berdasarkan generasi mereka. Cukup dicari sebuah titik temu yang <i>cover both side </i>sehingga ada suatu <i>value </i>yang sama-sama dipegang oleh kedua generasi. Sisanya, harus dipaksakan. Karena balik ke prinsip awal bahwa kita tidak pernah bisa menyenangkan berbagai pihak. Namun yang seharusnya dijadikan pedoman utama adalah bagaimana ide-ide atau gagasan atau kultur perusahaan disesuaikan dengan apa yang dianggap lebih relevan ke generasi millenial, karena mau tidak mau merekalah yang nantinya akan meneruskan estafet perusahaan. Dengan demikian, seorang <i>leader </i>masa kini seharusnya tidak perlu khawatir menghadapi generasi millenial yang mulai menyerbu dunia kerja. </span></span></span></span></span></span></p>\n\n<p style=\"text-align:justify; margin:0cm 0cm 0.0001pt\">&nbsp;</p>\n\n<p style=\"text-align:justify; margin:0cm 0cm 0.0001pt\"><img alt=\"\" src=\"/uploads/images/a1.jpg\" style=\"width: 400px; height: 267px;\" /></p>\n', '1', '2018-06-07 16:15:53', '1', '2018-06-29 16:01:57', 26, 'leadership-sharing-session', 0, 0, 1),
(180, 'Aturan Kehadiran & Ketidakhadiran PT PCD', 'aturan-kehadiran-ketidakhadiran-pt-pcd', '', 'Aturan Kehadiran & Ketidakhadiran PT PCD', '', NULL, NULL, NULL, '<p>Aturan Kehadiran &amp; Ketidakhadiran PT PCD</p>\n', '1', '2018-06-08 10:30:30', '', '0000-00-00 00:00:00', 1, NULL, 0, 0, 1),
(181, 'Aturan Kehadiran & Ketidakhadiran Bluebird TBK', 'aturan-kehadiran-ketidakhadiran-bluebird-tbk', '', 'Aturan Kehadiran & Ketidakhadiran Bluebird TBK', '', NULL, NULL, NULL, '<p>Aturan Kehadiran &amp; Ketidakhadiran Bluebird TBK</p>\n', '1', '2018-06-08 10:30:57', '', '0000-00-00 00:00:00', 1, NULL, 0, 0, 1),
(182, 'Managers Guidelines 2017', 'managers-guidelines-2017', '', '\n', '', NULL, NULL, NULL, '<h2 style=\"margin-top: 0pt; margin-bottom: 0pt; margin-left: 0in; text-align: left;\"><strong>Siklus Tahunan Performance Management</strong></h2>\n\n<h3 style=\"margin-top: 0pt; margin-bottom: 0pt; margin-left: 0in; text-align: left;\"><br />\n<img alt=\"\" src=\"/uploads/images/5.png\" style=\"width: 900px; height: 436px;\" /></h3>\n\n<h3>&nbsp;</h3>\n\n<h2><strong>Komponen dalam Managers Appraisal: 1. GOAL</strong></h2>\n\n<p><img alt=\"\" src=\"/uploads/images/Picture1.png\" style=\"width: 900px; height: 23px;\" /></p>\n\n<p><strong>Tugas Managers dalam Pengisian GOAL:</strong></p>\n\n<p>1.&nbsp; &nbsp; &nbsp;Melakukan review atas pencapaian goals/target &amp; SELF APPRAISAL dari subordinat selama&nbsp;periode tahun 2017.</p>\n\n<p>2.&nbsp; &nbsp; &nbsp;Memberi catatan/komentar yang detil atas pencapaian goals/target &amp; SELF APPRAISAL yang&nbsp; telah disubmit oleh subordinat, pada kolom MANAGER APPRAISAL.</p>\n\n<p>Catatan/komentar tidak&nbsp;boleh diberkan secara umum.</p>\n\n<p>&nbsp;&nbsp; &nbsp;<br />\n<strong>CONTOH Pengisian Kolom Manager Appraisal</strong></p>\n\n<h2><img alt=\"\" src=\"/uploads/images/Picture4.png\" style=\"width: 900px; height: 300px;\" /><br />\n&nbsp;</h2>\n\n<h2><strong>Komponen dalam Managers Appraisal: 1. GOAL</strong><br />\n<img alt=\"\" src=\"/uploads/images/Picture1.png\" style=\"width: 900px; height: 23px;\" /></h2>\n\n<p><strong>Tugas Managers dalam Pengisian GOAL:</strong></p>\n\n<p>3.&nbsp; &nbsp; Jika Manager merasa menemukan hasil Self Appraisal yang kurang tepat, maka dapat dilakukan&nbsp; 2 cara:</p>\n\n<ul>\n	<li>Tulis hasil review dan revisi terhadap Goals yang telah disubmit subordinate Anda, dalam kolom Comment</li>\n	<li>Jika diperlukan karena menghendaki perubahan signifikan, laporkan pada Admin User untuk me-nonsubmit proses Self Appraisal (Benarkah??)</li>\n</ul>\n\n<p>4.&nbsp; &nbsp; &nbsp;Memberi Rating (nilai) atas pencapaian subordinat yang telah direview dan diberi catatan/komentar dengan skala 1-5<br />\n<img alt=\"\" src=\"/uploads/images/Picture5(1).png\" style=\"width: 900px; height: 189px;\" /></p>\n\n<h2>&nbsp;</h2>\n\n<h2><strong>Komponen dalam Managers Appraisal: 2. INDIVIDUAL DEVELOPMENT</strong></h2>\n\n<p><strong><img alt=\"\" src=\"/uploads/images/Picture1.png\" style=\"width: 900px; height: 23px;\" /></strong></p>\n\n<p><strong>Tugas Manager dalam Pengisian Individual Development</strong></p>\n\n<ol>\n	<li>Berikan catatan apa yang menjadi kekuatan dan area perbaikan dari subordinat Anda.</li>\n	<li>Memperhatikan dan menggali kebutuhan pengembangan diri dari subordinat yang sedang dinilai.&nbsp;</li>\n	<li>Lakukan diskusi atas apa yang menjadi catatan yang telah terlebih dahulu diberikan oleh subordinate dalam tahap Self Appraisal, berkaitan dengan aspirasi dan kebutuhan atau rencana pengembangan di tahun berikut nya.</li>\n	<li>Berikan catatan pengembangan yang spesifik, dan berikan alasan atas kebutuhan tersebut.</li>\n</ol>\n\n<p>&nbsp; &nbsp; &nbsp; &nbsp; &nbsp; &nbsp; &nbsp; &nbsp; &nbsp;<strong> CONTOH BENAR Pengisian Individual Development:</strong></p>\n\n<p><strong><img alt=\"\" src=\"/uploads/images/Picture6.png\" style=\"width: 900px; height: 300px;\" /></strong></p>\n\n<h2>&nbsp;</h2>\n\n<h2><strong>Komponen dalam Managers Appraisal: 3. OVERALL</strong><br />\n<img alt=\"\" src=\"/uploads/images/Picture1.png\" style=\"width: 900px; height: 23px;\" /></h2>\n\n<p><strong>Dalam pengisian &ldquo;Overall&rdquo;, sebaiknya mengaculah pada 5 Golden Checks berikut ini.</strong></p>\n\n<p><strong><img alt=\"\" src=\"/uploads/images/Picture7.png\" style=\"height: 200px; width: 400px;\" /></strong></p>\n\n<ol>\n	<li>Hal-hal positif apa terkait kinerja (performance) yang telah dilakukan pada tahun berjalan/tahun lalu?&rdquo; (WHAT)</li>\n	<li>Apa yang bisa dilakukan lebih baik?&rdquo;, terkait kinerja (performance) pada tahun berjalan/tahun lalu (WHAT)</li>\n	<li>Hal-hal positif apa yang telah dilakukan dalam kepemimpinan (leadership)?&rdquo; (HOW)</li>\n	<li>Apa yang bisa dilakukan lebih baik dalam kepemimpinan (leadership)?&rdquo; (HOW)</li>\n	<li>Apa yang telah dilakukan terhadap rencana pengembangan Anda?&rdquo; (DEVELOPMENT PLAN)</li>\n</ol>\n\n<h2>&nbsp;</h2>\n\n<h2><strong>Tips Dalam Melakukan End-Year Performance Appraisal</strong></h2>\n\n<p><strong><img alt=\"\" src=\"/uploads/images/do\'s.jpg\" style=\"width: 183px; height: 82px;\" /></strong></p>\n\n<ul>\n	<li>\n	<p>Berkomitmen</p>\n	</li>\n	<li>\n	<p>Terbuka dalam komunikasi</p>\n	</li>\n	<li>\n	<p>Tepat waktu pada jadwal yang telah disiapkan</p>\n	</li>\n	<li>\n	<p>Berikan apresiasi dan feedback untuk setiap pencapaian</p>\n	</li>\n	<li>\n	<p>Open Minded</p>\n	</li>\n</ul>\n\n<p><img alt=\"\" src=\"/uploads/images/don\'ts.jpg\" style=\"width: 183px; height: 92px;\" /></p>\n\n<ul>\n	<li>Berkata-kata kasar</li>\n	<li>Saling menyalahkan</li>\n	<li>Defensive</li>\n	<li>Pasif dalam diskusi</li>\n</ul>\n\n<p><img alt=\"\" src=\"/uploads/images/tips.jpg\" style=\"width: 183px; height: 79px;\" /></p>\n\n<ul>\n	<li>Buatlah jadwal khusus untuk bertemu subordinate dalam rangka Performance Appraisal</li>\n	<li>Siapkan agenda diskusi</li>\n	<li>Bangun suasana diskusi yang rileks &amp; membangun</li>\n	<li>Pertimbangkan factor internal &amp; external dalam memberikan penilaian</li>\n	<li>Diskusi 2-arah, kontekstual, &amp; perhatikan proses pencapaian</li>\n</ul>\n', '1', '2018-06-08 11:43:36', '1', '2018-06-12 17:12:40', 1, NULL, 0, 0, 1),
(184, 'Training People Development Management ', 'training-people-development-management', '', 'Pekerjaan dalam people development di sebuah organisasi bukan semata memberikan pelatihan saja, atau melakukan administrasi pelatihan semata', 'dummy.pdf', 'file', 'pdf', '12.95', '<h3>Training People Development Management</h3>\n\n<p>Pekerjaan dalam people development di sebuah organisasi bukan semata memberikan pelatihan saja, atau melakukan administrasi pelatihan semata. Cakupan pekerjaan dalam bidang ini meliputi bagaimana menyusun system untuk pengembangan people development di perusahaan, melakukan analisa kebutuhan pelatihan secara sistematis, memetakan potensi yang dimiliki oleh setiap karyawan, menyusun perencanaan karirnya hingga mengembangkan sistem promosi, demosi dan mutasi di dalam sebuah perusahaan.</p>\n\n<p>Dengan menggunakan pendekatan competency based ataupun talent management,pelatihan ini mengajak anda untuk mengembangkan sistem people development yang tepat diterapkan di organisasi anda.</p>\n\n<p>Dilengkapi dengan materi tentang career system, anda akan diajak untuk merancang perencanaan karir yang terencana dan menyiapkan kader kepimpinan jauh-jauh hari sebelumnya,terutama untuk posisi-posisi kunci di perusahaan.</p>\n\n<p>Dalam pelatihan ini anda akan belajar bagaimana menjadi &ldquo;analyst&rdquo; pengembangan SDM di perusahaan. Pelatihan ini layak diikuti oleh HR Manager, People Development Officer, Training Officer, HRD Officer, Manajemen Lini dan jabatan yang terkait dengan people development. Pelatihan ini memberikan dua macam sertifikat yaitu sertifikat kehadiran dan sertifikat kompetensi.</p>\n\n<h3>Manfaat Training People Development Management</h3>\n\n<ul>\n	<li>Peserta mampu mengembangkan sistem dan melakukan improve terhadap people development system / program training &amp; developmenyt system&nbsp;&nbsp; di organisasinya.</li>\n	<li>Peserta mampu mengembangkan program competency based&nbsp; atau talent based di organisasinya</li>\n</ul>\n\n<h3>Tujuan Training People Development Management</h3>\n\n<p>Peserta mampu mengembangkan system People Development di perusahaannya.</p>\n', '1', '2018-06-20 23:30:25', '1', '2018-06-29 10:23:49', 26, 'artikel-manajemen', 0, 0, 1),
(187, 'Training Presentation Skills Bagi Managerial', 'training-presentation-skills-bagi-managerial', '', 'Presentasi efektif akan membuat seseorang mampu menyampaikan informasi secara sistematis, singkat dan jelas.', 'dummy.pdf', 'file', 'pdf', '12.95', '<h3>Deskripsi Training Presentation Skills</h3>\n\n<p>Ada satu hal yang sering dilupakan saat seorang karyawan dipromosikan. Umumnya saat promosi, hal yang dipersiapkan dengan baik adalah kompetensi teknis yang diperlukan, namun kemampuan bekomunikasi kurang begitu dipersiapkan.</p>\n\n<p>Padahal semakin tinggi posisi seseorang, kemampuan komunikasi yang dituntut semakin tinggi juga baik dalam hal konten yang lebih strategik maupun caranya yang lebih banyak unsur diplomatisnya. Salah satu bentuk komunikasi yang perlu dimilki oleh karyawan adalah melakukan presentasi efektif.</p>\n\n<p>Presentasi efektif akan membuat seseorang mampu menyampaikan informasi secara sistematis, singkat dan jelas. Tujuannya beragam dari mulai yang sifatnya informatif (pesan) sampai dengan persuasif (pesan dan kesan).</p>\n\n<p>Presentasi efektif ( Effective Presentation ) dimulai dari menyusun materi presentasinya, penggunaan media atau aplikasi program untuk membuat penampilan presentasi atraktif, cara menyampaikan presentasi, dan menanggapi audience presentasi. Umumnya seseorang belajar hal tersebut secara otodidak karena tuntutan keadaan atau pekerjaan.</p>\n\n<p>Pelatihan ini akan memberikan pemahaman kepada para peserta mengenai keseluruhan presentasiefektif. Selain itu para peserta akan dilatih sampai mampu melakukan presentasi yang efektif dari mulai penyiapan materi pelatihan sampai kepada melakukan presentasi dan mempenngaruhi audience.</p>\n\n<p>Untuk melengkapi pesertanya mengenai Pemahaman dan ketrampilan instruktur akan menyampaikan pelatihan secara:</p>\n\n<ol>\n	<li>Practical karena dilengkapi dengan form yang langsung dapat digunakan dan contoh nyata kasus di pekerjaan.</li>\n	<li>Inspiring dimana cara penyampaian instruktur akan membuat peserta tergerak untuk menerapkannya di pekerjaan.</li>\n	<li>Enjoyable dengan metode instruktur yang akan membuat pelatihan diselingi aktivitas yang sifatnya fun, sehingga peserta relaks dan antusias selama pelatihan</li>\n</ol>\n\n<h3>Sasaran Pelatihan Presentation Skills</h3>\n\n<p>Setelah mengikuti pelatihan ini, para peserta diharapkan mampu melakukan:</p>\n\n<ol>\n	<li>Merancang sebuah presentasi efektif ( Effective Presentation ).</li>\n	<li>Teknik penggunaan media presentasi yang berbasis aplikasi komputer.</li>\n	<li>Teknik menyampaikan presentasi efektif ( Effective Presentation ).</li>\n	<li>Trik mengatasi audience dengan beragam karakter</li>\n</ol>\n\n<h3>Outline Training Presentation Skills</h3>\n\n<ol>\n	<li>Prinsip-prinsip komunikasi persuasive dan informatif.</li>\n	<li>Dinamika presentasi : an overview.</li>\n	<li>Managing Yourself : body language, handling stress.</li>\n	<li>Managing the Material of your presentation : shock opening, body, and closing.</li>\n	<li>Managing the Audience.</li>\n	<li>Latihan : Individual Presentation Skill.</li>\n</ol>\n', '1', '2018-06-22 00:26:44', '1', '2018-06-29 10:23:03', 26, 'artikel-manajemen', 0, 0, 1),
(188, 'Archive dan Unarchive Goal', 'archive-dan-unarchive-goal', '', '', '', NULL, NULL, NULL, '<h2>Tutorial Cara Melihat Archive dan Unarchive Goal</h2>\n\n<p>1. Login akun cascade anda dengan mengakses di alamat web<br />\n<strong>https://bluebirdgroup.executestrategy.net/login</strong><br />\n<img alt=\"\" src=\"/uploads/images/Konten%201.jpg\" style=\"width: 600px; height: 338px;\" /></p>\n\n<p><br />\n2. &nbsp; Pilih Report -&nbsp;Snapshots seperti gambar dibawah ini</p>\n\n<p><img alt=\"\" src=\"/uploads/images/Konten%202.jpg\" style=\"width: 600px; height: 338px;\" /></p>\n\n<p>3. &nbsp; Klik PERSONAL seperti gambar dibawah ini</p>\n\n<p><img alt=\"\" src=\"/uploads/images/Konten%203.png\" style=\"width: 600px; height: 338px;\" /></p>\n\n<p>4. Klik <strong>SELECT SNAPSHOT TYPE</strong> -&nbsp;My Personal Snapshot. &nbsp;Anda dapat memilih<br />\ntampilan Snapshot goal anda dengan menfilter fill yang tersedia di <strong>&ldquo;SELECT FILTER&rdquo;</strong>, <strong>&ldquo;SELECT COLUMNS&rdquo;</strong>, dan <strong>&ldquo;CONFIGURE OPTIONS&rdquo;</strong></p>\n\n<p><strong><img alt=\"\" src=\"/uploads/images/Konten%204.png\" style=\"width: 600px; height: 334px;\" /></strong></p>\n\n<p>5. Khusus di menu <strong>&ldquo;CONFIGURE OPTIONS&rdquo;</strong>, Show aligned goals disarankan tidak di ceklis untuk menghindari tampilan goal yang terlalu banyak yang di dapat dari &ldquo;cantolan&rdquo; goal anda dan Include Draft serta Include Archived agar anda ceklis untuk melihat goal yang telah di archive dan goal yang telah Anda buat yang masih status draft bisa terlihat.<br />\nKemudian klik <strong>GENERATE</strong></p>\n\n<p><img alt=\"\" src=\"/uploads/images/Konten%205(1).jpg\" style=\"width: 600px; height: 338px;\" /></p>\n\n<p>6. Maka goal yang anda buat (di assigned atas nama anda) akan muncul seperti dibawah ini</p>\n\n<p><img alt=\"\" src=\"/uploads/images/Konten%206.jpg\" style=\"width: 600px; height: 338px;\" /></p>\n\n<p>Note : Untuk melihat lebih detil goal anda, silakan double click pada goal tersebut&nbsp;</p>\n\n<h2><strong>B. Tutorial mengaktifkan goal yang telah di archive</strong></h2>\n\n<p>1. Klik My Goal -&nbsp;&quot;Archive seperti gambar dibawah ini&quot;</p>\n\n<p><img alt=\"\" src=\"/uploads/images/Konten%207.jpg\" style=\"width: 600px; height: 375px;\" /></p>\n\n<p>2. Klik gambar map terbuka seperti dibawah ini dibawah</p>\n\n<p><img alt=\"\" src=\"/uploads/images/Konten%208.jpg\" style=\"width: 600px; height: 338px;\" /></p>\n\n<h2><strong>C. Tutorial Archive goal</strong></h2>\n\n<p><img alt=\"\" src=\"/uploads/images/Konten%209.jpg\" style=\"width: 600px; height: 338px;\" /></p>\n\n<p>2. Klik NEXT - APPLY</p>\n\n<p><img alt=\"\" src=\"/uploads/images/Konten%2010.jpg\" style=\"width: 600px; height: 338px;\" /></p>\n', '1', '2018-06-22 10:24:57', '1', '2018-06-22 17:12:47', 1, NULL, 0, 0, 1),
(189, 'Nilai Perusaahaan Bluebird', 'nilai-perusaahaan-bluebird', '', 'nilai-perusaahaan-bluebird', 'AduU6q_iklan-helofranchise.jpg', NULL, 'jpg', '145.6', '<p>nilai-perusaahaan-bluebird</p>\n\n<p>nilai-perusaahaan-bluebird</p>\n\n<p>nilai-perusaahaan-bluebird</p>\n\n<p>nilai-perusaahaan-bluebird</p>\n\n<p>nilai-perusaahaan-bluebird</p>\n', '1', '2018-06-22 16:30:20', '1', '2018-06-22 16:34:48', 12, NULL, 0, 0, 1),
(190, 'Guide Update Goal 2', 'guide-update-goal-2', '', '', '', NULL, NULL, NULL, '<p>Silakan login menggunakan menggunakan user Bapak/Ibu,</p>\n\n<p>&nbsp;</p>\n', '1', '2018-06-22 17:44:50', '', '0000-00-00 00:00:00', 1, NULL, 0, 0, 1),
(191, 'Halaman Landing Pusat Informasi Karyawan', 'halaman-landing-pusat-informasi-karyawan', '', 'Ini adalah halaman landing pusat informasi karyawan', 'test-1-bb.jpg', NULL, 'jpg', '119', '<p>Isi halaman landing pusat informasi karyawan</p>\n', '1', '2018-06-24 06:17:20', '1', '2018-06-25 10:34:36', 1, NULL, 0, 1, 1),
(192, 'Basic Managerial Skill Yang Mudah Diterapkan', 'basic-managerial-skill-yang-mudah-diterapkan', '', 'Ditengah persaingan dan derasnya arus perubahan management perlu benar-benar efektif dan efisien dalam menjalankan tugas dan tanggung jawabnya.', 'dummy.pdf', 'file', 'pdf', '12.95', '<h3>PENGANTAR MANAGERIAL SKILL</h3>\n\n<p>Ditengah persaingan dan derasnya arus perubahan yang terjadi saat ini ditambah dengan berbagai masalah (baik yang bersumber dari internal dan eksternal), membuat para middle management perlu benar-benar efektif dan efisien dalam menjalankan tugas dan tanggung jawabnya. Tiga pilar utama yang harus dikuasai adalah kemampuan mereka dalam mengelola diri sendiri, pekerjaan dan orang lain.Selain itu, mereka perlu memiliki beberapa pengetahuan dan keterampilan penting lainnya yang mendukung mereka agar mampu bekerja secara professional.</p>\n\n<p>Para middle management memiliki tanggung jawab besar dalam organisasi/perusahaan, karena mereka adalah orang yang secara langsung berhubungan dengan anggota kelompoknya. Mereka memimpin, mengelola, menegur, mengarahkan, memberi contoh, berkomunikasi dan memotivasi. Kepemimpinan dan komunikasi merupakan keterampilan utama yang harus dimiliki oleh seorang Leader.</p>\n\n<p>Modul basic managerial skill ini dirancang untuk membangun SDM yang bersikap mental positif dengan memberikan formula praktis pengembangan keahlian dalam kegiatan Leadership, peran dan tanggung jawab untuk mensupervisi, perencanaan, kooordinasi, pendelegasian, kemampuan dalam memimpin, memotivasi team/bawahan.</p>\n\n<p>Bagaimana kunci supervisi yang efektif, sehingga dapat merealisasikan rencana besar dengan sukses?</p>\n\n<p>3 pilar utama agar mampu menjalankan eksekusi yang prima meliputi:</p>\n\n<ul>\n	<li>Proses SDM (interpersonal skill, understanding staff personality, assertive communication).</li>\n	<li>Proses Strategi (Planning, Delegating, Coordinating, Controlling, problem solving, decision making).</li>\n	<li>Proses Operasional (disciplining the right way, effective leadership at work,&nbsp; team building, motivation).</li>\n</ul>\n\n<h3>TUJUAN MANAGERIAL SKILL</h3>\n\n<p>Dalam beberapa kasus tentunya Basic Managerial Skill memiliki tujuan tersendiri untuk mencapai tujuan perusahaan untuk menghadapi berbagai tantangan perubahan. Dimana tujuan dari managerial skill adalah sebagai berikut :</p>\n\n<ul>\n	<li>Memahami tugas, peran dan fungsi managerial.</li>\n	<li>Peserta menjadi seorang Leader dengan sikap unggul, di mulai dari dalam diri dan berdampak pada orang lain.</li>\n	<li>Mampu memimpin, mengarahkan, meningkatkan,&nbsp; memotivasi bawahan.</li>\n	<li>Menciptakan supervisi yang tangguh, mempunyai jiwa kepemimpinan, penuh tanggung jawab dan mempunyai mind set yang benar tentang tugas-tugas supervisor.</li>\n	<li>Membangun tim kerja yang efektif.</li>\n	<li>Mampu menerjemahkan action plan, program, system dan prosedur dari atasan.</li>\n	<li>Menciptakan lingkungan kerja yang dinamis dan bersinergi serta komunikasi yang baik</li>\n	<li>Setiap individu menghasilkan performance yang terbaik.</li>\n	<li>Kinerja pribadi dan tim yang maksimal.</li>\n	<li>Mampu mengambil keputusan dengan tepat dan cepat.</li>\n</ul>\n\n<p>&nbsp;</p>\n\n<p>&nbsp;</p>\n', '1', '2018-06-25 11:48:00', '1', '2018-06-29 10:22:53', 26, 'artikel-manajemen', 0, 0, 1),
(193, 'Procurement & Purchasing Managament Training', 'procurement-purchasing-managament-training', '', 'PROCUREMENT & PURCHASING MANAGEMENT ', 'dummy.pdf', 'file', 'pdf', '12.95', '<h3>OVERVIEW TRAINING PURCHASING AND PROCUREMENT MANAGEMENT</h3>\n\n<p>Bidang Purchasing dan Procurement adalah proses pengadaan barang dan jasa untuk keperluan operasional perusahaan baik untuk raw material, supporting material, dan project based material. Perusahaan yang baik idealnya memiliki regulasi yang telah memenuhi standar umum industri dan proses pelaksanaanya dilakukan secara terencana, professional, transparan, dan akuntabel.</p>\n\n<p>Dalam prakteknya seringkali timbul permasalahan dalam proses pelaksanaannya, mulai dari perencanaan yang tidak terintegrasi, perubahan harga dan pasokan tersedia, seleksi supplier yang mengundang potensi fraud, miskomunikasi, Negosiasi yang Deadlock, hingga Vendor/Supplier yang wan prestasi terhadap order dan kontrak.</p>\n\n<p>Program ini didesign&nbsp; secara khusus bagi sumber daya yang memiliki pekerjaan di bagian purchasing/procurement. Secara jelas, dari siklus hingga permasalah yang terjadi, pengelolaan, dan relationship, disampaikan&nbsp; dengan tujuan , memberikan pelatihan procuremenyt/purchasing secara efisien dan effektif.</p>\n\n<h3>MAKSUD dan TUJUAN TRAINING PURCHASING AND PROCUREMENT MANAGEMENT</h3>\n\n<ol>\n	<li>Memahami proses administrasi dan prosedur baku procurement management.</li>\n	<li>Memahami tahapan transaksi procurement, mulai dari prakualifikasi supplier/vendor, analisa penawaran, proses tender, hingga manajemen kontrak.</li>\n	<li>Memahami metode sourcing, teknik analisa penawaran, dan strategi negosiasi.</li>\n	<li>Memahami bagaimana proses menyeleksi, memilih, dan mengevaluasi kinerja pemasok.</li>\n	<li>Menerapkan konsep, strategi, analisa, dan problem solving dari materi yang dipelajari dalam keseharian tugas/pekerjaan.</li>\n</ol>\n', '1', '2018-06-26 08:03:56', '1', '2018-06-29 10:22:38', 26, 'artikel-manajemen', 0, 0, 1),
(194, 'Customer Focus Selling Skills Training', 'customer-focus-selling-skills-training', '', 'Pelatihan ini dimakduskan agar peserta mempunyai pemahaman dan ketrampilan mengenai Professional Selling Skills.', 'dummy.pdf', 'file', 'pdf', '12.95', '<p>Pelatihan teknik menjual ini difokuskan kepada bagaimana memenuhi kebutuhan pelanggan sehingga sangat cocok untuk staf penjualan yang bergerak dalam bidang penjualan jasa, barang yang sulit dan kompleks, kontrak tender, ataupun barang/jasa yang bernilai tinggi.</p>\n\n<p>Pelatihan ini dimakduskan agar peserta mempunyai pemahaman dan ketrampilan mengenai Professional Selling Skills; memahami langkah-langkah teknis, konsep, sikap, dan perilaku yang dituntut dalam bidang penjualan; memperluas pengetahuan mengenai lingkungan penjualan dan pemasaran; dan dilengkapi dengan teknik membimbing dan menjadi mentor untuk sales persons junior ataupun yang baru.</p>\n', '1', '2018-06-26 08:05:47', '1', '2018-06-29 10:22:14', 26, 'artikel-manajemen', 0, 0, 1);
INSERT INTO `mdl_content` (`POST_ID`, `POST_TITLE`, `POST_URI`, `POST_TITLE_SHORT`, `POST_DESCRIPTION`, `POST_FEATURE_IMAGE`, `POST_FILE_TYPE`, `POST_FILE_EXTENSION`, `POST_FILE_SIZE`, `POST_CONTENT`, `POST_INPUT_BY`, `POST_INPUT_DATE`, `POST_UPDATE_BY`, `POST_UPDATE_DATE`, `POST_CATEGORY`, `POST_CATEGORY_BBL`, `POST_MAINPAGE`, `POST_FEATURED`, `POST_ISACTIVE`) VALUES
(202, 'Are We The Transformers -  Pak Andre Djokosoetono & Pak Sandy Permadi', 'are-we-the-transformers-pak-andre-djokosoetono-pak-sandy-permadi', '', '', '', 'file', NULL, NULL, '<h1 style=\"margin: 0cm 0cm 0.0001pt;\">Mantapkan Diri Menjadi Pemimpin yang Siap Bertransformasi</h1>\n\n<h1 style=\"margin: 0cm 0cm 0.0001pt;\">&nbsp;</h1>\n\n<h1 style=\"margin: 0cm 0cm 0.0001pt;\"><em><strong><span style=\"font-size:12pt\"><span style=\"line-height:107%\"><span style=\"font-family:Calibri\"><span new=\"\" roman=\"\" style=\"font-family:\" times=\"\">Leadership Sharing Session</span></span></span></span></strong></em></h1>\n\n<h1 style=\"margin: 0cm 0cm 0.0001pt;\"><em><strong><span style=\"font-size:12pt\"><span style=\"line-height:107%\"><span style=\"font-family:Calibri\"><span new=\"\" roman=\"\" style=\"font-family:\" times=\"\">26 Maret 2018</span></span></span></span></strong></em></h1>\n\n<p style=\"margin-right:104.0pt; margin:0cm 0cm 0.0001pt\"><em><strong><span style=\"font-size:12pt\"><span style=\"line-height:107%\"><span style=\"font-family:Calibri\"><span new=\"\" roman=\"\" style=\"font-family:\" times=\"\">Pak Andre Djokosoetono &amp; Pak Sandy Permadi</span></span></span></span></strong></em></p>\n\n<p style=\"margin-right:104.0pt; margin:0cm 0cm 0.0001pt\">&nbsp;</p>\n\n<p style=\"margin-right:104.0pt; margin:0cm 0cm 0.0001pt\"><em><strong><span style=\"font-size:12pt\"><span style=\"line-height:107%\"><span style=\"font-family:Calibri\"><span new=\"\" roman=\"\" style=\"font-family:\" times=\"\"><img alt=\"\" src=\"/uploads/images/Screen%20Shot%202018-06-26%20at%2011.40.36.png\" style=\"width: 826px; height: 418px; float: left;\" /></span></span></span></span></strong></em></p>\n\n<p style=\"text-align:justify; margin:0cm 0cm 0.0001pt\">&nbsp;</p>\n\n<p style=\"text-align:justify; margin:0cm 0cm 0.0001pt\"><span style=\"font-size:12pt\"><span style=\"line-height:150%\"><span style=\"font-family:Calibri\"><span new=\"\" roman=\"\" style=\"font-family:\" times=\"\">Perubahan adalah sebuah keniscayaan. Sudah banyak yang menjadi bukti betapa arogansi dan ketidakmauan untuk berubah membuat beberapa perusahaan mati di tengah jalan. Pada akhirnya yang dapat dilakukan hanyalah menyesali ketidakmuan untuk berubah tersebut. Sebelum melakukan penyesalan, alangkah lebih baiknya kita mempersiapkan diri dengan sebaik mungkin untuk menjadi pemimpin yang siap bertransformasi menyesuaikan dengan segala medan dan kondisi yang sedang dan akan terjadi. </span></span></span></span></p>\n\n<p style=\"text-align:justify; margin:0cm 0cm 0.0001pt\">&nbsp;</p>\n\n<p style=\"text-align:justify; margin:0cm 0cm 0.0001pt\"><span style=\"font-size:12pt\"><span style=\"line-height:150%\"><span style=\"font-family:Calibri\"><span new=\"\" roman=\"\" style=\"font-family:\" times=\"\">Topik tersebut yang berusaha diangkat pada <i>sharing session </i>kali ini yang menghadirkan Pak Andre Djokosoetono dan Pak Sandy Permadi untuk menceritakan bagiamana sepak terjang Blue Bird bertransformasi menjadi sebuah <i>company </i>yang <i>adaptable </i>dengan kondisi internal dan eksternal yang ada. Memulai pembicaraannya, Pak Andre mengungkapkan bahwa untuk bisa menuju perubahan yang baik, maka langkah pertama adalah mau mengakui kekurangan dan tidak bersikap <i>denial </i>terhadap kelemahan yang dimiliki. Pengakuan semacam itu berguna untuk dapat mengevaluasi apa saja poin-poin yang dapat dipertahankan, serta apa saja yang perlu diperbaiki untuk bisa lebih baik lagi. Berangkat dari situ, kita bisa menentukan formula seperti apa yang bisa kita gunakan dalam rangka melakukan transformasi. Beliau mencontohkan tentang Blue Bird dan pihak kompetitor yang saat ini bersaing. Meskipun Blue Bird telah beradaptasi dengan teknologi dengan memunculkan teknologi serupa semisal aplikasi My Blue Bird, kita masih harus sadar bahwa aplikasi tersebut masih perlu banyak perbaikan, terutama masalah system dan navigasi yang terus menerus harus dilakukan <i>update </i>secara berkala. Untuk itu perlu dilakukan sebuah langkah untuk dapat bersaing yaitu dengan melakukan kolaborasi yang telah dilakukan oleh Blue Bird dengan pihak Gojek.</span></span></span></span></p>\n\n<p style=\"text-align:justify; margin:0cm 0cm 0.0001pt\">&nbsp;</p>\n\n<p style=\"text-align:justify; margin:0cm 0cm 0.0001pt\"><img alt=\"\" src=\"/uploads/images/Screen%20Shot%202018-06-29%20at%2014.57.41(1).png\" style=\"width: 400px; height: 217px;\" /></p>\n\n<p style=\"text-align:justify; margin:0cm 0cm 0.0001pt\">&nbsp;</p>\n\n<p style=\"text-align:justify; margin:0cm 0cm 0.0001pt\"><span style=\"font-size:12pt\"><span style=\"line-height:150%\"><span style=\"font-family:Calibri\"><span new=\"\" roman=\"\" style=\"font-family:\" times=\"\">Pak Andre mengungkapkan, langkah tersebut diambil berdasarkan hasil evaluasi yang dilakukan secara menyeluruh terhadap kekurangan yang dimiliki oleh Blue Bird. Selain aplikasi, salah satu kelemahan Blue Bird saat ini adalah kurangnya <i>demand </i>yang disebabkan oleh menjamurnya opsi alternatif transportasi <i>online. </i>Masalah serupa kurang lebih juga ditemui di pihak partner yaitu Gojek. Dimana mereka menerima <i>over demand </i>sehingga banyak <i>booking </i>yang tidak bisa diselesaikan karena kurangnya armada. Berkat evaluasi dari masing-masing pihak terhadap kekurangan masing-masing inilah, akhirnya terciptalah sebuah mekanisme <i>win-win solution </i>yaitu kemitraan antara Blue Bird dengan Gojek, sehingga kelemahan satu pihak dapat diselesaikan oleh kelebihan dari pihak yang lain. Maka dari itu, poin evaluasi menurut Pak Andre merupakan poin yang sangat krusial sebelum kita bicara lebih jauh soal transformasi. </span></span></span></span></p>\n\n<p style=\"text-align:justify; margin:0cm 0cm 0.0001pt\">&nbsp;</p>\n\n<p style=\"text-align:justify; margin:0cm 0cm 0.0001pt\"><img alt=\"\" src=\"/uploads/images/a1.png\" style=\"width: 400px; height: 235px;\" /></p>\n\n<p style=\"text-align:justify; margin:0cm 0cm 0.0001pt\">&nbsp;</p>\n\n<p style=\"text-align:justify; margin:0cm 0cm 0.0001pt\"><span style=\"font-size:12pt\"><span style=\"line-height:150%\"><span style=\"font-family:Calibri\"><span new=\"\" roman=\"\" style=\"font-family:\" times=\"\">Bagaimana kita bisa melakukan evaluasi terhadap kelemahan diri sendiri? Bukankah lebih mudah menemukan kelemahan orang lain daripada melihat pada diri sendiri? Pak Andre memberikan tips agar dapat mengevaluasi kelemahan diri sendiri. &ldquo;Tanyakan pada diri sendiri, kita sudah melakukan yang terbaik belum?&rdquo; ujarnya. Memang melakukannya tidak semudah ketika hal tersebut diucapkan. Namun langkah pertama yang dapat dilakukan adalah merubah <i>mindset </i>kita terlebih dahulu. Meluruskan niat bahwa ada hal-hal&nbsp; yang hendak diperbaiki, oleh karenanya kita harus menyadarkan diri terlebih dahulu jika kita siap untuk dievaluasi, apapun hasil yang nanti ditemukan. Kuncinya, perubahan pola pikir dan kemauan untuk berubah.</span></span></span></span></p>\n\n<p style=\"text-align:justify; margin:0cm 0cm 0.0001pt\">&nbsp;</p>\n\n<p style=\"text-align:justify; margin:0cm 0cm 0.0001pt\"><span style=\"font-size:12pt\"><span style=\"line-height:150%\"><span style=\"font-family:Calibri\"><span new=\"\" roman=\"\" style=\"font-family:\" times=\"\">Setali tiga uang dengan Pak Andre, Pak Sandy Permadi yang baru saja bergabung dengan Blue Bird juga menjelaskan pengalamannya dalam bertransformasi pada perusahaan-perusahaan yang ia pimpin sebelumnya. Sandy menjelaskan bahwa arogansi hampir saja membuat Lazada, perusahaan tempat ia bekerja sebelumnya, nyaris mati. Pernah menjadi nomor satu di pasar maya membuat Lazada hampir lengah menghadapi persaingan yang ada. Maka dari itu, poin pertama yang Pak Sandy sampaikan adalah tetap sensitif pada perubahan dan tidak boleh arogan, mengingat roda selalu berputar. Kapasitas kita sebagai pemimpin adalah bertugas bagaimana menjaga agar posisi kita tetap bertahan di atas. Dengan cara apa, yaitu memperhatikan dan tidak lengah terhadap kondisi sekitar.</span></span></span></span></p>\n\n<p style=\"text-align:justify; margin:0cm 0cm 0.0001pt\">&nbsp;</p>\n\n<p style=\"text-align:justify; margin:0cm 0cm 0.0001pt\"><span style=\"font-size:12pt\"><span style=\"line-height:150%\"><span style=\"font-family:Calibri\"><span new=\"\" roman=\"\" style=\"font-family:\" times=\"\">Poin pembelajaran kedua yang Pak Sandy sampaikan adalah sebelum kita berubah dan bertransformasi, kita harus percaya dulu pada bisnis yang kita jalankan. Yakinkan diri bahwa service yang kita berikan ini akan memberikan <i>impact </i>yang luar biasa kepada <i>customer. </i>Hal ini penting untuk membangun <i>sense of ownership dan state of personality. </i>Diri kita dan para karyawan yang lain akan merasa memiliki perusahaan dan menjadi bagian dari perusahaan. Hal ini yang akan menggerakkan mereka untuk mau tahu terhadap kondisi perusahaan serta peka terhadap perubahan yang terjadi di sekitar. Nantinya hal ini akan mempermudah perusahaan untuk melakukan evaluasi dan bertransformasi ke arah yang lebih baik.</span></span></span></span></p>\n\n<p style=\"text-align:justify; margin:0cm 0cm 0.0001pt\">&nbsp;</p>\n\n<p style=\"text-align:justify; margin:0cm 0cm 0.0001pt\"><span style=\"font-size:12pt\"><span style=\"line-height:150%\"><span style=\"font-family:Calibri\"><span new=\"\" roman=\"\" style=\"font-family:\" times=\"\">Di akhir sesi, baik Pak Sandy maupun Pak Andre menyampaikan bahwa kita harus cepat berubah. Tidak hanya benar-benar berubah dengan segala macam mekanisme transformasi yang ada, tapi juga meyakinkan sekitar bahwa kita juga bisa berubah dengan cepat, sehingga khalayak percaya bahwa Blue Bird merupakan sebuah perusahaan yang mau beradaptasi dan bertransformasi terhadap perubahan zaman. </span></span></span></span></p>\n\n<p style=\"text-align:justify; margin:0cm 0cm 0.0001pt\">&nbsp;</p>\n\n<p style=\"text-align:justify; margin:0cm 0cm 0.0001pt\"><img alt=\"\" src=\"/uploads/images/a2.png\" style=\"width: 400px; height: 246px;\" /></p>\n', '1', '2018-06-26 11:38:54', '1', '2018-06-29 15:58:19', 26, 'leadership-sharing-session', 0, 0, 1),
(208, 'Contoh Naskah Workshop 1', 'contoh-naskah-workshop-1', '', '', '', 'file', NULL, NULL, '', '1', '2018-06-29 10:30:59', '1', '2018-06-29 10:36:07', 26, 'workshops', 0, 0, 1),
(209, 'Contoh Naskah Workshop 2', 'contoh-naskah-workshop-2', '', '', '', 'file', NULL, NULL, '', '1', '2018-06-29 10:31:10', '1', '2018-06-29 10:35:38', 26, 'workshops', 0, 0, 1),
(210, 'Contoh Naskah Workshop 3', 'contoh-naskah-workshop-3', '', '', '', 'file', NULL, NULL, '', '1', '2018-06-29 10:31:21', '1', '2018-06-29 10:35:11', 26, 'workshops', 0, 0, 1),
(211, 'Contoh Form Permintaan Pelatihan', 'contoh-form-permintaan-pelatihan', '', '', '', 'file', NULL, NULL, '<p>Hanya dummy</p>\n', '1', '2018-06-29 10:31:58', '1', '2018-06-29 10:34:39', 26, 'form-permintaan-pelatihan-pengembangan-karyawan', 0, 0, 1),
(212, 'Contoh Form Evaluasi Pelatihan', 'contoh-form-evaluasi-pelatihan', '', '', '', 'file', NULL, NULL, '<p>Hanya dummy</p>\n', '1', '2018-06-29 10:32:19', '1', '2018-06-29 10:34:05', 26, 'form-evaluasi-pelatihan-pengembangan-karyawan', 0, 0, 1),
(214, 'Aturan Kehadiran Karyawan PT Bluebird Video', 'aturan-kehadiran-karyawan-pt-bluebird-video', '', 'Aturan Kehadiran Karyawan PT Bluebird Video', 'Easy_Ride-Fitur_Baru_My_Blue_Bird.mp4', 'video', 'mp4', '3748.64', '<p>Aturan Kehadiran Karyawan PT Bluebird Video</p>\n', '1', '2018-07-03 09:26:50', '', '0000-00-00 00:00:00', 26, 'workshops', 0, 0, 1);

-- --------------------------------------------------------

--
-- Table structure for table `mdl_content_category`
--

CREATE TABLE `mdl_content_category` (
  `CAT_ID` int(2) NOT NULL,
  `CAT_TITLE` varchar(32) NOT NULL,
  `CAT_URI` varchar(32) NOT NULL,
  `CAT_KET` text NOT NULL,
  `ACTIVE` int(1) NOT NULL DEFAULT 1
) ENGINE=MyISAM DEFAULT CHARSET=latin1;

--
-- Dumping data for table `mdl_content_category`
--

INSERT INTO `mdl_content_category` (`CAT_ID`, `CAT_TITLE`, `CAT_URI`, `CAT_KET`, `ACTIVE`) VALUES
(1, 'Pages', 'pages', 'Halaman HTML', 1),
(12, 'Article', 'article', 'Kategori untuk yang dibuat sebagai Featured', 1),
(24, 'Berita Perusahaan', 'berita-perusahaan', 'Kategori Untuk Berita Perusahaan', 1),
(25, 'Berita Terkini', 'berita-terkini', 'Kategori untuk Berita Terkini', 1),
(26, 'Limitless Learning', 'limitless-learning', 'Kategori untuk Limitless Learning', 1),
(27, 'system', 'system', 'Konten terkait CMS', 1);

-- --------------------------------------------------------

--
-- Table structure for table `mdl_cuti`
--

CREATE TABLE `mdl_cuti` (
  `cuti_id` int(11) NOT NULL,
  `usr_id` int(11) NOT NULL,
  `type_id` int(3) NOT NULL,
  `tgl_from` date NOT NULL,
  `tgl_to` date NOT NULL,
  `days` int(3) NOT NULL,
  `document` text NOT NULL,
  `alasan` varchar(140) NOT NULL,
  `alasan_atasan` text NOT NULL,
  `status` int(1) DEFAULT 1 COMMENT '0 denied, 1 waiting, 2 accept',
  `tgl_input` timestamp NOT NULL DEFAULT current_timestamp() ON UPDATE current_timestamp()
) ENGINE=InnoDB DEFAULT CHARSET=latin1;

--
-- Dumping data for table `mdl_cuti`
--

INSERT INTO `mdl_cuti` (`cuti_id`, `usr_id`, `type_id`, `tgl_from`, `tgl_to`, `days`, `document`, `alasan`, `alasan_atasan`, `status`, `tgl_input`) VALUES
(31, 4, 3, '2018-06-30', '2018-07-07', 8, 'dummy1.pdf', 'Mau liburan ', 'Kamu tidak boleh cuti, karena cuti kamu sudah minus.', 0, '2018-06-20 09:52:43'),
(32, 4, 3, '2018-06-24', '2018-06-25', 2, '', 'Test izin cuti dan notifikasi ', 'Pesan dari atasan; text izin cuti dan notifikasi', 0, '2018-06-24 01:13:58'),
(33, 4, 3, '2018-06-26', '2018-06-26', 1, '', 'test error', 'test error', 2, '2018-06-24 03:53:13'),
(34, 4, 3, '2018-06-24', '2018-06-25', 2, '', 'Tes izin cuti 2 dan notifikasi user ', 'Check status: Tes izin cuti 2 dan notifikasi user', 0, '2018-06-24 07:32:11'),
(35, 4, 3, '2018-07-05', '2018-07-06', 2, 'dummy2.pdf', 'Saya cuti mau liburan', 'Ok. Happy Weekend ya', 2, '2018-06-25 03:57:57'),
(36, 4, 3, '2018-05-10', '2018-05-11', 2, 'dummy3.pdf', 'Saya cuti mau liburan. Saya cuti mau liburan. Saya cuti mau liburan', 'Mungkin next time karena ada meeting yang tidak bisa kamu tinggalkan.', 0, '2018-06-25 03:58:20'),
(37, 4, 3, '2018-06-05', '2018-06-07', 3, 'dummy4.pdf', 'Saya mau liburan ya', 'Happy Weekend', 2, '2018-06-25 04:01:37'),
(39, 4, 3, '2018-06-28', '2018-06-29', 2, '', 'Test', 'Pesan dari atasan ditolak', 0, '2018-06-28 01:02:08'),
(40, 4, 3, '2018-06-28', '2018-06-29', 2, '', 'Test error 500', '', 1, '2018-06-28 02:22:04'),
(41, 4, 3, '2018-06-28', '2018-06-29', 2, '', 'Test after 500', '', 1, '2018-06-28 07:32:00');

-- --------------------------------------------------------

--
-- Table structure for table `mdl_cuti_type`
--

CREATE TABLE `mdl_cuti_type` (
  `type_id` int(3) NOT NULL,
  `type` varchar(128) NOT NULL,
  `quota` int(3) NOT NULL
) ENGINE=InnoDB DEFAULT CHARSET=latin1;

--
-- Dumping data for table `mdl_cuti_type`
--

INSERT INTO `mdl_cuti_type` (`type_id`, `type`, `quota`) VALUES
(3, 'Cuti Tahunan', 12);

-- --------------------------------------------------------

--
-- Table structure for table `mdl_dump`
--

CREATE TABLE `mdl_dump` (
  `row_id` int(6) NOT NULL,
  `type` varchar(32) NOT NULL,
  `text` text NOT NULL
) ENGINE=InnoDB DEFAULT CHARSET=latin1;

-- --------------------------------------------------------

--
-- Table structure for table `mdl_events`
--

CREATE TABLE `mdl_events` (
  `EVNT_ID` int(3) NOT NULL,
  `EVNT_TITLE` varchar(128) NOT NULL,
  `EVNT_URI` varchar(128) NOT NULL,
  `EVNT_IMG` varchar(256) NOT NULL,
  `EVNT_CONTENT` text NOT NULL,
  `EVNT_ARCHIVE` text NOT NULL,
  `EVNT_START` date NOT NULL,
  `EVNT_END` date NOT NULL,
  `EVNT_START_TIME` varchar(5) NOT NULL,
  `EVNT_END_TIME` varchar(5) NOT NULL,
  `EVNT_REGISTER` int(1) NOT NULL DEFAULT 0,
  `EVNT_ISARCHIVE` int(1) NOT NULL DEFAULT 0,
  `EVNT_ISACTIVE` int(1) NOT NULL DEFAULT 1
) ENGINE=InnoDB DEFAULT CHARSET=latin1;

--
-- Dumping data for table `mdl_events`
--

INSERT INTO `mdl_events` (`EVNT_ID`, `EVNT_TITLE`, `EVNT_URI`, `EVNT_IMG`, `EVNT_CONTENT`, `EVNT_ARCHIVE`, `EVNT_START`, `EVNT_END`, `EVNT_START_TIME`, `EVNT_END_TIME`, `EVNT_REGISTER`, `EVNT_ISARCHIVE`, `EVNT_ISACTIVE`) VALUES
(1, 'Event Polling 1eit', 'event-polling-1eit', 'Screenshot_2013-12-03-12-17-40.png', '<div>ini contoh content event</div>\n', '<div>contoh archive</div>\n', '2013-09-09', '2013-09-09', '11:00', '13:00', 0, 0, 1),
(2, 'Event dua (register user)', 'event-dua-register-user', 'Screenshot_2013-12-03-12-17-401.png', '<div>Loper ipsum need register hello this content</div>\n', '', '2013-09-10', '2013-09-10', '09:00', '10:00', 1, 0, 1);

-- --------------------------------------------------------

--
-- Table structure for table `mdl_event_register`
--

CREATE TABLE `mdl_event_register` (
  `EVREG_ID` int(4) NOT NULL,
  `EVNT_ID` int(3) NOT NULL,
  `EVREG_NAME` varchar(128) NOT NULL,
  `EVREG_ORG` varchar(128) NOT NULL,
  `EVREG_POS` varchar(128) NOT NULL,
  `EVREG_EMAIL` varchar(128) NOT NULL,
  `EVREG_PHONE` varchar(24) NOT NULL,
  `EVREG_ISACTIVE` int(1) NOT NULL DEFAULT 1
) ENGINE=InnoDB DEFAULT CHARSET=latin1;

--
-- Dumping data for table `mdl_event_register`
--

INSERT INTO `mdl_event_register` (`EVREG_ID`, `EVNT_ID`, `EVREG_NAME`, `EVREG_ORG`, `EVREG_POS`, `EVREG_EMAIL`, `EVREG_PHONE`, `EVREG_ISACTIVE`) VALUES
(1, 1, 'saya', 'ganteng', 'ini', 'g3n1k@yahoo.com', '987654', 1);

-- --------------------------------------------------------

--
-- Table structure for table `mdl_forum`
--

CREATE TABLE `mdl_forum` (
  `POST_ID` int(11) NOT NULL,
  `POST_CATEGORY_ID` int(11) DEFAULT NULL,
  `POST_TITLE` varchar(255) NOT NULL,
  `POST_URI` varchar(100) NOT NULL,
  `POST_DESC` varchar(100) DEFAULT NULL,
  `POST_CONTENT` text DEFAULT NULL,
  `POST_UPLOAD_FILE` varchar(100) DEFAULT NULL,
  `POST_FILE_TYPE` varchar(100) NOT NULL,
  `POSTED_BY` int(11) NOT NULL,
  `POST_CREATED` datetime DEFAULT NULL,
  `POST_MODIFIED` datetime DEFAULT NULL,
  `MODIFIED_BY` int(11) DEFAULT NULL,
  `IS_ACTIVE` tinyint(1) DEFAULT NULL,
  `IS_MODERATION` tinyint(1) NOT NULL,
  `IS_DELETE` tinyint(1) NOT NULL DEFAULT 0
) ENGINE=InnoDB DEFAULT CHARSET=latin1;

--
-- Dumping data for table `mdl_forum`
--

INSERT INTO `mdl_forum` (`POST_ID`, `POST_CATEGORY_ID`, `POST_TITLE`, `POST_URI`, `POST_DESC`, `POST_CONTENT`, `POST_UPLOAD_FILE`, `POST_FILE_TYPE`, `POSTED_BY`, `POST_CREATED`, `POST_MODIFIED`, `MODIFIED_BY`, `IS_ACTIVE`, `IS_MODERATION`, `IS_DELETE`) VALUES
(3, 1, 'Lorem ipsumloremdolores ipsum dolor', 'lorem-ipsumloremdolores-ipsum-dolor', 'Lorem ipsumloremdolores ipsum dolor lorem ipsumloremdolores ipsum dolor lorem ipsumloremdolores ipsu', '<p>Lorem ipsumloremdolores ipsum dolor lorem ipsumloremdolores ipsum dolor lorem ipsumloremdolores ipsum dolor</p>\n\n<p>Lorem ipsumloremdolores ipsum dolor lorem ipsumloremdolores ipsum dolor lorem ipsumloremdolores ipsum dolor</p>\n\n<p>Lorem ipsumloremdolores ipsum dolor lorem ipsumloremdolores ipsum dolor lorem ipsumloremdolores ipsum dolor</p>\n', NULL, '', 4, '2018-05-28 15:46:32', '2018-05-31 04:54:52', NULL, 1, 1, 1),
(4, 1, 'Test Forum', 'test-forum', 'Ini adalah deskripsi', '<p>DI sini konten. Thank you</p>\n', NULL, '', 4, '2018-05-31 01:32:29', '2018-05-31 05:26:55', NULL, 1, 1, 1),
(5, 1, 'Postingan Ketiga dalam Kategori Hangout Places', 'postingan-ketiga-dalam-kategori-hangout-places', 'Tidak pakai deskripsi', '<p>Konten wajib diisi, abaikan deskripsi pada forum. Thank you</p>\n', NULL, '', 4, '2018-05-31 01:35:13', '2018-05-31 05:25:14', NULL, 1, 1, 1),
(6, 2, 'Lorem ipsum dolor sit amet, consectetur adipiscing elit', 'lorem-ipsum-dolor-sit-amet-consectetur-adipiscing-elit', 'Integer maximus dolor velit, at dignissim tellus aliquet id. In a lectus nec nulla fermentum eleifen', '<p>Vivamus lacinia nulla at purus tristique, vel lacinia ligula convallis. In consequat enim vel tincidunt ultrices. Vestibulum ante ipsum primis in faucibus orci luctus et ultrices posuere cubilia Curae; Suspendisse diam diam, faucibus eget lacus id, aliquet condimentum orci. Nunc in augue vitae tellus porta cursus.</p>\n\n<p>Ut efficitur augue quis neque egestas, eu aliquam dui porttitor. Nulla a quam vitae augue blandit mollis. Maecenas elementum quam nec suscipit lacinia. Sed vitae ante posuere, pulvinar eros sed, congue odio.</p>\n\n<p>Ut libero ipsum, faucibus eget tempor eget, pellentesque a velit. Orci varius natoque penatibus et magnis dis parturient montes, nascetur ridiculus mus. Proin tincidunt tortor eu tempus convallis. Etiam lacus nulla, vestibulum ac elit eget, maximus semper risus.</p>\n', NULL, '', 4, '2018-05-31 03:01:49', NULL, NULL, 1, 1, 0),
(7, 1, 'Quisque magna orci, facilisis in massa eget, pharetra pellentesque leo', 'quisque-magna-orci-facilisis-in-massa-eget-pharetra-pellentesque-leo', 'Mauris tincidunt augue vel nunc convallis, eget lobortis purus fermentum. Proin rutrum diam imperdie', '<p>Sed vestibulum lacinia sem a consequat. Integer non libero sed orci placerat suscipit eget viverra lectus. Aenean faucibus elit sit amet libero hendrerit ornare. Nunc congue finibus mollis. Fusce mollis orci eu lectus cursus mollis. Donec et purus vel libero laoreet euismod et nec purus. Vestibulum ac mauris aliquam, elementum urna ac, pharetra nisi. Quisque convallis nunc vitae varius malesuada.</p>\n\n<p>Sed tristique tellus at mi interdum varius. Suspendisse sem ipsum, sagittis non malesuada gravida, euismod sed dolor. Proin vehicula urna ut felis tempor, eu aliquam eros vestibulum. Vivamus a elementum massa, efficitur elementum risus. Ut sollicitudin cursus ipsum pretium elementum. Proin justo lacus, cursus non dui vel, dapibus dignissim sem. Aenean quis purus vitae lacus maximus efficitur. Vestibulum commodo turpis eget dignissim ornare. Vestibulum ultrices diam sed odio volutpat tincidunt. Proin dapibus hendrerit ultricies. Sed eleifend magna sit amet dolor sollicitudin, egestas tempor justo efficitur. Nam sed pretium libero, eget interdum magna.</p>\n', NULL, '', 4, '2018-05-31 06:07:17', NULL, NULL, 0, 1, 0),
(8, 1, 'Nunc urna velit, tristique quis faucibus dictum, sagittis vitae turpis.', 'nunc-urna-velit-tristique-quis-faucibus-dictum-sagittis-vitae-turpis', 'Phasellus suscipit dui at scelerisque molestie. Donec euismod dapibus turpis in commodo. Nulla egest', '<p>Aliquam feugiat sem in luctus malesuada. Curabitur dictum eleifend blandit. Vivamus rutrum blandit nibh. Cras hendrerit dignissim orci, non efficitur arcu ultricies ut. Pellentesque vel lacus lacus. Donec finibus eu tortor eget ullamcorper. Mauris rhoncus hendrerit lectus, vitae suscipit lorem faucibus eget. Mauris vel mauris arcu. Cras vitae velit sem. Nulla euismod sodales arcu, in facilisis libero. Suspendisse potenti.</p>\n', NULL, '', 4, '2018-05-31 06:08:32', NULL, NULL, 1, 1, 0),
(9, 2, 'Vestibulum ante ipsum primis ', 'vestibulum-ante-ipsum-primis', 'Nunc in augue vitae tellus porta cursus. Ut efficitur augue quis neque egestas, eu aliquam dui portt', '', NULL, '', 4, '2018-05-31 06:09:59', NULL, NULL, 1, 1, 0),
(10, 2, 'Maecenas elementum quam', 'maecenas-elementum-quam', 'Orci varius natoque penatibus et magnis dis parturient montes, nascetur ridiculus mus. Proin tincidu', '', NULL, '', 4, '2018-05-31 06:11:08', NULL, NULL, 1, 1, 0),
(11, 2, 'Quisque magna orci, facilisis in massa eget, pharetra pellentesque leo', 'quisque-magna-orci-facilisis-in-massa-eget-pharetra-pellentesque-leo', 'Mauris tincidunt augue vel nunc convallis, eget lobortis purus fermentum. Proin rutrum diam imperdie', '', NULL, '', 4, '2018-05-31 06:12:06', NULL, NULL, 1, 1, 0),
(12, 2, 'Sed at vehicula justo, quis convallis leo', 'sed-at-vehicula-justo-quis-convallis-leo', 'Mauris ac lorem pulvinar, venenatis sapien sit amet, dapibus risus. Nunc urna velit, tristique quis ', '', NULL, '', 4, '2018-05-31 06:12:53', NULL, NULL, 1, 1, 0),
(13, 2, 'Phasellus suscipit dui at scelerisque molestie', 'phasellus-suscipit-dui-at-scelerisque-molestie', 'Donec euismod dapibus turpis in commodo. Nulla egestas sollicitudin erat vitae interdum. Nam vulputa', '', NULL, '', 4, '2018-05-31 06:13:20', '2018-06-02 00:35:49', NULL, 1, 1, 1),
(14, 2, 'Maecenas tincidunt sit amet ex vel scelerisque', 'maecenas-tincidunt-sit-amet-ex-vel-scelerisque', 'Aliquam feugiat sem in luctus malesuada. Curabitur dictum eleifend blandit.', '', NULL, '', 4, '2018-05-31 06:13:44', NULL, NULL, 1, 1, 0),
(15, 2, 'Vivamus rutrum blandit nibh', 'vivamus-rutrum-blandit-nibh', 'Cras hendrerit dignissim orci, non efficitur arcu ultricies ut. Pellentesque vel lacus lacus. Donec ', '', NULL, '', 4, '2018-05-31 06:14:10', NULL, NULL, 1, 1, 0),
(16, 2, 'Mauris rhoncus hendrerit', 'mauris-rhoncus-hendrerit', 'Mauris vel mauris arcu. Cras vitae velit sem. Nulla euismod sodales arcu, in facilisis libero. Suspe', '', NULL, '', 4, '2018-05-31 06:14:31', NULL, NULL, 1, 1, 0),
(17, 1, 'Tempat Hangout Paling Asyik', 'tempat-hangout-paling-asyik', 'Sed tristique tellus at mi interdum varius. ', '<p>Suspendisse sem ipsum, sagittis non malesuada gravida, euismod sed dolor. Proin vehicula urna ut felis tempor, eu aliquam eros vestibulum. Vivamus a elementum massa, efficitur elementum risus. Ut sollicitudin cursus ipsum pretium elementum. Proin justo lacus, cursus non dui vel, dapibus dignissim sem. Aenean quis purus vitae lacus maximus efficitur. Vestibulum commodo turpis eget dignissim ornare. Vestibulum ultrices diam sed odio volutpat tincidunt. Proin dapibus hendrerit ultricies. Sed eleifend magna sit amet dolor sollicitudin, egestas tempor justo efficitur. Nam sed pretium libero, eget interdum magna.</p>\n\n<p>Sed at vehicula justo, quis convallis leo. Mauris ac lorem pulvinar, venenatis sapien sit amet, dapibus risus. Nunc urna velit, tristique quis faucibus dictum, sagittis vitae turpis. Phasellus suscipit dui at scelerisque molestie. Donec euismod dapibus turpis in commodo. Nulla egestas sollicitudin erat vitae interdum. Nam vulputate consequat lectus non ultricies. Maecenas tincidunt sit amet ex vel scelerisque.</p>\n\n<p>Aliquam feugiat sem in luctus malesuada. Curabitur dictum eleifend blandit. Vivamus rutrum blandit nibh. Cras hendrerit dignissim orci, non efficitur arcu ultricies ut. Pellentesque vel lacus lacus. Donec finibus eu tortor eget ullamcorper. Mauris rhoncus hendrerit lectus, vitae suscipit lorem faucibus eget. Mauris vel mauris arcu. Cras vitae velit sem. Nulla euismod sodales arcu, in facilisis libero. Suspendisse potenti.</p>\n\n<p>Thank you for reading this!&nbsp;</p>\n', NULL, '', 4, '2018-05-31 07:13:42', NULL, NULL, 1, 1, 0),
(18, 1, 'Raja Ampat Islands', 'raja-ampat-islands', 'Raja Ampat Islands\nKarta ID RajaAmpat Isl.PNG\nMap of the islands\nRaja Ampat Islands is located in In', '<p>Raja Ampat Regency is a new regency which separated from Sorong Regency in 2004.[1] The population of the Regency was recently (January 2014) put at 49,048. It encompasses more than 40,000 km&sup2; of land and sea, which also contains Cenderawasih Bay, the largest marine national park in Indonesia. It is a part of the newly named West Papua province of Indonesia which was formerly Irian Jaya.</p>\n\n<p>The name of Raja Ampat comes from local mythology that tells of a woman who finds seven eggs. Four of the seven hatch and become kings who occupy four of Raja Ampat biggest islands whilst the other three become a ghost, a woman, and a stone.</p>\n\n<p>History shows that Raja Ampat was once a part of Sultanate of Tidore, an influential kingdom from Maluku. Yet, after the Dutch invaded Maluku, it was claimed by the Netherlands.</p>\n\n<p>The first recorded sighting and landing by Europeans of the Ampat Islands was by the Portuguese navigator Jorge de Menezes and his crew in 1526, en route from Biak, the Bird&#39;s Head Peninsula, and Waigeo, to Halmahera (Ternate).</p>\n\n<p>The English explorer William Dampier gave his name to Dampier Strait, which separates Batanta island from Waigeo island. To the east, there is a strait that separates Batanta from Salawati. In 1759 Captain William Wilson sailing in the East Indiaman Pitt navigated these waters and named a strait the &#39;Pitt strait&#39;, after his vessel; this was probably the channel between Batanta and Salawati.</p>\n\n<p>The main occupation for people around this area is fishing since the area is dominated by the sea. They live in a small colony of tribes that spreads around the area. Although traditional culture still strongly exists, they are very welcoming to visitors. Raja Ampat people are more like Ambonese than Papuan people and now some of them are Muslim and some of them are Christian.[2]</p>\n\n<p>The oceanic natural resources around Raja Ampat give it significant potential as a tourist area. Many sources place Raja Ampat as one of their top ten most popular places for diving whilst it retains the number one ranking for underwater biodiversity.</p>\n\n<p>According to Conservation International, marine surveys suggest that the marine life diversity in the Raja Ampat area is the highest recorded on Earth.[3] Diversity is considerably greater than any other area sampled in the Coral Triangle composed of Indonesia, Malaysia, Philippines, Papua New Guinea, Solomon Islands, and East Timor. The Coral Triangle is the heart of the world&#39;s coral reef biodiversity, making Raja Ampat quite possibly the richest coral reef ecosystems in the world.</p>\n\n<p>The area&#39;s massive coral colonies along with relatively high sea surface temperatures, also suggest that its reefs may be relatively resistant to threats like coral bleaching and coral disease, which now jeopardize the survival of other coral ecosystems around the world. The Raja Ampat islands are remote and relatively undisturbed by humans.</p>\n\n<p>The high marine diversity in Raja Ampat is strongly influenced by its position between the Indian and Pacific Oceans, as coral and fish larvae are more easily shared between the two oceans. Raja Ampat&#39;s coral diversity, resilience, and role as a source for larval dispersal make it a global priority for marine protection.</p>\n\n<p>1,508 fish species, 537 coral species (a remarkable 96% of all scleractinia recorded from Indonesia are likely to occur in these islands and 75% of all species that exist in the world[4]), and 699 mollusk species, the variety of marine life is staggering.[5] Some areas boast enormous schools of fish and regular sightings of sharks, such as wobbegongs.</p>\n\n<p>Raja Ampat Islands have at least three ponds containing harmless jellyfish, all in the Misool area.[6]</p>\n\n<p>Although accessing the islands is not that difficult, it takes some time. It takes six hours flight from Jakarta, the capital city of Indonesia to Sorong. Then, taking a boat to reach the islands is necessary.</p>\n', NULL, '', 4, '2018-05-31 07:18:04', NULL, NULL, 1, 1, 0),
(19, 1, 'New Guinea', 'new-guinea', 'New Guinea (Tok Pisin: Niugini; Dutch: Nieuw-Guinea; German: Neuguinea; Indonesian: Nugini or, more ', '<p>The eastern half of the island is the major land mass of the independent state of Papua New Guinea. The western half, referred to as Western New Guinea or West Papua or simply Papua, formerly a Dutch colony, was annexed by Indonesia in 1962 and has been administered by it since then.</p>\n\n<p>The island has been known by various names:</p>\n\n<p>The name Papua was used to refer to parts of the island before contact with the West.[1] Its etymology is unclear;[1] one theory states that it is from Tidore, the language used by the Sultanate of Tidore, which controlled parts of the island&#39;s coastal region.[2] The name came from papo (to unite) and ua (negation), which means &quot;not united&quot; or, &quot;territory that geographically is far away (and thus not united)&quot;.[2]</p>\n\n<p>Ploeg reports that the word papua is often said to derive from the Malay word papua or pua-pua, meaning &quot;frizzly-haired&quot;, referring to the highly curly hair of the inhabitants of these areas.[3] Another possibility, put forward by Sollewijn Gelpke in 1993, is that it comes from the Biak phrase sup i papwa which means &#39;the land below [the sunset]&#39; and refers to the islands west of the Bird&#39;s Head, as far as Halmahera. Whatever its origin, the name Papua came to be associated with this area, and more especially with Halmahera, which was known to the Portuguese by this name during the era of their colonization in this part of the world.</p>\n\n<p>When the Portuguese and Spanish explorers arrived in the island via the Spice Islands, they also referred to the island as Papua.[2] However, the name New Guinea was later used by Westerners starting with the Spanish explorer Y&ntilde;igo Ortiz de Retez in 1545, referring to the similarities of the indigenous people&#39;s appearance with the natives of the Guinea region of Africa.[2] The name is one of several toponyms sharing similar etymologies, ultimately meaning &quot;land of the blacks&quot; or similar meanings, in reference to the dark skin of the inhabitants.</p>\n\n<p>The Dutch, who arrived later under Jacob Le Maire and Willem Schouten, called it Schouten island, but later this name was used only to refer to islands off the north coast of Papua proper, the Schouten Islands or Biak Island. When the Dutch colonized it as part of Netherlands East Indies, they called it Nieuw Guinea.[2]</p>\n\n<p>The name Irian was used in the Indonesian language to refer to the island and Indonesian province, as &quot;Irian Jaya Province&quot;. The name was promoted in 1945 by Marcus Kaisiepo,[1] brother of the future governor Frans Kaisiepo. It is taken from the Biak language of Biak Island, and means &quot;to rise&quot;, or &quot;rising spirit&quot;. Irian is the name used in the Biak language and other languages such as Serui, Merauke and Waropen.[2] The name was used until 2001, when the name Papua was again used for the island and the province. The name Irian, which was originally favored by natives, is now considered to be a name imposed by the authority of Jakarta.[1]</p>\n', NULL, '', 4, '2018-05-31 07:43:22', NULL, NULL, 1, 1, 0),
(20, 2, 'The Avengers Invinity Wars! Spoiler Alert', 'the-avengers-invinity-wars-spoiler-alert', 'Siapa aja yang sudah nonton avengers ni. Sudah tahu siapa saja yang tamat riwayatnya :D. Sharing yuk', '0', NULL, '', 4, '2018-06-02 00:23:18', NULL, NULL, 1, 1, 0),
(21, 2, 'The Avengers Invinity Wars! Spoiler Alert', 'the-avengers-invinity-wars-spoiler-alert', 'As the Avengers and their allies have continued to protect the world from threats!', '0', NULL, '', 4, '2018-06-02 00:48:00', NULL, NULL, 1, 1, 0),
(22, 2, 'Test Upload Video', 'test-upload-video', 'Test Upload Video MP4', '0', NULL, '', 4, '2018-06-02 05:58:22', '2018-06-02 06:04:29', NULL, 1, 1, 1),
(23, 9, 'Test UploadVideo', 'test-uploadvideo', 'Test UploadVideo MP4', '0', '803e073d9e046868d362a3cc2fe7b84e.mp4', 'video/mp4', 4, '2018-06-02 06:07:00', NULL, NULL, 1, 1, 0),
(24, 3, 'Tes Upload MP3', 'tes-upload-mp3', 'Lorem ipsum lorem ipsum dolores mp3 music', '0', 'ef1b907295a71ac1078e126b3f989067.mp3', 'audio/mpeg', 4, '2018-06-02 06:23:20', NULL, NULL, 1, 1, 0),
(25, 8, 'Tes Upload Image', 'tes-upload-image', 'Lorem ipsum imaging lorem ipsum lorem  image ', '0', '003a9bf9c086ee8e1998edfe547d657d.jpg', 'image/jpeg', 4, '2018-06-02 06:26:45', NULL, NULL, 1, 1, 0),
(26, 2, 'Avengers Lagi dan Lagi', 'avengers-lagi-dan-lagi', 'Avengers Lagi dan Lagi tentu saya sangat suka sekali film MCU', '0', 'ef097d184da635e3de3f3a0af1e839c7.jpg', 'image/jpeg', 4, '2018-06-03 19:56:52', NULL, NULL, 1, 1, 0),
(27, 2, 'Antman and The Wasp Coming Soon!', 'antman-and-the-wasp-coming-soon', 'Nonton yuk bareng!!!!', '0', 'cf13b01efcd974cbe3c46821aa7840b2.jpg', 'image/jpeg', 6, '2018-06-04 16:40:43', NULL, NULL, 1, 1, 0);

-- --------------------------------------------------------

--
-- Table structure for table `mdl_forum_category`
--

CREATE TABLE `mdl_forum_category` (
  `CAT_ID` int(11) NOT NULL,
  `CAT_TITLE` varchar(255) NOT NULL,
  `CAT_URI` varchar(100) NOT NULL,
  `IS_CONTENT_TEXT` tinyint(1) NOT NULL,
  `IS_CONTENT_IMAGE` tinyint(1) NOT NULL,
  `IS_CONTENT_AUDIO` tinyint(1) NOT NULL,
  `IS_CONTENT_VIDEO` tinyint(1) NOT NULL,
  `IS_ACTIVE` tinyint(1) NOT NULL
) ENGINE=InnoDB DEFAULT CHARSET=latin1;

--
-- Dumping data for table `mdl_forum_category`
--

INSERT INTO `mdl_forum_category` (`CAT_ID`, `CAT_TITLE`, `CAT_URI`, `IS_CONTENT_TEXT`, `IS_CONTENT_IMAGE`, `IS_CONTENT_AUDIO`, `IS_CONTENT_VIDEO`, `IS_ACTIVE`) VALUES
(1, 'Hangout Places', 'hangout-places', 1, 1, 0, 0, 1),
(2, 'Movies', 'movies', 0, 1, 0, 1, 1),
(3, 'Music', 'music', 0, 0, 1, 0, 1),
(4, 'Tempat Ibadah', 'tempat-ibadah', 1, 1, 0, 0, 1),
(5, 'Perkemahan', 'perkemahan', 1, 1, 0, 0, 1),
(6, 'Memancing', 'memancing', 0, 0, 0, 0, 1),
(7, 'Just Another Category', 'just-another-category', 1, 1, 1, 1, 1),
(8, 'Lesehan', 'lesehan', 0, 1, 0, 0, 1),
(9, 'Kategori Lain', 'kategori-lain', 0, 0, 0, 1, 1);

-- --------------------------------------------------------

--
-- Table structure for table `mdl_gallery`
--

CREATE TABLE `mdl_gallery` (
  `GALL_ID` int(3) NOT NULL,
  `GALL_NAME` varchar(64) NOT NULL,
  `GALL_URI` varchar(64) NOT NULL,
  `GALL_DESC` text NOT NULL,
  `GALL_TEMPLATE` varchar(64) NOT NULL,
  `GALL_TYPE` varchar(100) DEFAULT NULL,
  `GALL_CATEGORY` varchar(100) DEFAULT NULL,
  `GALL_CREATE_BY` varchar(64) NOT NULL,
  `GALL_CREATE_DATE` datetime NOT NULL,
  `GALL_UPDATE_BY` varchar(64) NOT NULL,
  `GALL_UPDATE_DATE` datetime NOT NULL
) ENGINE=InnoDB DEFAULT CHARSET=latin1;

--
-- Dumping data for table `mdl_gallery`
--

INSERT INTO `mdl_gallery` (`GALL_ID`, `GALL_NAME`, `GALL_URI`, `GALL_DESC`, `GALL_TEMPLATE`, `GALL_TYPE`, `GALL_CATEGORY`, `GALL_CREATE_BY`, `GALL_CREATE_DATE`, `GALL_UPDATE_BY`, `GALL_UPDATE_DATE`) VALUES
(1, 'Template Content', 'template-content', 'template untuk content gallery - jangan dihapus', '', NULL, NULL, '1', '2013-08-04 15:09:32', '1', '2013-08-04 15:09:53'),
(4, 'Home Slideshow', 'home-slideshow', '', 'carousel', NULL, NULL, '1', '2014-08-26 22:20:15', '', '0000-00-00 00:00:00'),
(12, 'Standup Bluebird', 'standup-bluebird', 'Standup Bluebird', 'carousel', 'files', '', '1', '2014-08-26 19:11:45', '1', '2018-06-26 09:09:42'),
(13, 'Portfolio Car', 'portfolio-car', 'Best cars 2018', 'carousel', '', '', '1', '2014-08-26 19:12:42', '1', '2018-06-03 10:05:20'),
(14, 'Seru Bareng Bluebird', 'seru-bareng-bluebird', 'Seru Bareng Bluebird', 'carousel', 'files', '', '1', '2014-08-26 19:13:02', '1', '2018-06-26 09:07:25'),
(15, 'Pelatihan Bluebird', 'pelatihan-bluebird', 'Pelatihan Bluebird', 'carousel', 'files', '', '1', '2014-08-26 19:13:20', '1', '2018-06-26 09:03:47'),
(16, 'Aktivitas Karyawan', 'aktivitas-karyawan', 'Merupakan aktivitas kegiatan karyawan Bluebird', 'carousel', 'files', '', '1', '2014-08-26 19:13:39', '1', '2018-06-26 08:52:24'),
(17, 'Slider Homepage', 'slider-homepage', 'Slideshow di halaman depan', 'carousel', NULL, NULL, '1', '2018-04-20 22:20:02', '1', '2018-06-28 22:24:32'),
(18, 'Galeri Video', 'galeri-video', 'Galeri Video Test', 'carousel', 'videos', 'general', '1', '2018-05-13 12:11:45', '1', '2018-06-26 08:57:50'),
(19, 'Gathering Bluebird 2018', 'gathering-bluebird', 'Merupakan Gathering', 'carousel', 'files', 'blue-bird-tbk', '1', '2018-06-04 16:48:18', '1', '2018-06-26 09:02:34');

-- --------------------------------------------------------

--
-- Table structure for table `mdl_gallery_pic`
--

CREATE TABLE `mdl_gallery_pic` (
  `GALL_ID` int(3) NOT NULL,
  `GALL_PIC_ID` int(6) NOT NULL,
  `GALL_PIC_NAME` varchar(64) NOT NULL,
  `GALL_PIC_URI` varchar(64) NOT NULL,
  `GALL_PIC_URL` text NOT NULL,
  `GALL_PIC_PATH` text NOT NULL,
  `GALL_PIC_DESC` text NOT NULL,
  `GALL_PIC_THUMBNAIL` text NOT NULL,
  `GALL_PIC_DEFAULT` int(1) NOT NULL DEFAULT 0 COMMENT 'default image untuk feature gallery, gambar untuk pembuka/gallery',
  `POST_ID` int(3) NOT NULL COMMENT 'id content untuk keterangan lebih lanjut, jika ada berikan link, tidak non linkl',
  `GALL_PIC_CREATE_BY` varchar(32) NOT NULL,
  `GALL_PIC_CREATE_DATE` datetime NOT NULL,
  `GALL_PIC_UPDATE_BY` varchar(32) NOT NULL,
  `GALL_PIC_UPDATE_DATE` datetime NOT NULL
) ENGINE=InnoDB DEFAULT CHARSET=latin1;

--
-- Dumping data for table `mdl_gallery_pic`
--

INSERT INTO `mdl_gallery_pic` (`GALL_ID`, `GALL_PIC_ID`, `GALL_PIC_NAME`, `GALL_PIC_URI`, `GALL_PIC_URL`, `GALL_PIC_PATH`, `GALL_PIC_DESC`, `GALL_PIC_THUMBNAIL`, `GALL_PIC_DEFAULT`, `POST_ID`, `GALL_PIC_CREATE_BY`, `GALL_PIC_CREATE_DATE`, `GALL_PIC_UPDATE_BY`, `GALL_PIC_UPDATE_DATE`) VALUES
(1, 1, 'template 2 columns', 'prod1', '', 'prod1.png', 'template product dengan 2 column\ntiap column dengan sebuah image', '', 0, 31, '1', '2013-08-04 15:25:30', '', '0000-00-00 00:00:00'),
(1, 2, 'template 1 column', 'prod2', '', 'prod2.png', 'template 1 image besar dengar text dibawah nya', '', 0, 32, '1', '2013-08-04 15:35:17', '', '0000-00-00 00:00:00'),
(1, 3, 'template 2 rows', 'prod3', '', 'prod3.png', 'row pertama berisi 3 gambar\nrow kedua text', '', 0, 33, '1', '2013-08-04 15:36:04', '', '0000-00-00 00:00:00'),
(4, 29, 'image1', 'image1', '', 'header-bg.jpg', '', '', 1, 0, '1', '2014-08-28 05:21:09', '', '0000-00-00 00:00:00'),
(4, 30, 'image2', 'image2', '', '1396540683_beautiful_cycle_photography.jpg', '', '', 0, 0, '1', '2014-08-26 22:20:57', '', '0000-00-00 00:00:00'),
(4, 31, 'image3', 'image3', '', 'photography-camera-lovecamera-love-heart-photography-wallpaper---250376-l9decrd1.jpg', '', '', 0, 0, '1', '2014-08-26 22:21:27', '', '0000-00-00 00:00:00'),
(13, 53, 'Karyawan Bluebird', 'karyawan-bluebird', '', '2.jpg', 'Karyawan Bluebird', '', 1, 116, '1', '2018-05-15 09:05:33', '', '0000-00-00 00:00:00'),
(13, 54, 'Karyawan Bluebird', 'karyawan-bluebird', '', '2.jpg', 'Karyawan Bluebird', '', 0, 117, '1', '2018-05-15 09:03:23', '', '0000-00-00 00:00:00'),
(13, 55, 'Karyawan Bluebird', 'karyawan-bluebird', '', 'bluebird-welcome-opt.jpg', 'Karyawan Bluebird', '', 0, 118, '1', '2018-05-15 09:03:31', '', '0000-00-00 00:00:00'),
(14, 56, 'Karyawan Bluebird', 'karyawan-bluebird', '', '1.jpg', 'Karyawan Bluebird', '', 0, 119, '1', '2018-05-15 09:02:43', '', '0000-00-00 00:00:00'),
(14, 57, 'Karyawan Bluebird', 'karyawan-bluebird', '', '2.jpg', 'Karyawan Bluebird', '', 0, 120, '1', '2018-05-15 09:02:47', '', '0000-00-00 00:00:00'),
(14, 58, 'Karyawan Bluebird', 'karyawan-bluebird', '', 'bluebird-welcome-opt.jpg', 'Karyawan Bluebird', '', 1, 121, '1', '2018-05-15 09:02:56', '', '0000-00-00 00:00:00'),
(15, 60, 'Karyawan Bluebird', 'karyawan-bluebird', '', '1.jpg', 'Karyawan Bluebird', '', 0, 0, '1', '2018-05-15 09:02:00', '', '0000-00-00 00:00:00'),
(15, 61, 'Karyawan Bluebird', 'karyawan-bluebird', '', 'bluebird-welcome-opt.jpg', 'Karyawan Bluebird', '', 0, 0, '1', '2018-05-15 09:02:08', '', '0000-00-00 00:00:00'),
(17, 68, 'Basic HR Management', 'basic-hr-management', 'https://twitter.com/', 'new-1.jpg', 'Basic Human Resources Management adalah workshop yang diadakan oleh HRD Department.', 'new-11.jpg', 0, 0, '1', '2018-06-28 22:23:45', '', '0000-00-00 00:00:00'),
(17, 70, 'Bluebird Portal', 'bluebird-portal', 'https://google.com', 'new-3.jpg', 'Merupakan aplikasi web yang digunakan karyawan untuk mengetahui updates informasi karyawan.', 'new-31.jpg', 1, 0, '1', '2018-06-28 22:23:52', '', '0000-00-00 00:00:00'),
(16, 72, 'Bluebird ', 'bluebird-', '', '1.jpg', 'Karyawab Bluebird', '', 0, 0, '1', '2018-05-15 09:01:06', '', '0000-00-00 00:00:00'),
(13, 73, 'Karyawan Bluebird', 'karyawan-bluebird', '', '1.jpg', 'Karyawan Bluebird', '', 0, 0, '1', '2018-05-15 09:03:46', '', '0000-00-00 00:00:00'),
(13, 74, 'Karyawan Bluebird', 'karyawan-bluebird', '', '2.jpg', 'Karyawan Bluebird', '', 0, 0, '1', '2018-05-15 09:04:05', '', '0000-00-00 00:00:00'),
(13, 75, 'Karyawan Bluebird', 'karyawan-bluebird', '', 'bluebird-welcome-opt.jpg', 'Karyawan Bluebird', '', 0, 0, '1', '2018-05-15 09:04:13', '', '0000-00-00 00:00:00'),
(13, 76, 'Karyawan Bluebird', 'karyawan-bluebird', '', '1.jpg', 'Karyawan Bluebird', '', 0, 0, '1', '2018-05-15 09:04:21', '', '0000-00-00 00:00:00'),
(13, 77, 'Karyawan Bluebird', 'karyawan-bluebird', '', '2.jpg', 'Karyawan Bluebird', '', 0, 0, '1', '2018-05-15 09:04:29', '', '0000-00-00 00:00:00'),
(13, 78, 'Karyawan Bluebird', 'karyawan-bluebird', '', 'bluebird-welcome-opt.jpg', 'Karyawan Bluebird', '', 0, 0, '1', '2018-05-15 09:04:44', '', '0000-00-00 00:00:00'),
(13, 79, 'Karyawan Bluebird', 'karyawan-bluebird', '', '1.jpg', 'Karyawan Bluebird', '', 0, 0, '1', '2018-05-15 09:04:53', '', '0000-00-00 00:00:00'),
(18, 80, 'Aktivitas Karyawan Bluebird', 'aktivitas-karyawan-bluebird', '', 'Easy_Ride-Fitur_Baru_My_Blue_Bird.mp4', 'Aktivitas Karyawan Bluebird', '1-12.jpg', 1, 0, '1', '2018-06-26 08:57:50', '', '0000-00-00 00:00:00'),
(17, 81, 'Birdbagi Forum', 'birdbagi-forum', 'https://github.com/', 'new-2.jpg', 'Ikutan berbagi informasi berupa gambar, video, dan status kamu di Birdbagi Forum.', 'new-21.jpg', 0, 0, '1', '2018-06-28 22:24:07', '', '0000-00-00 00:00:00'),
(13, 83, 'Avengers Team', 'avengers-team', '', 'download.jpg', 'Avengers Team', 'download2.jpg', 0, 0, '1', '2018-06-03 10:05:20', '', '0000-00-00 00:00:00'),
(19, 86, 'Gathering Bluebird 2018', 'gathering-bluebird-2018', '', '1219.jpg', 'Gathering', '12192.jpg', 0, 0, '1', '2018-06-26 09:00:15', '', '0000-00-00 00:00:00'),
(19, 87, 'Aktivitas Karyawan Bluebird', 'aktivitas-karyawan-bluebird', '', '1211.jpg', 'Aktivitas Karyawan Bluebird', '12111.jpg', 0, 0, '1', '2018-06-26 09:01:25', '', '0000-00-00 00:00:00'),
(17, 91, 'Jadwal Training', 'jadwal-training', 'https://git-scm.com/', 'new-4.jpg', 'Dapatkan informasi mengenai Training HRD. Silahkan menghubungi HRD terkait Training.', 'new-41.jpg', 0, 0, '1', '2018-06-28 22:24:32', '', '0000-00-00 00:00:00'),
(19, 92, 'Pelayanan Bluebird', 'pelayanan-bluebird', '', 'test-1-bb.jpg', 'Pelayanan Bluebird', 'test-1-bb2.jpg', 0, 0, '1', '2018-06-25 10:53:22', '', '0000-00-00 00:00:00'),
(16, 93, 'Diskusi Karyawan Bluebird', 'diskusi-karyawan-bluebird', '', '1.JPG', 'Diskusi Karyawan Bluebird', '11.JPG', 0, 0, '1', '2018-06-26 08:52:24', '', '0000-00-00 00:00:00'),
(19, 94, 'Aktivitas Karyawan Bluebird', 'aktivitas-karyawan-bluebird', '', '1219.jpg', 'Aktivitas Karyawan Bluebird', '12196.jpg', 1, 0, '1', '2018-06-26 09:02:34', '', '0000-00-00 00:00:00'),
(15, 95, 'Pelatihan Karyawan Bluebird', 'pelatihan-karyawan-bluebird', '', '1212.jpg', 'Pelatihan Karyawan Bluebird', '12121.jpg', 0, 0, '1', '2018-06-26 09:03:47', '', '0000-00-00 00:00:00'),
(12, 96, 'Standup Bluebird', 'standup-bluebird', '', '1-121.jpg', 'Standup Bluebird', '1-1211.jpg', 1, 0, '1', '2018-06-26 09:09:42', '', '0000-00-00 00:00:00');

-- --------------------------------------------------------

--
-- Table structure for table `mdl_info`
--

CREATE TABLE `mdl_info` (
  `info_id` int(5) NOT NULL,
  `category` varchar(32) NOT NULL,
  `title` varchar(128) NOT NULL,
  `description` text NOT NULL,
  `file` text NOT NULL
) ENGINE=InnoDB DEFAULT CHARSET=latin1;

--
-- Dumping data for table `mdl_info`
--

INSERT INTO `mdl_info` (`info_id`, `category`, `title`, `description`, `file`) VALUES
(18, '4', 'Rekrutmen (Recruitment) Blue Bird Tbk', 'Informasi mengenai Rekrutmen (Recruitment) Blue Bird Tbk.', 'dummy9.pdf'),
(19, '4', 'Karyawan Baru (On Boarding) Blue Bird Tbk', 'Informasi mengenai Karyawan Baru (On Boarding) Blue Bird Tbk', 'dummy10.pdf'),
(20, '4', 'Masa Percobaan (Probationary Period) Blue Bird Tbk', 'Informasi mengenai Masa Percobaan (Probationary Period) Blue Bird Tbk', 'dummy11.pdf'),
(22, '4', 'Manajemen Kinerja (Performance Management) Blue Bird Tbk', 'Informasi mengenai Manajemen Kinerja (Performance Management)', 'dummy13.pdf'),
(23, '4', 'Rating Calibration Blue Bird Tbk', 'Informasi mengenai Rating Calibration Blue Bird Tbk', 'dummy14.pdf'),
(24, '4', 'Talent Mapping Blue Bird Tbk', 'Informasi mengenai Talent Mapping Blue Bird Tbk', 'dummy15.pdf'),
(25, '4', 'Medical Blue Bird Tbk', 'Informasi mengenai Medical Blue Bird Tbk', 'dummy16.pdf'),
(26, '4', 'BPJS Ketenagakerjaan Blue Bird Tbk', 'Informasi mengenai BPJS Ketenagakerjaan Blue Bird Tbk', 'dummy17.pdf'),
(27, '4', 'Aturan Kehadiran & Ketidakhadiran Blue Bird Tbk', 'Informasi mengenai Aturan Kehadiran & Ketidakhadiran Blue Bird Tbk', 'dummy18.pdf'),
(28, '4', 'Prosedur Pengunduran Diri Blue Bird Tbk', 'Informasi mengenai Prosedur Pengunduran Diri Blue Bird Tbk', 'dummy19.pdf'),
(29, '5', 'Formulir Aplikasi (Application Form)', 'Informasi mengenai Formulir Aplikasi (Application Form)', 'dummy20.pdf'),
(30, '5', 'Bio Data Karyawan (Employee Data)', 'Informasi mengenai Bio Data Karyawan (Employee Data)', 'dummy21.pdf'),
(31, '6', 'Knowledge Management', 'Informasi mengenai Knowledge Management', 'dummy22.pdf'),
(32, '6', 'Pengumuman Learning Events', 'Informasi mengenai Pengumuman Learning Events', 'dummy23.pdf');

-- --------------------------------------------------------

--
-- Table structure for table `mdl_info_role`
--

CREATE TABLE `mdl_info_role` (
  `info_id` int(5) NOT NULL,
  `company_id` varchar(2) NOT NULL,
  `jabatan_id` varchar(2) NOT NULL
) ENGINE=InnoDB DEFAULT CHARSET=latin1;

--
-- Dumping data for table `mdl_info_role`
--

INSERT INTO `mdl_info_role` (`info_id`, `company_id`, `jabatan_id`) VALUES
(6, '4', '1'),
(10, '1', '1'),
(10, '1', '2'),
(10, '1', '3'),
(10, '1', '4'),
(10, '1', '5'),
(10, '1', '6'),
(10, '1', '7'),
(10, '2', '1'),
(10, '2', '2'),
(10, '2', '3'),
(10, '2', '4'),
(10, '2', '5'),
(10, '2', '6'),
(10, '2', '7'),
(10, '3', '1'),
(10, '3', '2'),
(10, '3', '3'),
(10, '3', '4'),
(10, '3', '5'),
(10, '3', '6'),
(10, '3', '7'),
(10, '4', '1'),
(10, '4', '2'),
(10, '4', '3'),
(10, '4', '4'),
(10, '4', '5'),
(10, '4', '6'),
(10, '4', '7'),
(10, '5', '1'),
(10, '5', '2'),
(10, '5', '3'),
(10, '5', '4'),
(10, '5', '5'),
(10, '5', '6'),
(10, '5', '7'),
(10, '6', '1'),
(10, '6', '2'),
(10, '6', '3'),
(10, '6', '4'),
(10, '6', '5'),
(10, '6', '6'),
(10, '6', '7'),
(10, '7', '1'),
(10, '7', '2'),
(10, '7', '3'),
(10, '7', '4'),
(10, '7', '5'),
(10, '7', '6'),
(10, '7', '7'),
(10, '8', '1'),
(10, '8', '2'),
(10, '8', '3'),
(10, '8', '4'),
(10, '8', '5'),
(10, '8', '6'),
(10, '8', '7'),
(10, '9', '1'),
(10, '9', '2'),
(10, '9', '3'),
(10, '9', '4'),
(10, '9', '5'),
(10, '9', '6'),
(10, '9', '7'),
(2, '1', '1'),
(2, '1', '7'),
(2, '10', '1'),
(2, '10', '7'),
(4, '1', '1'),
(4, '1', '2'),
(4, '1', '6'),
(4, '2', '1'),
(4, '2', '2'),
(4, '2', '6'),
(4, '3', '1'),
(4, '3', '2'),
(4, '3', '6'),
(4, '10', '1'),
(4, '10', '2'),
(4, '10', '6'),
(4, '11', '1'),
(4, '11', '2'),
(4, '11', '6'),
(4, '12', '1'),
(4, '12', '2'),
(4, '12', '6'),
(9, '1', '3'),
(9, '1', '8'),
(9, '1', '9'),
(9, '6', '3'),
(9, '6', '8'),
(9, '6', '9'),
(9, '9', '3'),
(9, '9', '8'),
(9, '9', '9'),
(13, '1', '11'),
(14, '1', '1'),
(14, '1', '2'),
(14, '2', '1'),
(14, '2', '2'),
(14, '3', '1'),
(14, '3', '2'),
(14, '4', '1'),
(14, '4', '2'),
(15, '1', '1'),
(15, '1', '2'),
(15, '1', '3'),
(15, '1', '4'),
(15, '2', '1'),
(15, '2', '2'),
(15, '2', '3'),
(15, '2', '4'),
(15, '4', '1'),
(15, '4', '2'),
(15, '4', '3'),
(15, '4', '4'),
(8, '1', '2'),
(8, '9', '2'),
(3, '1', '7'),
(12, '1', '11'),
(11, '1', '1'),
(11, '1', '2'),
(11, '1', '3'),
(11, '1', '4'),
(11, '1', '5'),
(11, '1', '6'),
(11, '1', '7'),
(11, '1', '8'),
(11, '1', '9'),
(11, '1', '10'),
(11, '1', '11'),
(11, '1', '12'),
(11, '2', '1'),
(11, '2', '2'),
(11, '2', '3'),
(11, '2', '4'),
(11, '2', '5'),
(11, '2', '6'),
(11, '2', '7'),
(11, '2', '8'),
(11, '2', '9'),
(11, '2', '10'),
(11, '2', '11'),
(11, '2', '12'),
(11, '3', '1'),
(11, '3', '2'),
(11, '3', '3'),
(11, '3', '4'),
(11, '3', '5'),
(11, '3', '6'),
(11, '3', '7'),
(11, '3', '8'),
(11, '3', '9'),
(11, '3', '10'),
(11, '3', '11'),
(11, '3', '12'),
(11, '4', '1'),
(11, '4', '2'),
(11, '4', '3'),
(11, '4', '4'),
(11, '4', '5'),
(11, '4', '6'),
(11, '4', '7'),
(11, '4', '8'),
(11, '4', '9'),
(11, '4', '10'),
(11, '4', '11'),
(11, '4', '12'),
(11, '5', '1'),
(11, '5', '2'),
(11, '5', '3'),
(11, '5', '4'),
(11, '5', '5'),
(11, '5', '6'),
(11, '5', '7'),
(11, '5', '8'),
(11, '5', '9'),
(11, '5', '10'),
(11, '5', '11'),
(11, '5', '12'),
(17, '1', '1'),
(17, '1', '2'),
(17, '1', '3'),
(17, '1', '4'),
(17, '1', '5'),
(17, '1', '6'),
(17, '1', '7'),
(17, '1', '8'),
(17, '1', '9'),
(17, '1', '10'),
(17, '1', '11'),
(17, '1', '12'),
(17, '3', '1'),
(17, '3', '2'),
(17, '3', '3'),
(17, '3', '4'),
(17, '3', '5'),
(17, '3', '6'),
(17, '3', '7'),
(17, '3', '8'),
(17, '3', '9'),
(17, '3', '10'),
(17, '3', '11'),
(17, '3', '12'),
(17, '4', '1'),
(17, '4', '2'),
(17, '4', '3'),
(17, '4', '4'),
(17, '4', '5'),
(17, '4', '6'),
(17, '4', '7'),
(17, '4', '8'),
(17, '4', '9'),
(17, '4', '10'),
(17, '4', '11'),
(17, '4', '12'),
(16, '1', '1'),
(16, '1', '2'),
(16, '1', '3'),
(16, '1', '4'),
(16, '1', '5'),
(16, '1', '6'),
(16, '1', '7'),
(16, '1', '8'),
(16, '1', '9'),
(16, '1', '10'),
(16, '1', '11'),
(16, '1', '12'),
(16, '2', '1'),
(16, '2', '2'),
(16, '2', '3'),
(16, '2', '4'),
(16, '2', '5'),
(16, '2', '6'),
(16, '2', '7'),
(16, '2', '8'),
(16, '2', '9'),
(16, '2', '10'),
(16, '2', '11'),
(16, '2', '12'),
(16, '3', '1'),
(16, '3', '2'),
(16, '3', '3'),
(16, '3', '4'),
(16, '3', '5'),
(16, '3', '6'),
(16, '3', '7'),
(16, '3', '8'),
(16, '3', '9'),
(16, '3', '10'),
(16, '3', '11'),
(16, '3', '12'),
(16, '4', '1'),
(16, '4', '2'),
(16, '4', '3'),
(16, '4', '4'),
(16, '4', '5'),
(16, '4', '6'),
(16, '4', '7'),
(16, '4', '8'),
(16, '4', '9'),
(16, '4', '10'),
(16, '4', '11'),
(16, '4', '12'),
(16, '5', '1'),
(16, '5', '2'),
(16, '5', '3'),
(16, '5', '4'),
(16, '5', '5'),
(16, '5', '6'),
(16, '5', '7'),
(16, '5', '8'),
(16, '5', '9'),
(16, '5', '10'),
(16, '5', '11'),
(16, '5', '12'),
(18, '1', '1'),
(18, '1', '2'),
(18, '1', '3'),
(18, '1', '4'),
(18, '1', '5'),
(18, '1', '6'),
(18, '1', '7'),
(18, '1', '8'),
(18, '1', '9'),
(18, '1', '10'),
(18, '1', '11'),
(18, '1', '12'),
(19, '1', '1'),
(19, '1', '2'),
(19, '1', '3'),
(19, '1', '4'),
(19, '1', '5'),
(19, '1', '6'),
(20, '1', '1'),
(20, '1', '2'),
(20, '1', '3'),
(20, '1', '4'),
(20, '1', '5'),
(20, '1', '6'),
(21, '1', '1'),
(21, '1', '2'),
(21, '1', '3'),
(21, '1', '4'),
(21, '1', '5'),
(21, '1', '6'),
(22, '1', '1'),
(22, '1', '2'),
(22, '1', '3'),
(22, '1', '4'),
(22, '1', '5'),
(22, '1', '6'),
(23, '1', '1'),
(23, '1', '2'),
(23, '1', '3'),
(23, '1', '4'),
(23, '1', '5'),
(23, '1', '6'),
(24, '1', '1'),
(24, '1', '2'),
(24, '1', '3'),
(24, '1', '4'),
(24, '1', '5'),
(24, '1', '6'),
(25, '1', '1'),
(25, '1', '2'),
(25, '1', '3'),
(25, '1', '4'),
(25, '1', '5'),
(25, '1', '6'),
(26, '1', '1'),
(26, '1', '2'),
(26, '1', '3'),
(26, '1', '4'),
(26, '1', '5'),
(26, '1', '6'),
(27, '1', '1'),
(27, '1', '2'),
(27, '1', '3'),
(27, '1', '4'),
(27, '1', '5'),
(27, '1', '6'),
(28, '1', '1'),
(28, '1', '2'),
(28, '1', '3'),
(28, '1', '4'),
(28, '1', '5'),
(28, '1', '6'),
(29, '1', '1'),
(29, '1', '2'),
(29, '1', '3'),
(29, '1', '4'),
(29, '1', '5'),
(29, '1', '6'),
(29, '2', '1'),
(29, '2', '2'),
(29, '2', '3'),
(29, '2', '4'),
(29, '2', '5'),
(29, '2', '6'),
(29, '3', '1'),
(29, '3', '2'),
(29, '3', '3'),
(29, '3', '4'),
(29, '3', '5'),
(29, '3', '6'),
(29, '4', '1'),
(29, '4', '2'),
(29, '4', '3'),
(29, '4', '4'),
(29, '4', '5'),
(29, '4', '6'),
(30, '1', '1'),
(30, '1', '2'),
(30, '1', '3'),
(30, '1', '4'),
(30, '1', '5'),
(30, '1', '6'),
(31, '1', '1'),
(31, '1', '2'),
(31, '1', '3'),
(31, '1', '4'),
(31, '1', '5'),
(31, '1', '6'),
(32, '1', '1'),
(32, '1', '2'),
(32, '1', '3'),
(32, '1', '4'),
(32, '1', '5'),
(32, '1', '6');

-- --------------------------------------------------------

--
-- Table structure for table `mdl_logs`
--

CREATE TABLE `mdl_logs` (
  `id_log` int(11) NOT NULL,
  `user_id` int(6) NOT NULL,
  `name` varchar(64) NOT NULL,
  `email` varchar(128) NOT NULL,
  `ip` varchar(15) NOT NULL,
  `tgl` timestamp NOT NULL DEFAULT current_timestamp() ON UPDATE current_timestamp(),
  `msg` text DEFAULT NULL COMMENT 'ini bisa berisi keterangan apa saja'
) ENGINE=InnoDB DEFAULT CHARSET=latin1;

--
-- Dumping data for table `mdl_logs`
--

INSERT INTO `mdl_logs` (`id_log`, `user_id`, `name`, `email`, `ip`, `tgl`, `msg`) VALUES
(994, 4, 'sevira98@gmail.com', 'sevira98@gmail.com', '180.245.27.85', '2018-06-21 04:42:21', 'user login'),
(995, 1, 'admin', '0', '180.245.27.85', '2018-06-21 04:47:03', 'user login'),
(996, 1, 'admin', '0', '202.47.68.173', '2018-06-21 06:57:25', 'user login'),
(997, 29, 'ahmad.ilham', 'ahmad.ilham@bluebirdgroup.com', '202.47.68.173', '2018-06-21 07:00:48', 'user login'),
(998, 1, 'admin', '0', '202.47.68.173', '2018-06-21 07:01:01', 'user login'),
(999, 38, 'indrijati.rahayoe', '', '202.47.68.173', '2018-06-21 07:01:53', 'user login'),
(1000, 1, 'admin', '0', '202.47.68.173', '2018-06-21 07:02:06', 'user login'),
(1001, 1, 'admin', '0', '202.47.68.173', '2018-06-21 07:04:47', 'user login'),
(1002, 38, 'indrijati.rahayoe', '', '202.47.68.173', '2018-06-21 07:06:19', 'user login'),
(1003, 1, 'admin', '0', '202.47.68.173', '2018-06-21 07:06:51', 'user login'),
(1004, 1, 'admin', '0', '202.47.68.173', '2018-06-21 07:07:51', 'user login'),
(1005, 36, 'mutiara.dewi', ' mutiara.dewi@bluebirdgroup.com', '202.47.68.173', '2018-06-21 07:08:27', 'user login'),
(1006, 1, 'admin', '0', '202.47.68.173', '2018-06-21 07:09:12', 'user login'),
(1007, 1, 'admin', '0', '202.47.68.173', '2018-06-21 07:10:04', 'user login'),
(1008, 1, 'admin', '0', '202.47.68.173', '2018-06-21 07:31:59', 'user login'),
(1009, 10, 'mrcglobal.id24@gmail.com', 'mrcglobal.id24@gmail.com', '202.47.68.173', '2018-06-21 07:32:43', 'user login'),
(1010, 1, 'admin', '0', '202.47.68.173', '2018-06-21 07:36:44', 'user login'),
(1011, 8, 'dionfernando@gmail.com', 'dionfernando@gmail.com', '202.47.68.173', '2018-06-21 08:09:36', 'user login'),
(1012, 4, 'sevira98@gmail.com', 'sevira98@gmail.com', '180.245.27.85', '2018-06-21 08:32:48', 'user login'),
(1013, 1, 'admin', '0', '180.245.27.85', '2018-06-21 08:34:28', 'user login'),
(1014, 1, 'admin', '0', '202.137.11.114', '2018-06-21 08:49:50', 'user login'),
(1015, 1, 'admin', '0', '202.47.68.173', '2018-06-21 08:52:20', 'user login'),
(1016, 6, 'mrcglobal.id@gmail.com', 'mrcglobal.id@gmail.com', '112.215.152.41', '2018-06-21 09:02:50', 'user login'),
(1017, 6, 'mrcglobal.id@gmail.com', 'mrcglobal.id@gmail.com', '202.137.11.114', '2018-06-21 09:07:32', 'user login'),
(1018, 6, 'mrcglobal.id@gmail.com', 'mrcglobal.id@gmail.com', '112.215.152.41', '2018-06-21 09:07:34', 'user login'),
(1019, 32, ' lisa.qonita', 'lisa.qonita@bluebirdgroup.com', '202.47.68.173', '2018-06-21 09:18:13', 'user login'),
(1020, 29, 'ahmad.ilham', 'ahmad.ilham@bluebirdgroup.com', '202.47.68.173', '2018-06-21 09:45:02', 'user login'),
(1021, 4, 'sevira98@gmail.com', 'sevira98@gmail.com', '112.215.45.46', '2018-06-21 11:29:31', 'user login'),
(1022, 1, 'admin', '0', '112.215.45.46', '2018-06-21 11:32:36', 'user login'),
(1023, 4, 'sevira98@gmail.com', 'sevira98@gmail.com', '112.215.45.46', '2018-06-21 11:36:47', 'user login'),
(1024, 1, 'admin', '0', '112.215.45.46', '2018-06-21 11:37:37', 'user login'),
(1025, 4, 'sevira98@gmail.com', 'sevira98@gmail.com', '112.215.45.46', '2018-06-21 11:38:20', 'user login'),
(1026, 1, 'admin', '0', '112.215.45.46', '2018-06-21 11:39:36', 'user login'),
(1027, 1, 'admin', '0', '180.245.27.85', '2018-06-21 13:16:08', 'user login'),
(1028, 4, 'sevira98@gmail.com', 'sevira98@gmail.com', '112.215.45.46', '2018-06-21 14:23:31', 'user login'),
(1029, 1, 'admin', '0', '112.215.45.46', '2018-06-21 15:23:51', 'user login'),
(1030, 4, 'sevira98@gmail.com', 'sevira98@gmail.com', '112.215.152.41', '2018-06-21 17:20:00', 'user login'),
(1031, 1, 'admin', '0', '112.215.152.41', '2018-06-21 17:20:15', 'user login'),
(1032, 4, 'sevira98@gmail.com', 'sevira98@gmail.com', '112.215.152.41', '2018-06-21 17:40:59', 'user login'),
(1033, 6, 'mrcglobal.id@gmail.com', 'mrcglobal.id@gmail.com', '112.215.152.41', '2018-06-21 17:42:17', 'user login'),
(1034, 4, 'sevira98@gmail.com', 'sevira98@gmail.com', '112.215.45.46', '2018-06-21 17:45:12', 'user login'),
(1035, 1, 'admin', '0', '112.215.45.46', '2018-06-21 17:48:08', 'user login'),
(1036, 4, 'sevira98@gmail.com', 'sevira98@gmail.com', '112.215.152.41', '2018-06-21 17:52:10', 'user login'),
(1037, 1, 'admin', '0', '180.244.233.84', '2018-06-22 02:01:01', 'user login'),
(1038, 1, 'admin', '0', '202.47.68.173', '2018-06-22 02:35:10', 'user login'),
(1039, 1, 'admin', '0', '112.215.170.242', '2018-06-22 02:38:27', 'user login'),
(1040, 4, 'sevira98@gmail.com', 'sevira98@gmail.com', '112.215.170.242', '2018-06-22 02:56:30', 'user login'),
(1041, 1, 'admin', '0', '112.215.170.242', '2018-06-22 02:57:25', 'user login'),
(1042, 8, 'dionfernando@gmail.com', 'dionfernando@gmail.com', '202.47.68.173', '2018-06-22 03:25:13', 'user login'),
(1043, 4, 'sevira98@gmail.com', 'sevira98@gmail.com', '112.215.170.242', '2018-06-22 03:49:52', 'user login'),
(1044, 1, 'admin', '0', '112.215.170.242', '2018-06-22 03:52:42', 'user login'),
(1045, 4, 'sevira98@gmail.com', 'sevira98@gmail.com', '112.215.170.242', '2018-06-22 03:54:20', 'user login'),
(1046, 1, 'admin', '0', '112.215.170.242', '2018-06-22 03:54:54', 'user login'),
(1047, 4, 'sevira98@gmail.com', 'sevira98@gmail.com', '112.215.170.242', '2018-06-22 03:55:53', 'user login'),
(1048, 1, 'admin', '0', '112.215.170.242', '2018-06-22 04:03:48', 'user login'),
(1049, 4, 'sevira98@gmail.com', 'sevira98@gmail.com', '112.215.170.242', '2018-06-22 04:07:03', 'user login'),
(1050, 1, 'admin', '0', '112.215.170.242', '2018-06-22 04:10:29', 'user login'),
(1051, 4, 'sevira98@gmail.com', 'sevira98@gmail.com', '112.215.170.242', '2018-06-22 05:28:29', 'user login'),
(1052, 1, 'admin', '0', '112.215.170.242', '2018-06-22 05:28:58', 'user login'),
(1053, 4, 'sevira98@gmail.com', 'sevira98@gmail.com', '112.215.170.242', '2018-06-22 06:42:05', 'user login'),
(1054, 1, 'admin', '0', '202.47.68.173', '2018-06-22 07:52:32', 'user login'),
(1055, 1, 'admin', '0', '175.106.9.3', '2018-06-22 07:59:19', 'user login'),
(1056, 4, 'sevira98@gmail.com', 'sevira98@gmail.com', '175.106.9.3', '2018-06-22 07:59:37', 'user login'),
(1057, 32, ' lisa.qonita', 'lisa.qonita@bluebirdgroup.com', '202.47.68.173', '2018-06-22 08:17:01', 'user login'),
(1058, 4, 'sevira98@gmail.com', 'sevira98@gmail.com', '175.106.9.3', '2018-06-22 08:34:06', 'user login'),
(1059, 1, 'admin', '0', '180.244.233.84', '2018-06-22 08:52:54', 'user login'),
(1060, 1, 'admin', '0', '175.106.9.3', '2018-06-22 09:17:53', 'user login'),
(1061, 4, 'sevira98@gmail.com', 'sevira98@gmail.com', '175.106.9.3', '2018-06-22 09:18:06', 'user login'),
(1062, 1, 'admin', '0', '202.47.68.173', '2018-06-22 10:05:15', 'user login'),
(1063, 29, 'ahmad.ilham', 'ahmad.ilham@bluebirdgroup.com', '202.47.68.173', '2018-06-22 10:05:54', 'user login'),
(1064, 10, 'mrcglobal.id24@gmail.com', 'mrcglobal.id24@gmail.com', '202.47.68.173', '2018-06-22 10:06:39', 'user login'),
(1065, 4, 'sevira98@gmail.com', 'sevira98@gmail.com', '112.215.171.48', '2018-06-22 10:52:11', 'user login'),
(1066, 1, 'admin', '0', '175.106.9.3', '2018-06-22 11:18:23', 'user login'),
(1067, 1, 'admin', '0', '180.244.233.84', '2018-06-22 12:47:21', 'user login'),
(1068, 1, 'admin', '0', '112.215.200.32', '2018-06-22 22:01:44', 'user login'),
(1069, 4, 'sevira98@gmail.com', 'sevira98@gmail.com', '112.215.200.32', '2018-06-22 22:18:29', 'user login'),
(1070, 4, 'sevira98@gmail.com', 'sevira98@gmail.com', '112.215.200.32', '2018-06-22 22:23:47', 'user login'),
(1071, 1, 'admin', '0', '112.215.200.32', '2018-06-22 22:23:57', 'user login'),
(1072, 4, 'sevira98@gmail.com', 'sevira98@gmail.com', '112.215.200.32', '2018-06-22 22:25:21', 'user login'),
(1073, 1, 'admin', '0', '112.215.200.32', '2018-06-22 22:48:12', 'user login'),
(1074, 4, 'sevira98@gmail.com', 'sevira98@gmail.com', '112.215.200.32', '2018-06-22 22:49:21', 'user login'),
(1075, 1, 'admin', '0', '112.215.200.32', '2018-06-22 22:49:45', 'user login'),
(1076, 4, 'sevira98@gmail.com', 'sevira98@gmail.com', '112.215.200.32', '2018-06-22 22:50:22', 'user login'),
(1077, 1, 'admin', '0', '112.215.200.32', '2018-06-22 22:51:02', 'user login'),
(1078, 4, 'sevira98@gmail.com', 'sevira98@gmail.com', '112.215.200.32', '2018-06-22 22:54:49', 'user login'),
(1079, 4, 'sevira98@gmail.com', 'sevira98@gmail.com', '180.245.27.85', '2018-06-22 23:35:42', 'user login'),
(1080, 4, 'sevira98@gmail.com', 'sevira98@gmail.com', '112.215.200.32', '2018-06-23 00:19:59', 'user login'),
(1081, 1, 'admin', '0', '112.215.200.32', '2018-06-23 01:20:13', 'user login'),
(1082, 4, 'sevira98@gmail.com', 'sevira98@gmail.com', '112.215.200.32', '2018-06-23 01:21:01', 'user login'),
(1083, 1, 'admin', '0', '112.215.200.32', '2018-06-23 01:24:10', 'user login'),
(1084, 4, 'sevira98@gmail.com', 'sevira98@gmail.com', '112.215.200.32', '2018-06-23 01:25:33', 'user login'),
(1085, 1, 'admin', '0', '112.215.200.32', '2018-06-23 01:29:42', 'user login'),
(1086, 4, 'sevira98@gmail.com', 'sevira98@gmail.com', '112.215.200.32', '2018-06-23 01:30:40', 'user login'),
(1087, 1, 'admin', '0', '112.215.200.32', '2018-06-23 01:31:34', 'user login'),
(1088, 4, 'sevira98@gmail.com', 'sevira98@gmail.com', '112.215.200.32', '2018-06-23 01:37:47', 'user login'),
(1089, 4, 'sevira98@gmail.com', 'sevira98@gmail.com', '112.215.200.32', '2018-06-23 02:26:16', 'user login'),
(1090, 1, 'admin', '0', '112.215.200.32', '2018-06-23 03:33:13', 'user login'),
(1091, 4, 'sevira98@gmail.com', 'sevira98@gmail.com', '112.215.200.32', '2018-06-23 03:33:45', 'user login'),
(1092, 1, 'admin', '0', '112.215.200.32', '2018-06-23 04:14:13', 'user login'),
(1093, 4, 'sevira98@gmail.com', 'sevira98@gmail.com', '112.215.200.32', '2018-06-23 04:29:11', 'user login'),
(1094, 1, 'admin', '0', '112.215.200.32', '2018-06-23 05:33:42', 'user login'),
(1095, 1, 'admin', '0', '180.244.233.114', '2018-06-23 05:34:30', 'user login'),
(1096, 4, 'sevira98@gmail.com', 'sevira98@gmail.com', '112.215.200.32', '2018-06-23 06:06:40', 'user login'),
(1097, 1, 'admin', '0', '112.215.200.32', '2018-06-23 06:08:19', 'user login'),
(1098, 4, 'sevira98@gmail.com', 'sevira98@gmail.com', '112.215.200.32', '2018-06-23 06:09:08', 'user login'),
(1099, 1, 'admin', '0', '112.215.200.32', '2018-06-23 06:09:36', 'user login'),
(1100, 4, 'sevira98@gmail.com', 'sevira98@gmail.com', '112.215.200.32', '2018-06-23 06:10:32', 'user login'),
(1101, 1, 'admin', '0', '112.215.200.32', '2018-06-23 06:11:28', 'user login'),
(1102, 4, 'sevira98@gmail.com', 'sevira98@gmail.com', '112.215.200.32', '2018-06-23 06:16:38', 'user login'),
(1103, 4, 'sevira98@gmail.com', 'sevira98@gmail.com', '112.215.200.32', '2018-06-23 10:46:17', 'user login'),
(1104, 1, 'admin', '0', '125.161.137.123', '2018-06-23 13:11:05', 'user login'),
(1105, 4, 'sevira98@gmail.com', 'sevira98@gmail.com', '112.215.200.32', '2018-06-23 20:54:42', 'user login'),
(1106, 1, 'admin', '0', '112.215.200.32', '2018-06-23 22:30:30', 'user login'),
(1107, 4, 'sevira98@gmail.com', 'sevira98@gmail.com', '112.215.200.32', '2018-06-23 23:01:00', 'user login'),
(1108, 1, 'admin', '0', '112.215.200.32', '2018-06-23 23:11:18', 'user login'),
(1109, 4, 'sevira98@gmail.com', 'sevira98@gmail.com', '112.215.200.32', '2018-06-23 23:12:32', 'user login'),
(1110, 1, 'admin', '0', '112.215.200.32', '2018-06-23 23:16:27', 'user login'),
(1111, 4, 'sevira98@gmail.com', 'sevira98@gmail.com', '112.215.200.32', '2018-06-23 23:17:58', 'user login'),
(1112, 1, 'admin', '0', '112.215.200.32', '2018-06-23 23:20:13', 'user login'),
(1113, 4, 'sevira98@gmail.com', 'sevira98@gmail.com', '112.215.200.32', '2018-06-23 23:21:01', 'user login'),
(1114, 6, 'mrcglobal.id@gmail.com', 'mrcglobal.id@gmail.com', '112.215.200.32', '2018-06-24 01:13:26', 'user login'),
(1115, 4, 'sevira98@gmail.com', 'sevira98@gmail.com', '112.215.200.32', '2018-06-24 01:39:15', 'user login'),
(1116, 6, 'mrcglobal.id@gmail.com', 'mrcglobal.id@gmail.com', '112.215.200.32', '2018-06-24 01:45:09', 'user login'),
(1117, 4, 'sevira98@gmail.com', 'sevira98@gmail.com', '112.215.200.32', '2018-06-24 01:45:56', 'user login'),
(1118, 6, 'mrcglobal.id@gmail.com', 'mrcglobal.id@gmail.com', '112.215.200.32', '2018-06-24 01:46:39', 'user login'),
(1119, 6, 'mrcglobal.id@gmail.com', 'mrcglobal.id@gmail.com', '112.215.200.32', '2018-06-24 01:55:03', 'user login'),
(1120, 4, 'sevira98@gmail.com', 'sevira98@gmail.com', '180.244.233.109', '2018-06-24 03:22:01', 'user login'),
(1121, 6, 'mrcglobal.id@gmail.com', 'mrcglobal.id@gmail.com', '180.244.233.109', '2018-06-24 03:22:32', 'user login'),
(1122, 4, 'sevira98@gmail.com', 'sevira98@gmail.com', '180.245.27.85', '2018-06-24 05:58:12', 'user login'),
(1123, 6, 'mrcglobal.id@gmail.com', 'mrcglobal.id@gmail.com', '112.215.200.32', '2018-06-24 06:07:08', 'user login'),
(1124, 4, 'sevira98@gmail.com', 'sevira98@gmail.com', '112.215.200.32', '2018-06-24 06:07:37', 'user login'),
(1125, 4, 'sevira98@gmail.com', 'sevira98@gmail.com', '112.215.200.32', '2018-06-24 06:52:18', 'user login'),
(1126, 6, 'mrcglobal.id@gmail.com', 'mrcglobal.id@gmail.com', '112.215.200.32', '2018-06-24 07:30:50', 'user login'),
(1127, 4, 'sevira98@gmail.com', 'sevira98@gmail.com', '112.215.200.32', '2018-06-24 07:32:23', 'user login'),
(1128, 1, 'admin', '0', '112.215.200.32', '2018-06-24 07:35:39', 'user login'),
(1129, 4, 'sevira98@gmail.com', 'sevira98@gmail.com', '112.215.200.32', '2018-06-24 07:38:04', 'user login'),
(1130, 1, 'admin', '0', '112.215.200.32', '2018-06-24 07:39:29', 'user login'),
(1131, 4, 'sevira98@gmail.com', 'sevira98@gmail.com', '112.215.200.32', '2018-06-24 07:48:03', 'user login'),
(1132, 1, 'admin', '0', '112.215.200.32', '2018-06-24 08:16:02', 'user login'),
(1133, 4, 'sevira98@gmail.com', 'sevira98@gmail.com', '112.215.200.32', '2018-06-24 09:51:05', 'user login'),
(1134, 4, 'sevira98@gmail.com', 'sevira98@gmail.com', '112.215.236.1', '2018-06-24 12:53:18', 'user login'),
(1135, 4, 'sevira98@gmail.com', 'sevira98@gmail.com', '112.215.65.207', '2018-06-25 00:37:28', 'user login'),
(1136, 4, 'sevira98@gmail.com', 'sevira98@gmail.com', '175.106.9.3', '2018-06-25 02:46:49', 'user login'),
(1137, 1, 'admin', '0', '175.106.9.3', '2018-06-25 02:47:01', 'user login'),
(1138, 6, 'mrcglobal.id@gmail.com', 'mrcglobal.id@gmail.com', '175.106.9.3', '2018-06-25 03:57:29', 'user login'),
(1139, 4, 'sevira98@gmail.com', 'sevira98@gmail.com', '175.106.9.3', '2018-06-25 03:58:47', 'user login'),
(1140, 6, 'mrcglobal.id@gmail.com', 'mrcglobal.id@gmail.com', '175.106.9.3', '2018-06-25 04:01:15', 'user login'),
(1141, 4, 'sevira98@gmail.com', 'sevira98@gmail.com', '175.106.9.3', '2018-06-25 04:02:00', 'user login'),
(1142, 6, 'mrcglobal.id@gmail.com', 'mrcglobal.id@gmail.com', '175.106.9.3', '2018-06-25 04:15:19', 'user login'),
(1143, 8, 'dionfernando@gmail.com', 'dionfernando@gmail.com', '175.106.9.3', '2018-06-25 04:16:40', 'user login'),
(1144, 6, 'mrcglobal.id@gmail.com', 'mrcglobal.id@gmail.com', '175.106.9.3', '2018-06-25 04:17:22', 'user login'),
(1145, 8, 'dionfernando@gmail.com', 'dionfernando@gmail.com', '175.106.9.3', '2018-06-25 04:18:34', 'user login'),
(1146, 6, 'mrcglobal.id@gmail.com', 'mrcglobal.id@gmail.com', '175.106.9.3', '2018-06-25 04:19:48', 'user login'),
(1147, 6, 'mrcglobal.id@gmail.com', 'mrcglobal.id@gmail.com', '175.106.9.3', '2018-06-25 04:35:26', 'user login'),
(1148, 8, 'dionfernando@gmail.com', 'dionfernando@gmail.com', '175.106.9.3', '2018-06-25 04:36:01', 'user login'),
(1149, 6, 'mrcglobal.id@gmail.com', 'mrcglobal.id@gmail.com', '175.106.9.3', '2018-06-25 04:42:46', 'user login'),
(1150, 29, 'ahmad.ilham', 'ahmad.ilham@bluebirdgroup.com', '202.47.68.173', '2018-06-25 04:49:44', 'user login'),
(1151, 4, 'sevira98@gmail.com', 'sevira98@gmail.com', '175.106.9.3', '2018-06-25 07:48:18', 'user login'),
(1152, 4, 'sevira98@gmail.com', 'sevira98@gmail.com', '202.137.11.114', '2018-06-25 08:08:22', 'user login'),
(1153, 1, 'admin', '0', '202.137.11.114', '2018-06-25 08:08:39', 'user login'),
(1154, 10, 'mrcglobal.id24@gmail.com', 'mrcglobal.id24@gmail.com', '202.47.68.173', '2018-06-25 09:08:32', 'user login'),
(1155, 1, 'admin', '0', '202.47.68.173', '2018-06-25 09:12:34', 'user login'),
(1156, 4, 'sevira98@gmail.com', 'sevira98@gmail.com', '112.215.65.207', '2018-06-25 09:28:24', 'user login'),
(1157, 1, 'admin', '0', '112.215.65.207', '2018-06-25 11:56:11', 'user login'),
(1158, 1, 'admin', '0', '112.215.65.207', '2018-06-25 11:59:49', 'user login'),
(1159, 4, 'sevira98@gmail.com', 'sevira98@gmail.com', '112.215.65.207', '2018-06-25 12:27:41', 'user login'),
(1160, 4, 'sevira98@gmail.com', 'sevira98@gmail.com', '180.243.137.74', '2018-06-25 13:34:34', 'user login'),
(1161, 1, 'admin', '0', '140.213.0.6', '2018-06-25 14:12:40', 'user login'),
(1162, 4, 'sevira98@gmail.com', 'sevira98@gmail.com', '112.215.200.71', '2018-06-26 00:01:19', 'user login'),
(1163, 4, 'sevira98@gmail.com', 'sevira98@gmail.com', '112.215.200.71', '2018-06-26 00:33:12', 'user login'),
(1164, 1, 'admin', '0', '112.215.200.71', '2018-06-26 00:35:19', 'user login'),
(1165, 4, 'sevira98@gmail.com', 'sevira98@gmail.com', '202.47.68.173', '2018-06-26 02:06:11', 'user login'),
(1166, 4, 'sevira98@gmail.com', 'sevira98@gmail.com', '202.47.68.173', '2018-06-26 02:18:32', 'user login'),
(1167, 4, 'sevira98@gmail.com', 'sevira98@gmail.com', '202.47.68.173', '2018-06-26 02:18:32', 'user login'),
(1168, 1, 'admin', '0', '202.47.68.173', '2018-06-26 02:44:50', 'user login'),
(1169, 10, 'mrcglobal.id24@gmail.com', 'mrcglobal.id24@gmail.com', '202.47.68.173', '2018-06-26 02:56:49', 'user login'),
(1170, 4, 'sevira98@gmail.com', 'sevira98@gmail.com', '202.47.68.173', '2018-06-26 03:01:00', 'user login'),
(1171, 4, 'sevira98@gmail.com', 'sevira98@gmail.com', '112.215.200.71', '2018-06-26 03:45:23', 'user login'),
(1172, 4, 'sevira98@gmail.com', 'sevira98@gmail.com', '202.47.68.173', '2018-06-26 04:59:15', 'user login'),
(1173, 4, 'sevira98@gmail.com', 'sevira98@gmail.com', '140.213.2.24', '2018-06-26 09:38:31', 'user login'),
(1174, 4, 'sevira98@gmail.com', 'sevira98@gmail.com', '202.47.68.173', '2018-06-26 10:24:18', 'user login'),
(1175, 1, 'admin', '0', '202.47.68.173', '2018-06-26 10:27:34', 'user login'),
(1176, 4, 'sevira98@gmail.com', 'sevira98@gmail.com', '202.47.68.173', '2018-06-26 10:28:30', 'user login'),
(1177, 4, 'sevira98@gmail.com', 'sevira98@gmail.com', '112.215.200.71', '2018-06-26 10:33:11', 'user login'),
(1178, 29, 'ahmad.ilham', 'ahmad.ilham@bluebirdgroup.com', '202.47.68.173', '2018-06-26 10:37:01', 'user login'),
(1179, 4, 'sevira98@gmail.com', 'sevira98@gmail.com', '112.215.238.102', '2018-06-27 19:20:19', 'user login'),
(1180, 1, 'admin', '0', '112.215.238.102', '2018-06-27 19:54:12', 'user login'),
(1181, 4, 'sevira98@gmail.com', 'sevira98@gmail.com', '112.215.238.102', '2018-06-27 19:56:31', 'user login'),
(1182, 4, 'sevira98@gmail.com', 'sevira98@gmail.com', '112.215.238.102', '2018-06-27 20:01:54', 'user login'),
(1183, 1, 'admin', '0', '112.215.238.102', '2018-06-27 20:02:13', 'user login'),
(1184, 4, 'sevira98@gmail.com', 'sevira98@gmail.com', '112.215.238.102', '2018-06-27 20:17:14', 'user login'),
(1185, 1, 'admin', '0', '112.215.238.102', '2018-06-28 00:50:57', 'user login'),
(1186, 6, 'mrcglobal.id@gmail.com', 'mrcglobal.id@gmail.com', '112.215.238.102', '2018-06-28 00:51:39', 'user login'),
(1187, 4, 'sevira98@gmail.com', 'sevira98@gmail.com', '112.215.238.102', '2018-06-28 01:02:40', 'user login'),
(1188, 1, 'admin', '0', '112.215.238.102', '2018-06-28 01:37:44', 'user login'),
(1189, 4, 'sevira98@gmail.com', 'sevira98@gmail.com', '112.215.238.102', '2018-06-28 01:40:08', 'user login'),
(1190, 4, 'sevira98@gmail.com', 'sevira98@gmail.com', '202.137.11.114', '2018-06-28 02:06:57', 'user login'),
(1191, 1, 'admin', '0', '202.137.11.114', '2018-06-28 02:07:53', 'user login'),
(1192, 1, 'admin', '0', '112.215.238.102', '2018-06-28 02:09:45', 'user login'),
(1193, 4, 'sevira98@gmail.com', 'sevira98@gmail.com', '202.137.11.114', '2018-06-28 02:17:06', 'user login'),
(1194, 1, 'admin', '0', '202.137.11.114', '2018-06-28 02:18:12', 'user login'),
(1195, 4, 'sevira98@gmail.com', 'sevira98@gmail.com', '202.137.11.114', '2018-06-28 02:19:00', 'user login'),
(1196, 4, 'sevira98@gmail.com', 'sevira98@gmail.com', '202.137.11.114', '2018-06-28 02:19:26', 'user login'),
(1197, 1, 'admin', '0', '202.137.11.114', '2018-06-28 02:19:40', 'user login'),
(1198, 4, 'sevira98@gmail.com', 'sevira98@gmail.com', '202.137.11.114', '2018-06-28 02:21:00', 'user login'),
(1199, 1, 'admin', '0', '202.137.11.114', '2018-06-28 02:21:34', 'user login'),
(1200, 4, 'sevira98@gmail.com', 'sevira98@gmail.com', '112.215.238.102', '2018-06-28 02:21:44', 'user login'),
(1201, 6, 'mrcglobal.id@gmail.com', 'mrcglobal.id@gmail.com', '112.215.238.102', '2018-06-28 02:22:21', 'user login'),
(1202, 4, 'sevira98@gmail.com', 'sevira98@gmail.com', '202.137.11.114', '2018-06-28 02:23:18', 'user login'),
(1203, 1, 'admin', '0', '202.137.11.114', '2018-06-28 02:26:09', 'user login'),
(1204, 4, 'sevira98@gmail.com', 'sevira98@gmail.com', '202.137.11.114', '2018-06-28 02:26:49', 'user login'),
(1205, 6, 'mrcglobal.id@gmail.com', 'mrcglobal.id@gmail.com', '180.243.137.74', '2018-06-28 04:37:31', 'user login'),
(1206, 4, 'sevira98@gmail.com', 'sevira98@gmail.com', '180.252.121.18', '2018-06-28 04:43:20', 'user login'),
(1207, 1, 'admin', '0', '180.252.121.18', '2018-06-28 05:19:04', 'user login'),
(1208, 1, 'admin', '0', '180.252.121.18', '2018-06-28 05:19:05', 'user login'),
(1209, 6, 'mrcglobal.id@gmail.com', 'mrcglobal.id@gmail.com', '112.215.238.102', '2018-06-28 06:35:59', 'user login'),
(1210, 1, 'admin', '0', '112.215.238.102', '2018-06-28 06:46:45', 'user login'),
(1211, 6, 'mrcglobal.id@gmail.com', 'mrcglobal.id@gmail.com', '112.215.238.102', '2018-06-28 06:47:21', 'user login'),
(1212, 1, 'admin', '0', '112.215.238.102', '2018-06-28 06:56:55', 'user login'),
(1213, 4, 'sevira98@gmail.com', 'sevira98@gmail.com', '112.215.238.102', '2018-06-28 06:57:43', 'user login'),
(1214, 4, 'sevira98@gmail.com', 'sevira98@gmail.com', '180.252.121.18', '2018-06-28 07:05:59', 'user login'),
(1215, 1, 'admin', '0', '180.252.121.18', '2018-06-28 07:10:39', 'user login'),
(1216, 4, 'sevira98@gmail.com', 'sevira98@gmail.com', '202.47.68.173', '2018-06-28 07:11:50', 'user login'),
(1217, 4, 'sevira98@gmail.com', 'sevira98@gmail.com', '202.47.68.173', '2018-06-28 07:11:54', 'user login'),
(1218, 6, 'mrcglobal.id@gmail.com', 'mrcglobal.id@gmail.com', '180.243.137.74', '2018-06-28 07:12:42', 'user login'),
(1219, 1, 'admin', '0', '180.243.137.74', '2018-06-28 07:29:20', 'user login'),
(1220, 6, 'mrcglobal.id@gmail.com', 'mrcglobal.id@gmail.com', '112.215.238.102', '2018-06-28 07:30:44', 'user login'),
(1221, 4, 'sevira98@gmail.com', 'sevira98@gmail.com', '112.215.238.102', '2018-06-28 07:31:39', 'user login'),
(1222, 6, 'mrcglobal.id@gmail.com', 'mrcglobal.id@gmail.com', '112.215.238.102', '2018-06-28 07:32:16', 'user login'),
(1223, 1, 'admin', '0', '180.252.121.18', '2018-06-28 07:32:48', 'user login'),
(1224, 1, 'admin', '0', '112.215.238.102', '2018-06-28 07:34:55', 'user login'),
(1225, 4, 'sevira98@gmail.com', 'sevira98@gmail.com', '112.215.238.102', '2018-06-28 07:36:26', 'user login'),
(1226, 1, 'admin', '0', '112.215.238.102', '2018-06-28 07:37:06', 'user login'),
(1227, 4, 'sevira98@gmail.com', 'sevira98@gmail.com', '112.215.238.102', '2018-06-28 07:42:59', 'user login'),
(1228, 1, 'admin', '0', '112.215.238.102', '2018-06-28 07:44:16', 'user login'),
(1229, 4, 'sevira98@gmail.com', 'sevira98@gmail.com', '180.252.121.18', '2018-06-28 07:44:17', 'user login'),
(1230, 4, 'sevira98@gmail.com', 'sevira98@gmail.com', '202.47.68.173', '2018-06-28 07:46:42', 'user login'),
(1231, 1, 'admin', '0', '112.215.238.102', '2018-06-28 07:46:52', 'user login'),
(1232, 4, 'sevira98@gmail.com', 'sevira98@gmail.com', '112.215.238.102', '2018-06-28 07:47:59', 'user login'),
(1233, 1, 'admin', '0', '112.215.238.102', '2018-06-28 07:54:39', 'user login'),
(1234, 4, 'sevira98@gmail.com', 'sevira98@gmail.com', '112.215.238.102', '2018-06-28 08:00:55', 'user login'),
(1235, 4, 'sevira98@gmail.com', 'sevira98@gmail.com', '112.215.238.102', '2018-06-28 08:07:13', 'user login'),
(1236, 4, 'sevira98@gmail.com', 'sevira98@gmail.com', '112.215.238.102', '2018-06-28 14:15:48', 'user login'),
(1237, 6, 'mrcglobal.id@gmail.com', 'mrcglobal.id@gmail.com', '112.215.238.102', '2018-06-28 14:21:27', 'user login'),
(1238, 1, 'admin', '0', '112.215.238.102', '2018-06-28 14:41:21', 'user login'),
(1239, 4, 'sevira98@gmail.com', 'sevira98@gmail.com', '112.215.238.102', '2018-06-28 14:42:25', 'user login'),
(1240, 1, 'admin', '0', '112.215.238.102', '2018-06-28 15:22:57', 'user login'),
(1241, 4, 'sevira98@gmail.com', 'sevira98@gmail.com', '112.215.238.102', '2018-06-28 15:24:46', 'user login'),
(1242, 4, 'sevira98@gmail.com', 'sevira98@gmail.com', '112.215.238.102', '2018-06-28 16:42:35', 'user login'),
(1243, 4, 'sevira98@gmail.com', 'sevira98@gmail.com', '180.252.121.18', '2018-06-28 17:14:23', 'user login'),
(1244, 4, 'sevira98@gmail.com', 'sevira98@gmail.com', '140.213.2.140', '2018-06-29 01:09:57', 'user login'),
(1245, 1, 'admin', '0', '202.47.68.173', '2018-06-29 03:08:23', 'user login'),
(1246, 1, 'admin', '0', '202.47.68.173', '2018-06-29 03:08:23', 'user login'),
(1247, 10, 'mrcglobal.id24@gmail.com', 'mrcglobal.id24@gmail.com', '202.47.68.173', '2018-06-29 03:09:54', 'user login'),
(1248, 4, 'sevira98@gmail.com', 'sevira98@gmail.com', '202.47.68.173', '2018-06-29 06:45:35', 'user login'),
(1249, 1, 'admin', '0', '202.47.68.173', '2018-06-29 07:00:40', 'user login'),
(1250, 4, 'sevira98@gmail.com', 'sevira98@gmail.com', '202.47.68.173', '2018-06-29 07:42:49', 'user login'),
(1251, 6, 'mrcglobal.id@gmail.com', 'mrcglobal.id@gmail.com', '202.62.17.78', '2018-06-29 09:08:06', 'user login'),
(1252, 10, 'mrcglobal.id24@gmail.com', 'mrcglobal.id24@gmail.com', '103.56.206.238', '2018-06-29 12:14:34', 'user login'),
(1253, 1, 'admin', '0', '202.47.68.173', '2018-07-02 02:09:33', 'user login'),
(1254, 10, 'mrcglobal.id24@gmail.com', 'mrcglobal.id24@gmail.com', '202.47.68.173', '2018-07-02 02:42:12', 'user login'),
(1255, 10, 'mrcglobal.id24@gmail.com', 'mrcglobal.id24@gmail.com', '202.47.68.173', '2018-07-02 06:36:30', 'user login'),
(1256, 1, 'admin', '0', '202.47.68.173', '2018-07-02 07:38:21', 'user login'),
(1257, 38, 'indrijati.rahayoe', '', '202.47.68.173', '2018-07-02 07:48:28', 'user login'),
(1258, 1, 'admin', '0', '202.47.68.173', '2018-07-02 07:49:52', 'user login'),
(1259, 1, 'admin', '0', '202.47.68.173', '2018-07-02 07:50:34', 'user login'),
(1260, 32, ' lisa.qonita', 'lisa.qonita@bluebirdgroup.com', '202.47.68.173', '2018-07-02 07:51:50', 'user login'),
(1261, 1, 'admin', '0', '202.47.68.173', '2018-07-02 07:52:10', 'user login'),
(1262, 1, 'admin', '0', '202.47.68.173', '2018-07-02 09:14:30', 'user login'),
(1263, 37, ' soffy.desritawati', 'soffy.desritawati@bluebirdgroup.', '202.47.68.173', '2018-07-02 09:15:38', 'user login'),
(1264, 37, ' soffy.desritawati', 'soffy.desritawati@bluebirdgroup.', '202.47.68.173', '2018-07-02 09:16:53', 'user login'),
(1265, 37, ' soffy.desritawati', 'soffy.desritawati@bluebirdgroup.', '202.47.68.173', '2018-07-02 09:17:32', 'user login'),
(1266, 37, ' soffy.desritawati', 'soffy.desritawati@bluebirdgroup.', '202.47.68.173', '2018-07-02 09:19:01', 'user login'),
(1267, 37, ' soffy.desritawati', 'soffy.desritawati@bluebirdgroup.', '182.23.48.122', '2018-07-02 09:22:52', 'user login'),
(1268, 1, 'admin', '0', '202.47.68.173', '2018-07-02 09:23:02', 'user login'),
(1269, 37, 'soffy.desritawati', 'soffy.desritawati@bluebirdgroup.', '182.23.48.122', '2018-07-02 09:24:07', 'user login'),
(1270, 1, 'admin', '0', '202.47.68.173', '2018-07-02 09:27:52', 'user login'),
(1271, 37, 'soffy.desritawati', 'soffy.desritawati@bluebirdgroup.', '182.23.48.122', '2018-07-02 09:28:26', 'user login'),
(1272, 41, 'indrijati.rahayoe', 'indrijati.rahayoe@bluebirdgroup.', '202.47.68.173', '2018-07-02 09:28:48', 'user login'),
(1273, 32, 'lisa.qonita', 'lisa.qonita@bluebirdgroup.com', '202.47.68.173', '2018-07-02 09:29:16', 'user login'),
(1274, 36, 'mutiara.dewi', ' mutiara.dewi@bluebirdgroup.com', '202.47.68.173', '2018-07-02 09:29:37', 'user login'),
(1275, 3, 'ira.ristianti', ' ira.ristianti@bluebirdgroup.com', '202.47.68.173', '2018-07-02 09:30:01', 'user login'),
(1276, 9, 'ikhsan.widhi', ' ikhsan.widhi@bluebirdgroup.com', '202.47.68.173', '2018-07-02 09:30:30', 'user login'),
(1277, 1, 'admin', '0', '175.106.9.3', '2018-07-02 09:40:28', 'user login'),
(1278, 4, 'sevira98@gmail.com', 'sevira98@gmail.com', '175.106.9.3', '2018-07-02 09:41:43', 'user login'),
(1279, 1, 'admin', '0', '202.47.68.173', '2018-07-02 09:44:59', 'user login'),
(1280, 9, 'ikhsan.widhi', ' ikhsan.widhi@bluebirdgroup.com', '202.47.68.162', '2018-07-02 09:49:26', 'user login'),
(1281, 1, 'admin', '0', '202.137.11.114', '2018-07-02 10:12:05', 'user login'),
(1282, 4, 'sevira98@gmail.com', 'sevira98@gmail.com', '202.47.68.173', '2018-07-02 10:42:36', 'user login'),
(1283, 9, 'ikhsan.widhi', ' ikhsan.widhi@bluebirdgroup.com', '202.47.68.162', '2018-07-03 01:41:22', 'user login'),
(1284, 4, 'sevira98@gmail.com', 'sevira98@gmail.com', '140.213.38.149', '2018-07-03 02:23:24', 'user login'),
(1285, 1, 'admin', '0', '140.213.38.149', '2018-07-03 02:25:22', 'user login'),
(1286, 4, 'sevira98@gmail.com', 'sevira98@gmail.com', '172.29.0.1', '2019-07-06 14:31:14', 'user login'),
(1287, 1, 'admin', '0', '172.29.0.1', '2019-07-06 16:41:21', 'user login'),
(1288, 4, 'sevira98@gmail.com', 'sevira98@gmail.com', '172.29.0.1', '2019-07-07 00:17:31', 'user login'),
(1289, 4, 'sevira98@gmail.com', 'sevira98@gmail.com', '192.168.100.3', '2019-07-07 00:20:53', 'user login'),
(1290, 1, 'admin', '0', '172.29.0.1', '2019-07-07 00:39:12', 'user login'),
(1291, 1, 'admin', '0', '172.21.0.1', '2019-07-07 01:49:15', 'user login'),
(1292, 1, 'admin', '0', '172.28.0.1', '2019-07-07 01:52:05', 'user login'),
(1293, 1, 'admin', '0', '172.28.0.1', '2019-07-07 04:40:58', 'user login'),
(1294, 4, 'sevira98@gmail.com', 'sevira98@gmail.com', '172.28.0.1', '2019-07-07 09:38:08', 'user login'),
(1295, 1, 'admin', '0', '172.28.0.1', '2019-07-07 10:27:30', 'user login'),
(1296, 1, 'admin', '0', '172.28.0.1', '2019-07-08 00:52:25', 'user login'),
(1297, 4, 'sevira98@gmail.com', 'sevira98@gmail.com', '192.168.10.152', '2019-07-08 10:05:54', 'user login'),
(1298, 6, 'mrcglobal.id@gmail.com', 'mrcglobal.id@gmail.com', '192.168.10.152', '2019-07-08 10:11:47', 'user login'),
(1299, 4, 'sevira98@gmail.com', 'sevira98@gmail.com', '172.21.0.1', '2019-07-09 06:54:25', 'user login'),
(1300, 4, 'sevira98@gmail.com', 'sevira98@gmail.com', '172.21.0.1', '2019-07-09 13:22:10', 'user login'),
(1301, 4, 'sevira98@gmail.com', 'sevira98@gmail.com', '172.22.0.1', '2019-07-10 00:37:09', 'user login'),
(1302, 4, 'sevira98@gmail.com', 'sevira98@gmail.com', '172.22.0.1', '2019-07-10 07:15:46', 'user login'),
(1303, 4, 'sevira98@gmail.com', 'sevira98@gmail.com', '172.22.0.1', '2019-07-10 10:52:44', 'user login'),
(1304, 1, 'admin', '0', '172.22.0.1', '2019-07-10 15:57:10', 'user login'),
(1305, 4, 'sevira98@gmail.com', 'sevira98@gmail.com', '172.22.0.1', '2019-07-10 19:31:57', 'user login'),
(1306, 4, 'sevira98@gmail.com', 'sevira98@gmail.com', '172.22.0.1', '2019-07-11 00:11:37', 'user login');

-- --------------------------------------------------------

--
-- Table structure for table `mdl_member`
--

CREATE TABLE `mdl_member` (
  `MEM_ID` int(11) NOT NULL,
  `MEM_CODE` varchar(10) NOT NULL,
  `JOIN_DATE` date NOT NULL,
  `MEM_NAME` varchar(50) NOT NULL,
  `MEM_IDNTS_ID` int(10) NOT NULL,
  `MEM_IDNTS_NO` varchar(20) NOT NULL,
  `MEM_POB` varchar(20) NOT NULL,
  `MEM_DOB` date NOT NULL,
  `MEM_SEX` int(11) NOT NULL,
  `MEM_ADD` varchar(100) NOT NULL,
  `MEM_PHONE1` varchar(15) NOT NULL,
  `MEM_PHONE2` varchar(15) NOT NULL,
  `MEM_EMAIL` varchar(50) NOT NULL,
  `MEM_PIC` text NOT NULL,
  `MEM_TYPE` int(2) NOT NULL COMMENT 'owner = 1; senior agent = 2; agent=3',
  `MEM_STATUS` int(1) NOT NULL DEFAULT 0 COMMENT '0 = pengajuan member baru; 1 = member yg sudah di approve; 2 = member yg direject;',
  `MEM_ACTIVE` int(1) NOT NULL DEFAULT 1,
  `MEM_PARENT_ID` int(5) NOT NULL DEFAULT 0
) ENGINE=InnoDB DEFAULT CHARSET=latin1;

-- --------------------------------------------------------

--
-- Table structure for table `mdl_module`
--

CREATE TABLE `mdl_module` (
  `MDL_ID` int(3) NOT NULL,
  `MDL_NAME` text NOT NULL,
  `MDL_KET` text NOT NULL,
  `MDL_ISACTIVE` int(1) NOT NULL DEFAULT 1
) ENGINE=InnoDB DEFAULT CHARSET=latin1;

--
-- Dumping data for table `mdl_module`
--

INSERT INTO `mdl_module` (`MDL_ID`, `MDL_NAME`, `MDL_KET`, `MDL_ISACTIVE`) VALUES
(4, 'promo', 'promo', 1),
(5, 'tselsuropati', 'tselsuropati', 1),
(6, 'subscriberbase', 'subscriberbase', 1),
(7, 'traffrev', 'traffrev', 1),
(8, 'incident', 'incident', 1),
(9, 'costumercomp', 'costumercomp', 1),
(10, 'netcomm', 'netcomm', 1),
(11, 'npo', 'npo', 1);

-- --------------------------------------------------------

--
-- Table structure for table `mdl_navigation_group`
--

CREATE TABLE `mdl_navigation_group` (
  `NAV_GROUP_ID` int(3) NOT NULL,
  `NAV_TITLE` varchar(64) NOT NULL,
  `NAV_URI` varchar(64) NOT NULL,
  `NAV_OWNER` int(3) NOT NULL,
  `NAV_ACTIVE` int(1) NOT NULL DEFAULT 1
) ENGINE=InnoDB DEFAULT CHARSET=latin1;

--
-- Dumping data for table `mdl_navigation_group`
--

INSERT INTO `mdl_navigation_group` (`NAV_GROUP_ID`, `NAV_TITLE`, `NAV_URI`, `NAV_OWNER`, `NAV_ACTIVE`) VALUES
(5, 'admin menu', 'admin-menu', 2, 1),
(11, 'main menu', 'mainmenu', 1, 1),
(12, 'homepage', 'homepage', 1, 1),
(13, 'Dashboard Side Menu', 'dashboard-side-menu', 3, 1);

-- --------------------------------------------------------

--
-- Table structure for table `mdl_navigation_list`
--

CREATE TABLE `mdl_navigation_list` (
  `NAV_GROUP_ID` int(3) NOT NULL,
  `NAV_LIST_ID` int(3) NOT NULL,
  `NAV_LIST_TITLE` varchar(64) NOT NULL,
  `NAV_TYPE_ID` int(2) NOT NULL DEFAULT 1,
  `NAV_LIST_URL` text NOT NULL,
  `NAV_LIST_URI` text NOT NULL,
  `NAV_LIST_PARENT_ID` int(3) NOT NULL,
  `NAV_LIST_TARGET` varchar(24) NOT NULL,
  `NAV_LIST_POSSITION` int(2) NOT NULL,
  `NAV_LIST_DEFAULT` int(1) NOT NULL DEFAULT 0 COMMENT '1 default home, 0 menu biasa'
) ENGINE=InnoDB DEFAULT CHARSET=latin1;

--
-- Dumping data for table `mdl_navigation_list`
--

INSERT INTO `mdl_navigation_list` (`NAV_GROUP_ID`, `NAV_LIST_ID`, `NAV_LIST_TITLE`, `NAV_TYPE_ID`, `NAV_LIST_URL`, `NAV_LIST_URI`, `NAV_LIST_PARENT_ID`, `NAV_LIST_TARGET`, `NAV_LIST_POSSITION`, `NAV_LIST_DEFAULT`) VALUES
(5, 41, 'Category', 2, 'admin/category', 'category', 0, '0', 0, 0),
(5, 42, 'Content', 2, 'admin/content', 'content', 0, '0', 1, 0),
(5, 43, 'Widgets', 2, 'admin/widget', 'widget', 0, '0', 2, 0),
(5, 45, 'Navigation', 2, 'admin/navigation', 'navigation', 0, '0', 4, 0),
(5, 46, 'User', 2, 'admin/user', 'user', 0, '0', 5, 0),
(5, 47, 'Group', 2, 'admin/group', 'group', 0, '0', 6, 0),
(11, 63, 'Corporate Culture', 1, 'corporate-culture', 'corporate-culture', 63, '0', 2, 0),
(5, 64, 'Contact', 2, 'admin/contact', 'contact', 0, '0', 7, 0),
(11, 65, 'Portfolio', 2, 'portfolio', 'portfolio', 0, '0', 3, 0),
(5, 67, 'Gallery', 2, 'admin/gallery', 'gallery', 0, '0', 8, 0),
(12, 69, 'Home Page', 1, 'main-page', 'home-page', 0, '0', 0, 1),
(5, 70, 'Polling', 2, 'admin/polling', 'polling', 0, '0', 9, 0),
(5, 80, 'Events', 2, 'admin/events', 'events', 0, '0', 10, 0),
(5, 81, 'Email Subscribe', 2, 'admin/subscribe', 'subscribe', 0, '0', 11, 0),
(11, 119, 'Syarat & Ketentuan', 1, 'syarat-ketentuan', 'syarat-ketentuan', 0, '0', 1, 0),
(11, 123, 'Kebijakan', 1, 'kebijakan', 'kebijakan', 0, '0', 2, 0),
(13, 126, 'Perusahaan', 1, '', 'nilai-perusahaan', 0, '', 1, 0),
(13, 127, 'Learning', 2, 'bblearning', 'limitless-learning', 0, '', 2, 0),
(13, 128, 'Galeri', 2, 'gallery', 'galeri-foto-video', 0, '', 3, 0),
(13, 129, 'Informasi', 2, 'informasi', 'pusat-informasi-karyawan', 0, '', 4, 0),
(13, 130, 'Forum', 2, 'birdbagi-forum', 'birdbagi-forum', 0, '', 5, 0),
(13, 131, 'Bantuan', 2, 'qa', 'bantuan', 0, '0', 6, 0),
(13, 132, 'Second Link', 3, '#', '', 124, '0', 0, 0),
(13, 133, 'another second link', 3, '#', '', 124, '0', 1, 0),
(13, 138, 'Formulir Keluhan', 2, 'qa', 'formulir-keluhan', 131, '0', 7, 0),
(13, 140, 'Menu Tutorial', 1, 'menu-tutorial', 'menu-tutorial', 131, '0', 9, 0),
(13, 141, 'FAQ', 1, 'contact-us', 'faq', 131, '0', 10, 0),
(13, 148, 'Masa Percobaan', 1, 'template-1-column', 'masa-percobaan', 145, '0', 0, 0),
(13, 149, 'Manajemen Kinerja', 1, 'template-3-column', 'manajemen-kinerja', 145, '0', 0, 0),
(13, 150, 'Rating Calibration', 1, 'template-1-column', 'rating-calibration', 145, '0', 0, 0),
(13, 151, 'Talent Mapping', 1, 'template-3-column', 'talent-mapping', 145, '0', 0, 0),
(13, 152, 'Medical', 1, 'template-1-column', 'medical', 145, '0', 0, 0),
(13, 154, 'BPJS Ketenagakerjaan', 1, 'template-1-column', 'bpjs-ketenagakerjaan', 145, '0', 0, 0),
(13, 155, 'Aturan Kehadiran & Ketidakhadiran', 1, 'template-1-column', 'aturan-kehadiran-ketidakhadiran', 145, '0', 0, 0),
(13, 157, 'Prosedur Pengunduran Diri', 1, 'template-3-column', 'proses-pengunduran-diri', 145, '0', 0, 0),
(13, 178, 'Pengajuan Cuti Test', 3, 'http://128.199.103.189/cuti', 'http://128.199.103.189/cuti', 177, '0', 0, 0),
(13, 187, 'Overall', 4, '8', 'overall-manajemen-kerja', 186, '0', 0, 0),
(13, 188, 'Panduan Manual', 4, '8', 'panduan-manual', 186, '0', 0, 0),
(13, 189, 'Panduan Online', 4, '5', 'panduan-online', 186, '0', 0, 0),
(13, 191, 'Kalender', 4, '11', 'kalender-bluebird', 186, '0', 0, 0),
(13, 195, 'Blue Health', 1, 'blue-health', 'blue-health', 194, '0', 0, 0),
(13, 196, 'JPK3', 1, 'jpk3-karyawan-bluebird', 'jpk3-karyawan-bluebird', 194, '0', 0, 0),
(13, 197, 'BPJS Kesehatan', 1, 'bpjs-kesehatan', 'bpjs-kesehatan', 194, '0', 0, 0),
(13, 203, 'Knowledge Management', 1, 'knowledge-management', 'knowledge-management', 202, '0', 0, 0),
(13, 204, 'Pengumuman Learning Events', 1, 'pengumuman-learning-events', 'pengumuman-learning-events', 202, '0', 0, 0);

-- --------------------------------------------------------

--
-- Table structure for table `mdl_navigation_type`
--

CREATE TABLE `mdl_navigation_type` (
  `NAV_TYPE_ID` int(2) NOT NULL,
  `NAV_TYPE` varchar(32) NOT NULL,
  `NAV_TYPE_KET` text NOT NULL
) ENGINE=InnoDB DEFAULT CHARSET=latin1;

--
-- Dumping data for table `mdl_navigation_type`
--

INSERT INTO `mdl_navigation_type` (`NAV_TYPE_ID`, `NAV_TYPE`, `NAV_TYPE_KET`) VALUES
(1, 'Pages Content', 'default'),
(2, 'Modules', 'path ke modules'),
(3, 'Url External', 'url external'),
(4, 'Pusat Informasi', 'BB HRD link ke pusat informasi');

-- --------------------------------------------------------

--
-- Table structure for table `mdl_notif`
--

CREATE TABLE `mdl_notif` (
  `notif_id` int(11) NOT NULL,
  `usr_id` int(11) NOT NULL,
  `url` text NOT NULL,
  `title` varchar(128) NOT NULL,
  `status` int(1) NOT NULL DEFAULT 1 COMMENT '1 belum di baca 0 sudah di baca',
  `tgl` timestamp NOT NULL DEFAULT current_timestamp()
) ENGINE=InnoDB DEFAULT CHARSET=latin1;

--
-- Dumping data for table `mdl_notif`
--

INSERT INTO `mdl_notif` (`notif_id`, `usr_id`, `url`, `title`, `status`, `tgl`) VALUES
(5, 0, 'http://localhost:8083/BLUEHRD/cuti/admin/?highlight=4', 'Sadik Ganteng mengajukan cuti', 1, '2018-03-19 19:51:46'),
(6, 0, 'http://localhost:8083/BLUEHRD/cuti/admin/?highlight=5', 'Sadik Ganteng mengajukan cuti', 1, '2018-03-19 19:52:17'),
(7, 0, 'http://localhost:8083/BLUEHRD/cuti/admin/?highlight=6', 'Sadik Ganteng mengajukan cuti', 1, '2018-03-19 19:52:56'),
(8, 0, 'http://localhost:8083/BLUEHRD/cuti/admin/?highlight=7', 'Sadik Ganteng mengajukan cuti', 1, '2018-03-19 19:53:42'),
(9, 2, 'http://localhost:8083/BLUEHRD/cuti/?highlight=1', 'Pengajuan cuti, tanggal 2018-03-10 s/d 2018-03-10 status Di terima', 0, '2018-03-20 04:51:33'),
(10, 0, 'http://128.199.103.189/cuti/admin/?highlight=8', 'Sadik Ganteng mengajukan cuti', 1, '2018-03-30 06:02:24'),
(11, 0, 'http://128.199.103.189/cuti/admin/?highlight=9', 'Sadik Ganteng mengajukan cuti', 1, '2018-04-01 11:14:36'),
(12, 0, 'http://128.199.103.189/cuti/admin/?highlight=10', 'Sadik Ganteng mengajukan cuti', 1, '2018-04-01 14:21:36'),
(13, 0, 'http://128.199.103.189/cuti/admin/?highlight=11', 'Sadik Ganteng mengajukan cuti', 1, '2018-04-01 14:23:57'),
(14, 2, 'http://128.199.103.189/cuti/?highlight=1', 'Pengajuan cuti, tanggal 2018-04-01 s/d 2018-04-03 status Di terima', 1, '2018-04-01 14:30:56'),
(15, 0, 'http://128.199.103.189/cuti/admin/?highlight=12', 'Sadik Ganteng mengajukan cuti', 1, '2018-04-01 14:37:16'),
(16, 2, 'http://128.199.103.189/cuti/?highlight=1', 'Pengajuan cuti, tanggal 2018-04-01 s/d 2018-04-04 status Di terima', 1, '2018-04-01 14:37:30'),
(17, 0, 'http://128.199.103.189/cuti/admin/?highlight=13', 'Sadik Ganteng mengajukan cuti', 1, '2018-04-01 14:57:16'),
(18, 2, 'http://128.199.103.189/cuti/?highlight=1', 'Pengajuan cuti, tanggal 2018-04-01 s/d 2018-04-04 status Di terima', 1, '2018-04-01 14:57:34'),
(19, 0, 'http://128.199.103.189/cuti/admin/?highlight=14', 'Sadik Ganteng mengajukan cuti', 1, '2018-04-01 14:58:57'),
(20, 2, 'http://128.199.103.189/cuti/?highlight=1', 'Pengajuan cuti, tanggal 2018-04-01 s/d 2018-04-05 status Di terima', 0, '2018-04-01 14:59:13'),
(21, 0, 'http://128.199.103.189/cuti/admin/?highlight=15', 'savira savira mengajukan cuti', 1, '2018-04-15 06:17:33'),
(22, 0, 'http://128.199.103.189/qa/admin/reply/1', 'savira savira mereply pertanyaan', 1, '2018-04-17 00:52:53'),
(23, 0, 'http://128.199.103.189/qa/admin/reply/1', 'savira savira mereply pertanyaan', 1, '2018-04-17 00:55:09'),
(24, 0, 'http://128.199.103.189/cuti/admin/?highlight=16', 'savira savira mengajukan cuti', 1, '2018-04-17 20:41:27'),
(25, 4, 'http://128.199.103.189/cuti/?highlight=1', 'Pengajuan cuti, tanggal 2018-04-07 s/d 2018-03-26 status Di terima', 0, '2018-04-17 20:48:37'),
(26, 0, 'http://128.199.103.189/qa/admin/reply/2', 'savira savira mengajukan pertanyaan', 1, '2018-04-25 03:38:04'),
(27, 0, 'http://128.199.103.189/qa/admin/reply/3', 'savira savira mengajukan pertanyaan', 1, '2018-04-26 07:27:46'),
(28, 0, 'http://128.199.103.189/qa/admin/reply/4', 'savira savira mengajukan pertanyaan', 1, '2018-04-26 07:29:17'),
(29, 0, 'http://128.199.103.189/qa/admin/reply/5', 'savira savira mengajukan pertanyaan', 1, '2018-04-26 15:34:17'),
(30, 0, 'http://128.199.103.189/qa/admin/reply/6', 'savira savira mengajukan pertanyaan', 1, '2018-04-26 15:34:47'),
(31, 0, 'http://128.199.103.189/qa/admin/reply/7', 'savira savira mengajukan pertanyaan', 1, '2018-04-26 16:02:07'),
(32, 0, 'http://128.199.103.189/qa/admin/reply/8', 'savira savira mengajukan pertanyaan', 1, '2018-04-26 16:57:58'),
(33, 0, 'http://128.199.103.189/qa/admin/reply/2', 'savira savira mereply pertanyaan', 1, '2018-04-26 17:23:02'),
(34, 3, 'http://128.199.103.189/cuti/persetujuan', 'savira savira mengajukan cuti, tanggal 2018-05-30 s/d 2018-05-31(3 hari)', 0, '2018-05-07 03:08:59'),
(35, 3, 'http://128.199.103.189/cuti/persetujuan', 'savira savira mengajukan cuti, tanggal 2018-05-15 s/d 2018-05-16(2 hari)', 0, '2018-05-07 06:16:29'),
(36, 3, 'http://128.199.103.189/cuti/persetujuan', 'savira savira mengajukan cuti, tanggal 2018-04-30 s/d 2018-05-02(3 hari)', 0, '2018-05-07 06:34:20'),
(37, 3, 'http://128.199.103.189/cuti/persetujuan', 'savira savira mengajukan cuti, tanggal 2018-05-30 s/d 2018-06-01(3 hari)', 0, '2018-05-07 06:43:43'),
(38, 3, 'http://128.199.103.189/cuti/persetujuan', 'savira savira mengajukan cuti, tanggal 2018-05-05 s/d 2018-05-07(3 hari)', 0, '2018-05-08 00:54:11'),
(39, 0, 'http://128.199.103.189/qa/admin/reply/9', 'savira savira mengajukan pertanyaan', 1, '2018-05-09 02:02:06'),
(40, 0, 'http://128.199.103.189/qa/admin/reply/9', 'savira savira mereply pertanyaan', 1, '2018-05-09 02:02:15'),
(41, 0, 'http://128.199.103.189/qa/admin/reply/3', 'savira savira mereply pertanyaan', 1, '2018-05-09 02:02:30'),
(42, 0, 'http://128.199.103.189/qa/admin/reply/3', 'savira savira mereply pertanyaan', 1, '2018-05-09 02:02:46'),
(43, 0, 'http://128.199.103.189/qa/admin/reply/10', 'savira savira mengajukan pertanyaan', 1, '2018-05-10 05:18:54'),
(44, 0, 'http://128.199.103.189/qa/admin/reply/11', 'savira savira mengajukan pertanyaan', 1, '2018-05-10 07:04:23'),
(45, 3, 'http://128.199.103.189/cuti/persetujuan', 'savira savira mengajukan cuti, tanggal 2018-05-01 s/d 2018-05-02(2 hari)', 0, '2018-05-13 21:31:14'),
(46, 0, 'http://128.199.103.189/qa/admin/reply/12', 'savira savira mengajukan pertanyaan', 1, '2018-05-13 21:55:03'),
(47, 0, 'http://128.199.103.189/qa/admin/reply/13', 'savira savira mengajukan pertanyaan', 1, '2018-05-13 21:55:27'),
(48, 0, 'http://128.199.103.189/qa/admin/reply/13', 'savira savira mereply pertanyaan', 1, '2018-05-13 21:55:40'),
(49, 3, 'http://128.199.103.189/cuti/persetujuan', 'savira savira mengajukan cuti, tanggal 2018-05-28 s/d 2018-05-29(2 hari)', 0, '2018-05-14 01:35:46'),
(50, 3, 'http://128.199.103.189/cuti/persetujuan', 'savira savira mengajukan cuti, tanggal 2018-05-17 s/d 2018-05-18(2 hari)', 0, '2018-05-14 21:15:40'),
(51, 3, 'http://128.199.103.189/cuti/persetujuan', 'savira savira mengajukan cuti, tanggal 2018-06-04 s/d 2018-06-18(15 hari)', 0, '2018-05-31 23:04:29'),
(52, 3, 'http://128.199.103.189/cuti/persetujuan', 'savira savira mengajukan cuti, tanggal 2018-06-11 s/d 2018-06-20(10 hari)', 0, '2018-06-02 19:09:05'),
(53, 2, 'http://128.199.103.189/cuti/persetujuan', 'Sandy Simori mengajukan cuti, tanggal 2018-06-01 s/d 2018-06-04(4 hari)', 1, '2018-06-03 21:07:31'),
(54, 3, 'http://128.199.103.189/cuti/persetujuan', 'import user 1 mengajukan cuti, tanggal 2018-06-10 s/d 2018-06-10(1 hari)', 1, '2018-06-08 06:44:58'),
(55, 6, 'http://128.199.103.189/cuti/persetujuan', 'Sevira Dian mengajukan cuti, tanggal 2018-06-30 s/d 2018-07-07(8 hari)', 0, '2018-06-20 09:51:58'),
(56, 6, 'http://128.199.103.189/cuti/persetujuan', 'Sevira Dian mengajukan cuti, tanggal 2018-06-24 s/d 2018-06-25(2 hari)', 0, '2018-06-24 01:11:33'),
(57, 6, 'http://128.199.103.189/cuti/persetujuan', 'Sevira Dian mengajukan cuti, tanggal 2018-06-26 s/d 2018-06-26(1 hari)', 0, '2018-06-24 03:23:23'),
(58, 4, 'http://128.199.103.189/cuti/', 'Pengajuan Cuti anda <b>diSetujui</b>', 0, '2018-06-24 03:53:13'),
(59, 6, 'http://128.199.103.189/cuti/persetujuan', 'Sevira Dian mengajukan cuti, tanggal 2018-06-24 s/d 2018-06-25(2 hari)', 0, '2018-06-24 07:30:32'),
(60, 4, 'http://128.199.103.189/cuti/', 'Pengajuan Cuti anda <b>diTolak</b>', 0, '2018-06-24 07:32:11'),
(61, 6, 'http://128.199.103.189/cuti/persetujuan', 'Sevira Dian mengajukan cuti, tanggal 2018-07-05 s/d 2018-07-06(2 hari)', 0, '2018-06-25 03:55:53'),
(62, 6, 'http://128.199.103.189/cuti/persetujuan', 'Sevira Dian mengajukan cuti, tanggal 2018-05-10 s/d 2018-05-11(2 hari)', 0, '2018-06-25 03:56:44'),
(63, 4, 'http://128.199.103.189/cuti/', 'Pengajuan Cuti anda <b>diSetujui</b>', 0, '2018-06-25 03:57:57'),
(64, 4, 'http://128.199.103.189/cuti/', 'Pengajuan Cuti anda <b>diTolak</b>', 0, '2018-06-25 03:58:20'),
(65, 6, 'http://128.199.103.189/cuti/persetujuan', 'Sevira Dian mengajukan cuti, tanggal 2018-06-05 s/d 2018-06-07(3 hari)', 0, '2018-06-25 04:00:18'),
(66, 4, 'http://128.199.103.189/cuti/', 'Pengajuan Cuti anda <b>diSetujui</b>', 0, '2018-06-25 04:01:37'),
(67, 6, 'http://128.199.103.189/cuti/persetujuan', 'Dion Fernando mengajukan cuti, tanggal 2018-06-21 s/d 2018-06-22(2 hari)', 0, '2018-06-25 04:17:08'),
(68, 8, 'http://128.199.103.189/cuti/', 'Pengajuan Cuti anda <b>diSetujui</b>', 0, '2018-06-25 04:18:22'),
(69, 8, 'http://128.199.103.189/cuti/', 'Pengajuan Cuti anda <b>diSetujui</b>', 0, '2018-06-25 04:18:22'),
(70, 6, 'http://128.199.103.189/cuti/persetujuan', 'Sevira Dian mengajukan cuti, tanggal 2018-06-28 s/d 2018-06-29(2 hari)', 0, '2018-06-28 00:49:58'),
(71, 4, 'http://128.199.103.189/cuti/', 'Pengajuan Cuti anda <b>diTolak</b>', 0, '2018-06-28 01:02:08'),
(72, 6, 'http://128.199.103.189/cuti/persetujuan', 'Sevira Dian mengajukan cuti, tanggal 2018-06-28 s/d 2018-06-29(2 hari)', 0, '2018-06-28 02:22:04'),
(73, 6, 'http://128.199.103.189/cuti/persetujuan', 'Sevira Dian mengajukan cuti, tanggal 2018-06-28 s/d 2018-06-29(2 hari)', 0, '2018-06-28 07:32:00');

-- --------------------------------------------------------

--
-- Table structure for table `mdl_office`
--

CREATE TABLE `mdl_office` (
  `office_id` int(11) NOT NULL,
  `office` varchar(64) NOT NULL,
  `company_id` int(2) NOT NULL,
  `lon` varchar(16) NOT NULL,
  `lat` varchar(16) NOT NULL,
  `no_prop` int(2) NOT NULL,
  `no_kab` int(2) NOT NULL,
  `status_id` int(1) NOT NULL,
  `induksi_id` int(1) NOT NULL DEFAULT 1
) ENGINE=InnoDB DEFAULT CHARSET=latin1;

--
-- Dumping data for table `mdl_office`
--

INSERT INTO `mdl_office` (`office_id`, `office`, `company_id`, `lon`, `lat`, `no_prop`, `no_kab`, `status_id`, `induksi_id`) VALUES
(1, 'Kantor Pusat Halimun 37', 1, '106.832901', '-6.208120', 31, 74, 1, 1),
(2, 'rumah gw', 1, '106.796697', '-6.526931', 32, 1, 1, 1);

-- --------------------------------------------------------

--
-- Table structure for table `mdl_options`
--

CREATE TABLE `mdl_options` (
  `OPT_ID` int(3) NOT NULL,
  `OPT` varchar(64) NOT NULL,
  `OPT_VAL` longtext NOT NULL,
  `OPT_KET` text NOT NULL COMMENT 'keterangan value',
  `OPT_ACTIVE` int(1) NOT NULL DEFAULT 1
) ENGINE=MyISAM DEFAULT CHARSET=latin1 COMMENT='PENYIMPANAN OPTION YG DI PERLUKAN CMS';

--
-- Dumping data for table `mdl_options`
--

INSERT INTO `mdl_options` (`OPT_ID`, `OPT`, `OPT_VAL`, `OPT_KET`, `OPT_ACTIVE`) VALUES
(1, 'mdl_contact_email', 'dwiriantop@gmail.com, g3n1k@yahoo.com', '', 1),
(2, 'mdl_contact_subject', 'Email From Website', '', 1),
(3, 'mdl_contact_maps', '', '', 1),
(22, 'bb_opt_bulan', '[\"- Silakan pilih -\",\"Januari\",\"Februari\",\"Maret\",\"April\",\"Mei\",\"Juni\",\"Juli\",\"Agustus\",\"September\",\"Oktober\",\"November\",\"Desember\"]', 'bb value master untuk bulan', 1),
(5, 'mdl_events_upload_path', 'uploads/events', '', 1),
(4, 'mdl_gallery_upload_path', 'uploads/galleries', '', 1),
(6, 'cfg_thumb_per_page', '10', '', 1),
(7, 'mdl_subscribe_email', 'email.blast@squareteam.co', '', 1),
(8, 'mdl_subscribe_name', 'Email Subscribe Form Squareteam', '', 1),
(9, 'mdl_members_upload_path', 'uploads/members', '', 1),
(10, 'opt_boolean', '{\"0\":\"No\",\"1\":\"Yes\"}', '', 1),
(11, 'mdl_openid_google_client_id', 'your client id here', '', 1),
(12, 'mdl_openid_google_client_secret', 'your google client secret here', '', 1),
(13, 'mdl_openid_redirect_uri', 'your default redirect uri, if not set it would default to your domain', '', 1),
(14, 'template_tselsuropati', 'Telko', 'template untuk project suropati telkomsel', 1),
(15, 'msg_not_allowed', 'You are not allowed to access this module', '', 1),
(16, 'highcart_export_server', 'http://10.2.142.11:8080/highcharts-export-web/', '', 1),
(17, 'bluehrd_cfg_company', '[\"Blue Bird Tbk\", \"Pusaka Chandra Djokosoetono\"]', 'option untuk company hrdblue', 1),
(18, 'bluehrd_cfg_direktorat', '[\"HR\", \"OPS\"]', 'option untuk directorat hrdblue', 1),
(19, 'bluehrd_cfg_division', '[\"N/A\",\"OC & SC\",\"HR\",\"BTO\"]', 'option untuk division hrdblue', 1),
(20, 'bluehrd_cfg_level', '[\"Director\",\"GM\",\"MGR\",\"Staff\"]', 'option untuk level hrdblue', 1),
(21, 'bluehrd_cfg_title', '[\"HR Director\",\"Org. Capability & Service Culture GM\",\"Service Culture Manager\",\"HR Manager\",\"Project Management Office\",\"Service Culture Asst. Manager\",\"HR Asst. Manager\",\"Sekretaris Direksi\"]', '', 1),
(23, 'bb_opt_status_attendance', '{\"H\":\"Hadir\",\"C\":\"Cuti\",\"S\":\"Sakit\",\"I\":\"Izin\",\"A\":\"Alpha\",\"TLT\":\"Telat\",\"PC\":\"Pulang Cepat\"}', 'status absen', 1),
(25, 'bb_opt_company', '{\"1\":\"Blue Bird Tbk\",\"2\":\"Pusaka Citra Djokosoetono\",\"3\":\"Iron Bird\",\"4\":\"Iron Bird Transport\",\"5\":\"Pusaka Bumi Transportasi\",\"6\":\"Pusaka Bersatu\",\"7\":\"Pusaka Buana Utama\",\"8\":\"Restu Ibu Pusaka\",\"9\":\"Hermis Consulting\",\"10\":\"Global Pusaka Solution\",\"11\":\"Pusaka Integrasi Mandiri\",\"12\":\"Lombok Sea Side Cottage\",\"13\":\"Ritra Konnas Freight Center\",\"14\":\"Pusaka Niaga Indonesia\",\"15\":\"Pusaka Bumi Mutiara\",\"16\":\"Pusaka Andalan Perkasa\",\"17\":\"Pusaka Suku Cadang Indonesia\"}', 'option bb company', 1),
(26, 'bb_opt_tipe_karyawan', '{\"1\":\"Permanent\",\"2\":\"Non Permanent\"}', 'option user tipe karyawan', 1),
(27, 'bb_opt_grade', '{\"1\":\"1\",\"2\":\"2\",\"3\":\"3\",\"4\":\"4\",\"5\":\"5\",\"6\":\"6\",\"7\":\"7\",\"8\":\"8\",\"9\":\"9\",\"10\":\"10\",\"11\":\"11\",\"12\":\"12\",\"13\":\"13\",\"14\":\"14\",\"15\":\"15\",\"16\":\"16\",\"17\":\"17\",\"18\":\"18\",\"19\":\"19\",\"20\":\"20\",\"0\":\"0\"}', 'option user grade', 1),
(28, 'bb_opt_jabatan', '{\"1\":\"Director\",\"2\":\"Vice President\",\"3\":\"General Manager\",\"4\":\"Senior Manager\",\"5\":\"Manager\",\"6\":\"Junior Manager\",\"7\":\"Assistant Manager\",\"8\":\"Senior Supervisor\",\"9\":\"Supervisor\",\"10\":\"Senior Staff\",\"11\":\"Staff\",\"12\":\"Helper\"}', 'option user jabatan', 1),
(29, 'bb_opt_level', '{\"1\":\"1\",\"2\":\"2\",\"3\":\"3\"}', 'option user level', 1),
(30, 'bb_opt_cost_ctr', '{\"1\":\"Blue Bird Tbk\",\"2\":\"Pusaka Citra Djokosoetono\"}', 'option user cost ctr', 1),
(31, 'bb_opt_pool', '{\"1\":\"Head Office\",\"2\":\"Branch\"}', 'option user pool', 1),
(32, 'opt_bb_status_karyawan', '{\"1\":\"Tetap\"}', 'option user status karyawan', 1),
(33, 'bb_opt_status_karyawan', '{\"1\":\"Tetap\",\"2\":\"PKWT\"}', 'option user status karwan', 1),
(34, 'bb_opt_category', '{\"Leadership Sharing Session\":\"Leadership Sharing Session\",\"Artikel Manajemen\":\"Artikel Manajemen\",\"Workshops\":\"Workshops\",\"Pengumuman Learning Events\":\"Pengumuman Learning Events\",\"Form Permintaan Pelatihan\\/Pengembangan Karyawan\":\"Form Permintaan Pelatihan\\/Pengembangan Karyawan\",\"Form Evaluasi Pelatihan\\/Pengembangan Karyawan\":\"Form Evaluasi Pelatihan\\/Pengembangan Karyawan\"}', 'option kategori untuk limitless learning', 1),
(35, 'bb_opt_category_informasi', '{\"1\":\"Medical\",\"2\":\"Karyawan Baru\",\"3\":\"Aturan Kehadiran\",\"4\":\"Panduan dan Prosedur\",\"5\":\"Formulir\",\"6\":\"Learning\"}', 'option kategori untuk pusat informasi karyawan', 1);

-- --------------------------------------------------------

--
-- Table structure for table `mdl_paralax`
--

CREATE TABLE `mdl_paralax` (
  `PLX_ID` int(3) NOT NULL,
  `PLX_TITLE` varchar(64) NOT NULL,
  `PLX_URI` varchar(64) NOT NULL,
  `PLX_CONTENT_ID` int(3) NOT NULL,
  `PLX_GALLERY_ID` int(3) NOT NULL,
  `PLX_GALL_BTN` int(1) NOT NULL DEFAULT 1 COMMENT '0 tanpa btn prev next, 1 dgn prev next btn',
  `PLX_BG_IMG` text NOT NULL,
  `PLX_PARENT_MENU` int(3) NOT NULL DEFAULT 0,
  `PLX_QUEUED` int(3) NOT NULL,
  `PLX_INPUT_BY` int(3) NOT NULL,
  `PLX_INPUT_DATE` datetime NOT NULL,
  `PLX_UPDATE_BY` int(3) NOT NULL,
  `PLX_UPDATE_DATE` datetime NOT NULL,
  `PLX_ACTIVE` int(3) NOT NULL DEFAULT 1
) ENGINE=InnoDB DEFAULT CHARSET=latin1;

--
-- Dumping data for table `mdl_paralax`
--

INSERT INTO `mdl_paralax` (`PLX_ID`, `PLX_TITLE`, `PLX_URI`, `PLX_CONTENT_ID`, `PLX_GALLERY_ID`, `PLX_GALL_BTN`, `PLX_BG_IMG`, `PLX_PARENT_MENU`, `PLX_QUEUED`, `PLX_INPUT_BY`, `PLX_INPUT_DATE`, `PLX_UPDATE_BY`, `PLX_UPDATE_DATE`, `PLX_ACTIVE`) VALUES
(1, 'Home', 'home', 0, 1, 0, '', 0, 1, 1, '2013-02-05 10:21:13', 1, '2013-02-07 21:03:57', 1),
(2, 'portfolio1', 'portfolio1', 0, 2, 1, '', 0, 2, 1, '2013-02-06 02:37:26', 1, '2013-02-07 06:17:20', 1),
(3, 'portfolio2', 'port-folio2', 0, 3, 1, '', 0, 3, 1, '2013-02-06 02:41:14', 1, '2013-02-07 06:26:15', 1),
(4, 'about', 'about', 1, 0, 0, '', 0, 4, 1, '2013-02-06 03:12:39', 1, '2013-02-07 23:10:12', 1),
(5, 'Test Bg', 'test-bg', 3, 0, 0, 'Small_flowers_by_Dariusz_Duma.jpg', 0, 5, 1, '2013-02-07 22:24:02', 1, '2013-03-09 19:20:38', 1),
(6, 'Contact', 'contact', 4, 0, 0, 'Momiji_Dream_by_Deacon_MacMillan.jpg', 5, 5, 1, '2013-03-09 15:42:13', 1, '2013-03-09 23:21:28', 1);

-- --------------------------------------------------------

--
-- Table structure for table `mdl_pooling`
--

CREATE TABLE `mdl_pooling` (
  `POOL_ID` int(3) NOT NULL,
  `POOL_TITLE` varchar(256) NOT NULL COMMENT 'pooling title',
  `POOL_START` date NOT NULL,
  `POOL_END` date NOT NULL,
  `POOL_ISACTIVE` int(1) NOT NULL
) ENGINE=InnoDB DEFAULT CHARSET=latin1;

--
-- Dumping data for table `mdl_pooling`
--

INSERT INTO `mdl_pooling` (`POOL_ID`, `POOL_TITLE`, `POOL_START`, `POOL_END`, `POOL_ISACTIVE`) VALUES
(1, 'Pooling Untuk joob fair', '2013-08-30', '2013-08-31', 1);

-- --------------------------------------------------------

--
-- Table structure for table `mdl_pooling_ask`
--

CREATE TABLE `mdl_pooling_ask` (
  `ASK_ID` int(3) NOT NULL,
  `POOL_ID` int(3) NOT NULL,
  `ASK` text NOT NULL
) ENGINE=InnoDB DEFAULT CHARSET=latin1;

--
-- Dumping data for table `mdl_pooling_ask`
--

INSERT INTO `mdl_pooling_ask` (`ASK_ID`, `POOL_ID`, `ASK`) VALUES
(1, 1, 'Sebagai interviewer persiapan apa saja yang Anda lakukan sebelum sesi interview ?'),
(2, 1, 'Pertanyaan apa yang sering Anda ajukan kepada kandidat pada saat sesi interview?');

-- --------------------------------------------------------

--
-- Table structure for table `mdl_pooling_choice`
--

CREATE TABLE `mdl_pooling_choice` (
  `CHOICE_ID` int(4) NOT NULL,
  `ASK_ID` int(3) NOT NULL,
  `CHOICE` varchar(128) NOT NULL,
  `CHOICE_SUM` int(4) NOT NULL
) ENGINE=InnoDB DEFAULT CHARSET=latin1;

--
-- Dumping data for table `mdl_pooling_choice`
--

INSERT INTO `mdl_pooling_choice` (`CHOICE_ID`, `ASK_ID`, `CHOICE`, `CHOICE_SUM`) VALUES
(1, 1, 'Membaca CV', 11),
(2, 1, 'Mencari informasi tentang profil kandidat melalui jejaring sosial', 5),
(3, 1, 'Kedua jawaban diatas kurang tepat', 2),
(4, 2, 'Seputar personality', 8),
(5, 2, 'Seputar keluarga', 3),
(6, 2, 'Seputar background informasi', 6);

-- --------------------------------------------------------

--
-- Table structure for table `mdl_qa`
--

CREATE TABLE `mdl_qa` (
  `qa_id` int(6) NOT NULL,
  `category` varchar(32) NOT NULL,
  `subjek` text NOT NULL,
  `ask` text NOT NULL,
  `status` varchar(32) NOT NULL,
  `qa_date` timestamp NOT NULL DEFAULT current_timestamp() ON UPDATE current_timestamp(),
  `usr_id` int(6) NOT NULL
) ENGINE=InnoDB DEFAULT CHARSET=latin1;

--
-- Dumping data for table `mdl_qa`
--

INSERT INTO `mdl_qa` (`qa_id`, `category`, `subjek`, `ask`, `status`, `qa_date`, `usr_id`) VALUES
(1, 'tunjangan', 'Bagaimana Saya menjadi seorang driver yang baik', 'bagaimana saya menjadi seorang driver yang baik terhadap costumer, apakah saya mengajaknya ngobrol, atau saya biarkan mereka melamun ?', 'close', '2018-04-26 06:11:47', 4),
(2, 'pelatihan', 'TEST Ajukan Pertanyaan 2', 'Ini test, ignore. Pengen tau flow module QA baik dari sisi user maupun admin. Masih kurang Pilihan kategori. Terima kasih', 'open', '2018-04-25 05:41:31', 4),
(3, 'karir', 'TEST ajukan pertanyaan kategori karir', 'Ini test, ignore', 'open', '2018-04-26 07:27:46', 4),
(9, 'tunjangan', 'HKAShak', ';sjdlsjds', 'open', '2018-05-09 02:02:06', 4),
(10, 'benefit', 'Test Ajukan Pertanyaan Kategori Benefit', 'Ignore', 'open', '2018-05-10 05:18:54', 4),
(11, 'lainnya', 'Disini Judul', 'Di sini penjelasan dari pertanyaan', 'open', '2018-05-10 07:04:23', 4),
(12, 'benefit', 'hjgjhgj', 'bkhgk g vufku l', 'open', '2018-05-13 21:55:03', 4),
(13, 'pelatihan', 'lkblitil ', 'g jkyriu', 'open', '2018-05-13 21:55:27', 4);

-- --------------------------------------------------------

--
-- Table structure for table `mdl_qa_ask`
--

CREATE TABLE `mdl_qa_ask` (
  `ask_id` int(4) NOT NULL,
  `usr_id` int(6) NOT NULL,
  `subjek` varchar(128) NOT NULL,
  `ask` text NOT NULL,
  `tgl` timestamp NOT NULL DEFAULT current_timestamp(),
  `status` int(1) NOT NULL DEFAULT 0
) ENGINE=InnoDB DEFAULT CHARSET=latin1;

--
-- Dumping data for table `mdl_qa_ask`
--

INSERT INTO `mdl_qa_ask` (`ask_id`, `usr_id`, `subjek`, `ask`, `tgl`, `status`) VALUES
(10, 4, '', '', '2018-06-24 04:32:34', 0),
(11, 4, '', '', '2018-06-24 04:32:38', 0),
(12, 4, 'Test Kirim Pertanyaan', 'igonore ', '2018-06-24 07:38:45', 0);

-- --------------------------------------------------------

--
-- Table structure for table `mdl_qa_log`
--

CREATE TABLE `mdl_qa_log` (
  `qa_id` int(6) NOT NULL,
  `qa_log_id` int(6) NOT NULL,
  `answer` text NOT NULL,
  `usr_id` int(6) NOT NULL,
  `date_log` timestamp NOT NULL DEFAULT current_timestamp() ON UPDATE current_timestamp()
) ENGINE=InnoDB DEFAULT CHARSET=latin1;

--
-- Dumping data for table `mdl_qa_log`
--

INSERT INTO `mdl_qa_log` (`qa_id`, `qa_log_id`, `answer`, `usr_id`, `date_log`) VALUES
(1, 1, 'test conversation', 4, '2018-04-17 00:55:09'),
(1, 2, 'perhatikan ekspresi orangtersebut', 0, '2018-04-18 06:24:41'),
(9, 4, 'slajslajslasja', 4, '2018-05-09 02:02:15'),
(3, 5, 'sljdlsdj sl', 4, '2018-05-09 02:02:30'),
(3, 6, 'sjlakjsla lahsal sha;l', 4, '2018-05-09 02:02:46'),
(13, 7, ' hiuyhl ihoihkl g;iou ;og\';o', 4, '2018-05-13 21:55:40');

-- --------------------------------------------------------

--
-- Table structure for table `mdl_rating`
--

CREATE TABLE `mdl_rating` (
  `rating_id` int(11) NOT NULL,
  `content_id` varchar(11) DEFAULT NULL,
  `gallery_id` int(11) DEFAULT NULL,
  `forum_id` int(11) DEFAULT NULL,
  `view` int(11) NOT NULL DEFAULT 0 COMMENT 'berapa banyak view',
  `love` int(11) NOT NULL DEFAULT 0 COMMENT 'berapa banyak like yg di berikan',
  `comment` int(11) NOT NULL DEFAULT 0
) ENGINE=InnoDB DEFAULT CHARSET=latin1;

--
-- Dumping data for table `mdl_rating`
--

INSERT INTO `mdl_rating` (`rating_id`, `content_id`, `gallery_id`, `forum_id`, `view`, `love`, `comment`) VALUES
(1, 'f27', NULL, 27, 4, 1, 1),
(2, 'g86', NULL, NULL, 2, 0, 5),
(3, '138', NULL, NULL, 1, 0, 0),
(4, '102', NULL, NULL, 1, 1, 2),
(5, 'f26', NULL, 26, 2, 0, 1),
(6, '126', NULL, NULL, 1, 0, 0),
(7, '104', NULL, NULL, 1, 1, 5),
(8, 'g88', NULL, NULL, 1, 1, 17),
(9, 'g87', NULL, NULL, 3, 0, 5),
(10, 'g58', NULL, NULL, 1, 0, 1),
(11, 'g89', NULL, NULL, 1, 0, 3),
(12, 'g61', NULL, NULL, 1, 0, 1),
(13, 'g60', NULL, NULL, 1, 0, 2),
(14, 'g59', NULL, NULL, 1, 0, 1),
(15, 'g82', NULL, NULL, 1, 0, 0),
(16, 'g72', NULL, NULL, 1, 0, 0),
(17, 'g5', NULL, NULL, 1, 0, 1),
(18, 'g6', NULL, NULL, 1, 0, 1),
(19, 'g52', NULL, NULL, 1, 0, 0),
(20, 'g51', NULL, NULL, 1, 0, 0),
(21, 'g50', NULL, NULL, 1, 0, 0),
(22, 'g47', NULL, NULL, 1, 0, 0),
(23, '189', NULL, NULL, 1, 0, 0),
(24, '96', NULL, NULL, 1, 0, 0),
(25, '127', NULL, NULL, 1, 0, 0),
(26, '192', NULL, NULL, 1, 0, 0),
(27, 'g92', NULL, NULL, 3, 0, 0),
(28, 'g56', NULL, NULL, 1, 0, 0),
(29, 'g57', NULL, NULL, 1, 0, 0),
(30, '186', NULL, NULL, 1, 0, 0),
(31, 'g80', NULL, NULL, 3, 0, 0),
(32, '197', NULL, NULL, 1, 0, 0),
(33, '200', NULL, NULL, 1, 0, 0),
(34, '202', NULL, NULL, 2, 0, 0),
(35, '199', NULL, NULL, 1, 0, 0),
(36, 'g95', NULL, NULL, 1, 0, 0),
(37, 'g94', NULL, NULL, 3, 0, 0),
(38, 'g93', NULL, NULL, 1, 0, 0),
(39, 'g96', NULL, NULL, 1, 1, 0),
(40, '103', NULL, NULL, 1, 0, 0),
(41, 'f25', NULL, 25, 1, 0, 0),
(42, 'f10', NULL, 10, 1, 0, 0),
(43, 'f23', NULL, 23, 2, 0, 0),
(44, 'f17', NULL, 17, 1, 0, 0),
(45, '94', NULL, NULL, 1, 0, 0),
(46, 'f24', NULL, 24, 1, 0, 0),
(47, 'f20', NULL, 20, 1, 0, 0),
(48, '206', NULL, NULL, 1, 0, 0),
(49, '195', NULL, NULL, 1, 0, 0),
(50, '184', NULL, NULL, 1, 0, 0),
(51, '137', NULL, NULL, 1, 0, 0),
(52, '95', NULL, NULL, 1, 0, 0),
(53, '178', NULL, NULL, 2, 0, 0),
(54, '175', NULL, NULL, 2, 0, 0),
(55, '170', NULL, NULL, 1, 0, 0),
(56, '169', NULL, NULL, 1, 0, 0),
(57, '213', NULL, NULL, 2, 0, 0),
(58, 'f19', NULL, 19, 1, 0, 0),
(59, 'f18', NULL, 18, 1, 0, 0),
(60, '212', NULL, NULL, 1, 0, 0);

-- --------------------------------------------------------

--
-- Table structure for table `mdl_rating_log`
--

CREATE TABLE `mdl_rating_log` (
  `log_id` int(11) NOT NULL,
  `content_id` varchar(11) DEFAULT NULL,
  `gallery_id` varchar(11) DEFAULT NULL,
  `forum_id` varchar(11) DEFAULT NULL,
  `usr_id` varchar(64) NOT NULL COMMENT 'bisa session, user id',
  `type` varchar(7) NOT NULL COMMENT 'love,view,comment',
  `value` text NOT NULL COMMENT 'text comment, view 1, love 1',
  `tgl` timestamp NOT NULL DEFAULT current_timestamp()
) ENGINE=InnoDB DEFAULT CHARSET=latin1;

--
-- Dumping data for table `mdl_rating_log`
--

INSERT INTO `mdl_rating_log` (`log_id`, `content_id`, `gallery_id`, `forum_id`, `usr_id`, `type`, `value`, `tgl`) VALUES
(1, 'f27', NULL, '27', '4', 'view', '', '2018-06-24 06:09:14'),
(2, 'g86', NULL, NULL, '4', 'view', '', '2018-06-24 06:13:02'),
(3, 'f27', NULL, '27', '4', 'love', '', '2018-06-24 06:13:36'),
(4, '138', NULL, NULL, '4', 'view', '', '2018-06-24 06:14:21'),
(5, '102', NULL, NULL, '4', 'view', '', '2018-06-24 06:14:32'),
(6, '102', NULL, NULL, '4', 'love', '', '2018-06-24 06:14:35'),
(7, '102', NULL, NULL, '4', 'comment', 'Lorem ipsum dolor sit amet, consectetur adipiscing elit. Donec vulputate in diam at iaculis. Cras tempor massa vel mattis fermentum. Vivamus venenatis sit amet ex commodo aliquet', '2018-06-24 06:14:48'),
(8, '102', NULL, NULL, '4', 'comment', 'Lorem ipsum dolor sit amet, consectetur adipiscing elit. Donec vulputate in diam at iaculis. Cras tempor massa vel mattis fermentum. Vivamus venenatis sit amet ex commodo aliquet. In et libero tempus sapien aliquet congue non sit amet diam. Nulla nisl arcu, dapibus vitae dapibus quis, lobortis ut erat. Phasellus sed accumsan lectus, ut placerat ipsum. Maecenas tincidunt odio lobortis mi convallis, sed consequat tellus suscipit. Donec est diam, cursus facilisis dui ut, volutpat lacinia lorem. Pellentesque congue sem et pretium semper http://gopro.xyz', '2018-06-24 06:15:24'),
(9, 'f27', NULL, '27', '4', 'comment', 'Lorem ipsum dolor sit amet, consectetur adipiscing elit. Donec vulputate in diam at iaculis. Cras tempor massa vel mattis fermentum. Vivamus venenatis sit amet ex commodo aliquet. In et libero tempus sapien aliquet congue non sit amet diam. Nulla nisl arcu, dapibus vitae dapibus quis, lobortis ut erat. Phasellus sed accumsan lectus, ut placerat ipsum. Maecenas tincidunt odio lobortis mi convallis, sed consequat tellus suscipit. Donec est diam, cursus facilisis dui ut, volutpat lacinia lorem. Pellentesque congue sem et pretium semper http://gopro.xyz', '2018-06-24 06:16:07'),
(10, 'f26', NULL, '26', '4', 'view', '', '2018-06-24 06:16:47'),
(11, 'f26', NULL, '26', '4', 'comment', 'Spamming aenean nec lobortis tellus, at semper est. Fusce non nunc tortor. Phasellus sed faucibus est. Integer pellentesque magna nec dui lobortis finibus. Sed cursus sagittis dui non condimentum. Quisque imperdiet tortor vel ligula tristique placerat. Suspendisse potenti. Visit https://www.google.co.id', '2018-06-24 06:17:26'),
(12, '126', NULL, NULL, '4', 'view', '', '2018-06-24 06:24:31'),
(13, '104', NULL, NULL, '4', 'view', '', '2018-06-24 07:50:09'),
(14, 'g88', NULL, NULL, '4', 'view', '', '2018-06-24 07:50:42'),
(15, 'g88', NULL, NULL, '4', 'love', '', '2018-06-24 07:51:10'),
(16, 'g88', '88', NULL, '4', 'comment', 'Vestibulum eu varius odio. Vivamus pharetra neque a nisi sollicitudin aliquam. Sed malesuada erat quis enim semper, at luctus sapien dapibus.', '2018-06-24 07:51:17'),
(17, 'g88', '88', NULL, '4', 'comment', 'Vestibulum eu varius odio. Vivamus pharetra neque a nisi sollicitudin aliquam. Sed malesuada erat quis enim semper, at luctus sapien dapibus.', '2018-06-24 07:51:20'),
(18, 'g88', '88', NULL, '4', 'comment', 'Vestibulum eu varius odio. Vivamus pharetra neque a nisi sollicitudin aliquam. Sed malesuada erat quis enim semper, at luctus sapien dapibus.', '2018-06-24 07:51:22'),
(19, 'g88', '88', NULL, '4', 'comment', 'Vestibulum eu varius odio. Vivamus pharetra neque a nisi sollicitudin aliquam. Sed malesuada erat quis enim semper, at luctus sapien dapibus.', '2018-06-24 07:51:23'),
(20, 'g88', '88', NULL, '4', 'comment', 'Vestibulum eu varius odio. Vivamus pharetra neque a nisi sollicitudin aliquam. Sed malesuada erat quis enim semper, at luctus sapien dapibus.', '2018-06-24 07:51:24'),
(21, 'g87', NULL, NULL, '4', 'view', '', '2018-06-24 08:12:10'),
(22, 'g87', '87', NULL, '4', 'comment', ' Fusce ornare ante eget est consequat ultricies non sed ligula.', '2018-06-24 08:12:19'),
(23, 'g87', '87', NULL, '4', 'comment', 'Nunc in lectus malesuada', '2018-06-24 08:12:27'),
(24, 'g87', '87', NULL, '4', 'comment', 'Nunc in lectus malesuada', '2018-06-24 08:12:30'),
(25, 'g87', '87', NULL, '4', 'comment', 'Nunc in lectus malesuada', '2018-06-24 08:12:34'),
(26, 'g86', '86', NULL, '4', 'comment', 'Nunc in lectus malesuada, faucibus justo vel, blandi', '2018-06-24 08:14:01'),
(27, 'g86', '86', NULL, '4', 'comment', 'Nunc in lectus malesuada, faucibus justo vel, blandi', '2018-06-24 08:14:02'),
(28, 'g86', '86', NULL, '4', 'comment', 'Nunc in lectus malesuada, faucibus justo vel, blandi', '2018-06-24 08:14:04'),
(29, 'g86', '86', NULL, '4', 'comment', 'Nunc in lectus malesuada, faucibus justo vel, blandi', '2018-06-24 08:14:06'),
(30, 'g86', '86', NULL, '4', 'comment', 'Nunc in lectus malesuada, faucibus justo vel, blandi', '2018-06-24 08:14:11'),
(31, 'g88', '88', NULL, '4', 'comment', 'Cras imperdiet ultrices dolor, vel semper lacus bibendum ullamcorper. Vestibulum fringilla ipsum convallis tellus finibus vulputate. Nulla pretium sodales tristique.', '2018-06-24 11:07:35'),
(32, 'g88', '88', NULL, '4', 'comment', 'Sed aliquet molestie justo, non sodales augue convallis in. Nulla accumsan nulla nisl, sed aliquam lorem vestibulum id.', '2018-06-24 11:08:02'),
(33, 'g88', '88', NULL, '4', 'comment', 'Test komentar gallery', '2018-06-24 11:14:23'),
(34, 'g88', '88', NULL, '4', 'comment', 'Test komentar baru', '2018-06-24 11:43:34'),
(35, 'g88', '88', NULL, '4', 'comment', 'Test komentar terbaru', '2018-06-24 11:50:53'),
(36, 'g88', '88', NULL, '4', 'comment', 'Komentar Terbaru Baru', '2018-06-24 11:53:25'),
(37, 'g88', '88', NULL, '4', 'comment', 'Test komentar Terbaru Terbaru Baru', '2018-06-24 12:08:14'),
(38, 'g88', '88', NULL, '4', 'comment', 'Latest comments', '2018-06-24 12:08:36'),
(39, 'g88', '88', NULL, '4', 'comment', 'Komentar latest', '2018-06-24 12:09:29'),
(40, '104', NULL, NULL, '4', 'comment', 'Lorem ipsum dolor sit amet, consectetur adipiscing elit. Sed viverra, leo eu porta porttitor, quam nulla facilisis justo, at tincidunt nibh metus at dui. Nam nec odio massa. ', '2018-06-24 12:13:33'),
(41, '104', NULL, NULL, '4', 'comment', 'Test komentar baru', '2018-06-24 12:14:10'),
(42, 'g88', '88', NULL, '4', 'comment', 'Latest test positioned', '2018-06-24 12:15:45'),
(43, 'g88', '88', NULL, '4', 'comment', 'Test alt', '2018-06-24 12:18:46'),
(44, '104', NULL, NULL, '4', 'comment', 'Nam nec diam tortor.', '2018-06-24 12:23:18'),
(45, '104', NULL, NULL, '4', 'comment', 'nteger vulputate turpis vitae nisi ornare, vitae imperdiet nisl eleifend.', '2018-06-24 12:23:38'),
(46, 'g58', NULL, NULL, '4', 'view', '', '2018-06-24 12:37:09'),
(47, 'g58', '58', NULL, '4', 'comment', 'Single comment', '2018-06-24 12:37:16'),
(48, 'g89', NULL, NULL, '4', 'view', '', '2018-06-24 12:39:20'),
(49, 'g61', NULL, NULL, '4', 'view', '', '2018-06-24 12:43:18'),
(50, 'g60', NULL, NULL, '4', 'view', '', '2018-06-24 12:43:21'),
(51, 'g59', NULL, NULL, '4', 'view', '', '2018-06-24 12:43:28'),
(52, 'g82', NULL, NULL, '4', 'view', '', '2018-06-24 12:43:33'),
(53, 'g72', NULL, NULL, '4', 'view', '', '2018-06-24 12:43:35'),
(54, 'g5', NULL, NULL, '4', 'view', '', '2018-06-24 12:43:47'),
(55, 'g6', NULL, NULL, '4', 'view', '', '2018-06-24 12:43:50'),
(56, 'g52', NULL, NULL, '4', 'view', '', '2018-06-24 12:43:59'),
(57, 'g51', NULL, NULL, '4', 'view', '', '2018-06-24 12:44:05'),
(58, 'g50', NULL, NULL, '4', 'view', '', '2018-06-24 12:44:10'),
(59, 'g88', '88', NULL, '4', 'comment', 'Stacked comments tested', '2018-06-24 12:51:08'),
(60, 'g60', '60', NULL, '4', 'comment', 'Long picture comment tested', '2018-06-24 12:56:11'),
(61, 'g61', '61', NULL, '4', 'comment', 'Microsoft Edge tested', '2018-06-24 12:56:37'),
(62, 'g87', '87', NULL, '4', 'comment', 'Stacked comments tested', '2018-06-24 12:57:53'),
(63, 'g60', '60', NULL, '4', 'comment', 'Old data comments tested', '2018-06-24 12:58:33'),
(64, 'g59', '59', NULL, '4', 'comment', 'Single comment tested', '2018-06-24 12:59:01'),
(65, 'g89', '89', NULL, '4', 'comment', 'No picture here?', '2018-06-24 12:59:18'),
(66, 'g5', '5', NULL, '4', 'comment', 'Sample koala comments tested', '2018-06-24 12:59:52'),
(67, 'g6', '6', NULL, '4', 'comment', 'Yet another comments', '2018-06-24 13:00:28'),
(68, 'g47', NULL, NULL, '4', 'view', '', '2018-06-24 14:08:34'),
(69, 'g89', '89', NULL, '4', 'comment', 'Second comments', '2018-06-24 14:23:04'),
(70, 'g89', '89', NULL, '4', 'comment', 'Third one', '2018-06-24 14:23:11'),
(71, '189', NULL, NULL, '4', 'view', '', '2018-06-25 02:50:39'),
(72, '96', NULL, NULL, '4', 'view', '', '2018-06-25 02:50:59'),
(73, '104', NULL, NULL, '4', 'love', '', '2018-06-25 02:51:19'),
(74, '104', NULL, NULL, '4', 'comment', 'Bagus', '2018-06-25 02:51:27'),
(75, '127', NULL, NULL, '4', 'view', '', '2018-06-25 03:43:00'),
(76, '192', NULL, NULL, '4', 'view', '', '2018-06-25 09:09:31'),
(77, 'g92', NULL, NULL, '4', 'view', '', '2018-06-25 09:49:36'),
(78, 'g56', NULL, NULL, '4', 'view', '', '2018-06-25 09:58:19'),
(79, 'g57', NULL, NULL, '4', 'view', '', '2018-06-25 09:58:22'),
(80, '186', NULL, NULL, '4', 'view', '', '2018-06-26 00:52:50'),
(81, 'g80', NULL, NULL, '4', 'view', '', '2018-06-26 01:58:05'),
(82, '197', NULL, NULL, '4', 'view', '', '2018-06-26 03:49:24'),
(83, '200', NULL, NULL, '4', 'view', '', '2018-06-26 03:51:59'),
(84, '202', NULL, NULL, '4', 'view', '', '2018-06-26 04:39:52'),
(85, '199', NULL, NULL, '4', 'view', '', '2018-06-26 06:09:15'),
(86, 'g95', NULL, NULL, '4', 'view', '', '2018-06-26 09:38:57'),
(87, 'g94', NULL, NULL, '4', 'view', '', '2018-06-27 20:22:12'),
(88, 'g93', NULL, NULL, '4', 'view', '', '2018-06-27 20:25:38'),
(89, 'g96', NULL, NULL, '4', 'view', '', '2018-06-27 20:25:46'),
(90, '103', NULL, NULL, '4', 'view', '', '2018-06-27 23:15:03'),
(91, 'f25', NULL, '25', '4', 'view', '', '2018-06-27 23:15:39'),
(92, 'g96', NULL, NULL, '4', 'love', '', '2018-06-27 23:23:27'),
(93, 'f10', NULL, '10', '4', 'view', '', '2018-06-28 00:18:33'),
(94, 'f23', NULL, '23', '4', 'view', '', '2018-06-28 00:19:52'),
(95, 'f17', NULL, '17', '4', 'view', '', '2018-06-28 00:28:11'),
(96, '94', NULL, NULL, '4', 'view', '', '2018-06-28 00:32:12'),
(97, 'f24', NULL, '24', '4', 'view', '', '2018-06-28 02:02:00'),
(98, 'f20', NULL, '20', '4', 'view', '', '2018-06-28 02:04:38'),
(99, 'f27', NULL, '27', '6', 'view', '', '2018-06-28 06:45:21'),
(100, '206', NULL, NULL, '4', 'view', '', '2018-06-28 07:23:03'),
(101, '195', NULL, NULL, '4', 'view', '', '2018-06-28 07:23:42'),
(102, '184', NULL, NULL, '4', 'view', '', '2018-06-28 07:46:09'),
(103, 'g94', NULL, NULL, '6', 'view', '', '2018-06-28 08:21:32'),
(104, 'g92', NULL, NULL, '6', 'view', '', '2018-06-28 08:43:37'),
(105, 'g87', NULL, NULL, '6', 'view', '', '2018-06-28 08:57:05'),
(106, '137', NULL, NULL, '4', 'view', '', '2018-06-28 15:25:09'),
(107, '95', NULL, NULL, '4', 'view', '', '2018-06-28 16:09:18'),
(108, '202', NULL, NULL, '10', 'view', '', '2018-06-29 03:36:28'),
(109, '178', NULL, NULL, '10', 'view', '', '2018-06-29 03:36:38'),
(110, '175', NULL, NULL, '10', 'view', '', '2018-06-29 03:52:17'),
(111, '170', NULL, NULL, '10', 'view', '', '2018-06-29 03:52:32'),
(112, '169', NULL, NULL, '10', 'view', '', '2018-06-29 03:52:56'),
(113, '178', NULL, NULL, '4', 'view', '', '2018-06-29 06:52:36'),
(114, '175', NULL, NULL, '4', 'view', '', '2018-06-29 06:54:34'),
(115, '213', NULL, NULL, '10', 'view', '', '2018-06-29 07:32:36'),
(116, '213', NULL, NULL, '4', 'view', '', '2018-06-29 07:39:05'),
(117, 'f27', NULL, '27', '37', 'view', '', '2018-07-02 09:29:34'),
(118, 'g80', NULL, NULL, '37', 'view', '', '2018-07-02 09:29:57'),
(119, 'f26', NULL, '26', '9', 'view', '', '2018-07-02 09:56:04'),
(120, 'g80', NULL, NULL, '9', 'view', '', '2018-07-03 01:43:30'),
(121, 'g94', NULL, NULL, '9', 'view', '', '2018-07-03 01:45:31'),
(122, 'g92', NULL, NULL, '9', 'view', '', '2018-07-03 01:45:39'),
(123, 'g87', NULL, NULL, '9', 'view', '', '2018-07-03 01:45:45'),
(124, 'g86', NULL, NULL, '9', 'view', '', '2018-07-03 01:46:18'),
(125, 'f27', NULL, '27', '9', 'view', '', '2018-07-03 01:48:09'),
(126, 'f23', NULL, '23', '9', 'view', '', '2018-07-03 02:19:19'),
(127, 'f19', NULL, '19', '9', 'view', '', '2018-07-03 02:20:25'),
(128, 'f18', NULL, '18', '9', 'view', '', '2018-07-03 02:20:35'),
(129, '212', NULL, NULL, '4', 'view', '', '2018-07-03 03:26:52');

-- --------------------------------------------------------

--
-- Table structure for table `mdl_slipgaji`
--

CREATE TABLE `mdl_slipgaji` (
  `slip_id` int(11) NOT NULL,
  `usr_id` int(6) NOT NULL,
  `tahun` int(4) NOT NULL,
  `bulan` int(2) NOT NULL,
  `summary` text NOT NULL,
  `status` varchar(7) NOT NULL COMMENT 'paid or pending',
  `document` text NOT NULL
) ENGINE=InnoDB DEFAULT CHARSET=latin1;

--
-- Dumping data for table `mdl_slipgaji`
--

INSERT INTO `mdl_slipgaji` (`slip_id`, `usr_id`, `tahun`, `bulan`, `summary`, `status`, `document`) VALUES
(3, 4, 2018, 1, 'pembayaran gaji januari 2018', 'paid', 'kuisioner.docx'),
(4, 4, 2018, 2, 'pembayaran bulan february', 'paid', 'S4V1R4_2018_2.docx'),
(5, 4, 2018, 3, 'pembayaran gaji maret 2018', 'paid', '20180605553214_2018_3.pdf');

-- --------------------------------------------------------

--
-- Table structure for table `mdl_subscribe_mail`
--

CREATE TABLE `mdl_subscribe_mail` (
  `SMAIL_ID` int(4) NOT NULL,
  `SMAIL` varchar(64) NOT NULL,
  `SMAIL_DATE` timestamp NOT NULL DEFAULT current_timestamp() ON UPDATE current_timestamp(),
  `SMAIL_ISACTIVE` int(1) NOT NULL DEFAULT 1
) ENGINE=InnoDB DEFAULT CHARSET=latin1;

--
-- Dumping data for table `mdl_subscribe_mail`
--

INSERT INTO `mdl_subscribe_mail` (`SMAIL_ID`, `SMAIL`, `SMAIL_DATE`, `SMAIL_ISACTIVE`) VALUES
(1, 'indra.sadik@yahoo.com', '2013-09-13 12:16:38', 1),
(2, 'indra.sadik@gmail.com', '2013-09-13 12:17:05', 1),
(4, 'g3n1k@yahoo.com', '2013-09-13 12:38:21', 1);

-- --------------------------------------------------------

--
-- Table structure for table `mdl_subscribe_msg`
--

CREATE TABLE `mdl_subscribe_msg` (
  `SUB_ID` int(3) NOT NULL,
  `SUB_SUBJEK` varchar(256) NOT NULL,
  `SUB_MSG` text NOT NULL,
  `SUB_DATE` datetime NOT NULL,
  `SUB_ISACTIVE` int(1) NOT NULL DEFAULT 1
) ENGINE=InnoDB DEFAULT CHARSET=latin1;

--
-- Dumping data for table `mdl_subscribe_msg`
--

INSERT INTO `mdl_subscribe_msg` (`SUB_ID`, `SUB_SUBJEK`, `SUB_MSG`, `SUB_DATE`, `SUB_ISACTIVE`) VALUES
(1, 'Subjek Subscribe Email Pertama edit3', '<div>Gingerbread pudding halvah. Apple pie jelly-o powder macaroon oat cake wafer gummies gingerbread caramels. Sugar plum tiramisu sesame snaps marshmallow gummi bears bear claw jelly. Liquorice gingerbread chupa chups sugar plum sweet roll wafer cookie caramels cake. Topping tootsie roll lemon drops topping toffee chocolate cake sugar plum pudding. Applicake lollipop tiramisu jelly beans gummi bears. Chocolate bar macaroon croissant cake carrot cake lollipop. Ice cream unerdwear.com gummi bears bonbon gingerbread. Jujubes cotton candy tootsie roll tiramisu. Powder sweet roll donut chupa chups. Sweet cookie jujubes. Drag&eacute;e apple pie fruitcake fruitcake sesame snaps souffl&eacute; lollipop unerdwear.com applicake. Chocolate cake candy lollipop jujubes tiramisu sesame snaps caramels.<br />\nCandy apple pie unerdwear.com pudding chocolate bar bear claw. Applicake tiramisu gummi bears gingerbread pudding powder gingerbread sweet roll drag&eacute;e. Cotton candy donut cupcake marzipan cupcake sesame snaps gummi bears cotton candy. Chupa chups tiramisu tiramisu biscuit cotton candy oat cake. Chocolate cake tiramisu cupcake. Candy sesame snaps unerdwear.com liquorice apple pie brownie. Cupcake sweet roll gingerbread brownie tart danish fruitcake sweet roll. Bear claw lemon drops jujubes powder candy. Sweet croissant sugar plum. Croissant muffin caramels chocolate cake croissant jelly beans bonbon. Chocolate pastry bear claw tiramisu fruitcake jelly-o gummi bears gummi bears gingerbread. Toffee oat cake muffin chocolate cake liquorice gummi bears wafer. Chocolate sweet roll candy canes.<br />\nIcing bonbon dessert dessert applicake. Powder fruitcake caramels tootsie roll muffin. Fruitcake donut cupcake sweet gummies jelly jelly-o. Halvah chocolate cake souffl&eacute;. Tiramisu chocolate lollipop jujubes powder. Chocolate gingerbread cupcake. Cupcake jelly wafer applicake croissant souffl&eacute; biscuit. Pudding toffee bear claw macaroon icing tootsie roll tart gummi bears. Jelly biscuit candy canes oat cake brownie oat cake jelly-o. Cake pastry unerdwear.com. Halvah pastry powder. Bonbon drag&eacute;e cookie bonbon sweet toffee.<br />\nHalvah macaroon chocolate bar tootsie roll. Danish gingerbread sweet. Toffee lollipop tart gummi bears carrot cake cheesecake gingerbread apple pie. Pie chupa chups ice cream ice cream sweet powder. Icing chocolate bar biscuit icing. Unerdwear.com pie toffee biscuit. Chupa chups icing drag&eacute;e drag&eacute;e ice cream oat cake lemon drops. Croissant croissant halvah gummies. Applicake pie carrot cake biscuit. Cheesecake sweet roll cotton candy liquorice biscuit sweet roll bonbon candy canes. Gummi bears dessert sugar plum applicake carrot cake. Lemon drops apple pie cookie powder powder fruitcake icing sugar plum croissant. Souffl&eacute; apple pie tootsie roll candy canes muffin liquorice. Cheesecake applicake oat cake caramels.<br />\nBiscuit sweet roll danish ice cream bonbon biscuit pie wafer. Lemon drops sweet roll candy gingerbread cotton candy cupcake chocolate. Caramels apple pie candy canes icing biscuit cupcake macaroon cookie. Souffl&eacute; pudding tiramisu biscuit cake. Caramels cake sesame snaps gummies donut ice cream cotton candy unerdwear.com marshmallow. Cupcake bonbon jujubes pastry gingerbread muffin cupcake bonbon. Lollipop pudding bear claw danish jelly beans jelly-o tiramisu. Dessert chupa chups pudding chocolate bonbon. Tart tootsie roll marzipan lemon drops danish. Halvah marshmallow chupa chups tiramisu. Toffee carrot cake halvah. Chocolate tootsie roll caramels oat cake topping pie icing topping. Dessert chocolate bar jelly tootsie roll pastry.</div>\n', '2013-09-13 04:09:42', 1),
(2, 'Subjek Subscribe Email kedua', '<div><span class=\"st\">Using <em>jQuery&#39;s</em> .attr() method to get the value of an element&#39;s <em>attribute</em> has two <b>...</b> DOM properties such as the checked , selected , or <em>disabled</em> state of form elements, <b>...</b> or boolean) can cause memory leaks if the property is not <em>removed</em></span></div>\n', '2013-09-13 06:27:28', 1);

-- --------------------------------------------------------

--
-- Table structure for table `mdl_user`
--

CREATE TABLE `mdl_user` (
  `USR_ID` int(3) NOT NULL,
  `USR_NAME` varchar(32) NOT NULL,
  `USR_REF` varchar(32) NOT NULL,
  `USR_EMAIL` varchar(32) NOT NULL,
  `USR_PASS` varchar(64) NOT NULL,
  `USR_GRP_ID` int(2) NOT NULL,
  `USR_INDATE` datetime NOT NULL,
  `USR_UPDATE` datetime DEFAULT NULL,
  `USR_ACCESS` int(1) NOT NULL COMMENT '1 enable 2 disable',
  `USR_TOKEN` varchar(1000) DEFAULT NULL
) ENGINE=InnoDB DEFAULT CHARSET=latin1;

--
-- Dumping data for table `mdl_user`
--

INSERT INTO `mdl_user` (`USR_ID`, `USR_NAME`, `USR_REF`, `USR_EMAIL`, `USR_PASS`, `USR_GRP_ID`, `USR_INDATE`, `USR_UPDATE`, `USR_ACCESS`, `USR_TOKEN`) VALUES
(1, 'admin', '4', '0', '5633ba03bfa73d74dafff305d3b2aefb', 2, '2013-01-28 22:25:25', '0000-00-00 00:00:00', 1, 'z3rcPzPyN5HGl3sw1nMbL8rVZkQ1ejOV8stOGFwT8rheVoTF9bG6T26yfnsHuPhE'),
(4, 'sevira98@gmail.com', '', 'sevira98@gmail.com', '3574c5aba8c52c4f8c482fef5c2d3aa6', 3, '0000-00-00 00:00:00', NULL, 1, 'UlDvsmgon0KYUmFlEsbc9LtNFJJPeDvuXbvnUlNydL4sJDqYibQbyOlDePMVAE0x'),
(6, 'mrcglobal.id@gmail.com', '', 'mrcglobal.id@gmail.com', '3574c5aba8c52c4f8c482fef5c2d3aa6', 3, '0000-00-00 00:00:00', NULL, 1, '2UADy2srfmLWCxG1C9JlbYKbE46Tw95jysNKIbAmKHCpFQpAP8s0YQzRQmlm6FCU');

-- --------------------------------------------------------

--
-- Table structure for table `mdl_user_data`
--

CREATE TABLE `mdl_user_data` (
  `usr_id` int(6) NOT NULL,
  `nip` varchar(16) NOT NULL,
  `nama_lengkap` varchar(128) NOT NULL,
  `tgl_lahir` date NOT NULL,
  `posisi` varchar(128) NOT NULL,
  `atasan` varchar(128) NOT NULL,
  `atasan_nip` varchar(16) NOT NULL,
  `tgl_masuk` date NOT NULL,
  `company` varchar(128) NOT NULL,
  `tipe_karyawan` varchar(32) NOT NULL,
  `jabatan` varchar(32) NOT NULL,
  `grade` varchar(32) NOT NULL,
  `level` varchar(32) NOT NULL,
  `cost_ctr` varchar(32) NOT NULL,
  `pool` varchar(32) NOT NULL,
  `status_karyawan` varchar(32) NOT NULL,
  `email_corporate` varchar(128) NOT NULL,
  `profile_picture` varchar(256) NOT NULL DEFAULT 'no-avatar.png'
) ENGINE=InnoDB DEFAULT CHARSET=latin1;

--
-- Dumping data for table `mdl_user_data`
--

INSERT INTO `mdl_user_data` (`usr_id`, `nip`, `nama_lengkap`, `tgl_lahir`, `posisi`, `atasan`, `atasan_nip`, `tgl_masuk`, `company`, `tipe_karyawan`, `jabatan`, `grade`, `level`, `cost_ctr`, `pool`, `status_karyawan`, `email_corporate`, `profile_picture`) VALUES
(2, '', 'Marcco Global', '1990-10-24', 'Head of Marketing Department', 'Indra', '', '2017-12-01', '1', '1', '2', '1', '1', '1', '1', '1', 'marcco.global@gmail.com', ''),
(3, '18927', 'Ira Ristianti', '1976-05-02', 'Sekretaris Direksi', 'Director', '', '2017-01-01', '1', '1', '1', '12', '1', '1', '1', '1', ' ira.ristianti@bluebirdgroup.com', 'no-avatar.png'),
(4, '20180605553214', 'Sevira Dian', '1988-06-28', 'Senior Digital Marketing', '20180605003214', '20180605003214', '2018-01-02', '1', '1', '3', '1', '1', '1', '1', '1', 'sevira98@gmail.com', '9159a80e18956277c2bd0201e28c58c5.jpg'),
(6, '20180605003214', 'Marcco Digital', '2018-10-24', 'Digital Marketing Manager', 'Marcco Global', '', '2017-03-01', '1', '1', '1', '1', '1', '1', '1', '1', 'mrcglobal.id@gmail.com', '0e52d0b271c846d55da1ffbe8de76a65.jpg'),
(7, '20180605003218', 'Niko Wicaksono', '1990-10-24', 'Senior Digital Marketing', 'Marcco Digital', '', '2018-03-01', '1', '1', '7', '1', '1', '1', '1', '1', 'nikowicaksono@gmail.com', '234225431acdf5a8d6c012ac43314eff.jpg'),
(8, '20180985003214', 'Dion Fernando', '1990-10-24', 'Senior Digital Marketing', 'Marcco Digital', '20180605003214', '2018-01-01', '1', '1', '1', '1', '1', '1', '1', '1', 'dionfernando@gmail.com', 'e94e640c462286df2a547dfd8882fa31.jpg'),
(9, '19454', 'Ikhsan Widhi Rimia', '1988-08-14', 'Assistant HR Manager', 'Dion Fernando', '', '2017-11-01', '1', '1', '7', '15', '1', '1', '1', '1', ' ikhsan.widhi@bluebirdgroup.com', '6074525dacbd06322139c863a7bb8b6c.jpg'),
(10, '20180605003220', 'Marcco Digital', '1990-10-24', 'Head of Sales Department', 'Marcco Global', '', '2017-02-20', '1', '1', '2', '1', '1', '1', '1', '1', 'mrcglobal.id24@gmail.com', '65a9d94c7c00c87b26eb9b2ad6773fa2.jpeg'),
(19, 'imp01', 'import user 1', '1980-10-24', 'Digital Marketing', '', 'T3B3T', '2017-01-12', '3', '1', '2', '1', '1', '1', '1', '1', 'dumy_01@gmail.com', 'no-avatar.png'),
(20, 'imp02', 'import user 2', '1979-10-24', 'Digital Marketing', '', 'T3B3T', '2018-06-02', '3', '1', '1', '1', '1', '1', '1', '1', 'dumy_02@gmail.com', 'no-avatar.png'),
(21, 'imp03', 'import user 3', '1978-10-24', 'Digital Marketing', '', 'T3B3T', '2017-06-02', '3', '1', '7', '1', '1', '1', '1', '1', 'dumy_03@gmail.com', 'no-avatar.png'),
(22, 'imp04', 'import user 4', '1977-10-24', 'Digital Marketing', '', 'T3B3T', '2016-06-02', '3', '1', '3', '1', '1', '1', '1', '1', 'dumy_04@gmail.com', 'no-avatar.png'),
(23, 'imp05', 'import user 5', '1976-10-24', 'Digital Marketing', '', 'T3B3T', '2015-06-02', '3', '1', '7', '1', '1', '1', '1', '1', 'dumy_05@gmail.com', 'no-avatar.png'),
(24, 'imp06', 'import user 6', '1975-10-24', 'Digital Marketing', '', 'T3B3T', '2014-06-02', '3', '1', '1', '1', '1', '1', '1', '1', 'dumy_06@gmail.com', 'no-avatar.png'),
(25, 'imp07', 'import user 7', '1974-10-24', 'Digital Marketing', '', 'T3B3T', '2013-06-02', '3', '1', '10', '1', '1', '1', '1', '1', 'dumy_07@gmail.com', 'no-avatar.png'),
(26, 'imp08', 'import user 8', '1973-10-24', 'Digital Marketing', '', 'T3B3T', '2012-06-02', '3', '1', '2', '1', '1', '1', '1', '1', 'dumy_08@gmail.com', 'no-avatar.png'),
(27, '201806050032221', 'Sammy Udin', '1990-10-19', 'Head of Accounting', '', '201806050032543', '2017-01-21', '1', '1', '1', '1', '1', '1', '1', '1', 'sammy98@gmail.com', 'e8c10bd19d9719a00da953cffaa5c2de.jpeg'),
(29, '1711003', 'Ahmad Ilham Awaludin', '1987-06-03', 'Assistant HR Manager', '', '', '2017-11-01', '2', '1', '7', '14', '1', '2', '1', '1', 'ahmad.ilham@bluebirdgroup.com', 'no-avatar.png'),
(30, '1703001', 'Sony Mayuvi', '1978-10-11', 'CFO', '', '', '0000-00-00', '2', '1', '1', '1', '1', '2', '1', '1', '12345678', 'no-avatar.png'),
(31, '1608002', 'Prayoga Wiradisuria', '1978-09-19', 'Property Head', '', '', '2016-08-22', '2', '1', '3', '19', '1', '2', '1', '1', 'prayoga.wiradisuria@bluebirdgroup.com', 'no-avatar.png'),
(32, '1709002', 'Lisa Qonita', '1970-12-04', 'General Manager Organization Capabilities & Service Culture', '', '', '2017-09-10', '2', '1', '3', '19', '1', '2', '1', '1', 'lisa.qonita@bluebirdgroup.com', 'no-avatar.png'),
(33, '2072', 'Arif Effendi', '1972-11-02', 'Business Controller', '', '', '1994-10-24', '2', '1', '5', '18', '1', '1', '1', '1', ' arief.e@bluebirdgroup.com', 'no-avatar.png'),
(34, '2248', 'Andi Gunawan', '1974-04-23', 'Financial Controller', '', '', '1995-09-01', '2', '1', '5', '18', '1', '2', '1', '1', 'andignw@bluebirdgroup.com', 'no-avatar.png'),
(35, '2092', 'Herlambang Kunambardi', '1964-06-11', 'Business Governance', '', '', '1994-12-05', '2', '1', '5', '16', '1', '2', '1', '1', 'herlambang@bluebirdgroup.com', 'no-avatar.png'),
(36, '1712005', 'Mutiara Dewi Ariani', '1987-07-11', 'Telent Manager & HR Coordinator', '', '', '2017-12-04', '2', '1', '5', '18', '1', '2', '1', '1', ' mutiara.dewi@bluebirdgroup.com', 'no-avatar.png'),
(37, '18972', 'Soffy Desritawati', '1982-12-02', 'Sekretaris PCD', '', '', '2017-02-13', '1', '1', '9', '12', '1', '1', '1', '1', 'soffy.desritawati@bluebirdgroup.com', 'no-avatar.png'),
(41, '1601001', 'Indrijati Rahayoeningtyas', '1968-09-03', 'HR Director', '', '', '2016-01-01', '2', '1', '1', '0', '1', '2', '1', '1', 'indrijati.rahayoe@bluebirdgroup.com', 'no-avatar.png'),
(42, '2015002324', 'didit permadi', '0000-00-00', 'Digital Marketing', '', '2.01806E+13', '0000-00-00', '1', '1', '4', '1', '1', '1', '1', '1', 'diditpermadi@gmail.com', 'no-avatar.png'),
(43, '2016002324', 'haryono nyoto', '0000-00-00', 'Digital Marketing', '', '2.01806E+13', '0000-00-00', '1', '2', '4', '1', '1', '1', '1', '2', 'haryononyoto@gmail.com', 'no-avatar.png'),
(44, '2017002324', 'fernando uruga', '1987-11-24', 'Digital Marketing', '', '2.01806E+13', '0000-00-00', '1', '2', '5', '1', '1', '1', '1', '2', 'fernandouruga@gmail.com', 'no-avatar.png'),
(45, '2015002324', 'didit permadi', '0000-00-00', 'Digital Marketing', '', '2.01806E+13', '0000-00-00', '1', '1', '4', '1', '1', '1', '1', '1', 'diditpermadi@gmail.com', 'no-avatar.png'),
(46, '2016002324', 'haryono nyoto', '0000-00-00', 'Digital Marketing', '', '2.01806E+13', '0000-00-00', '1', '2', '4', '1', '1', '1', '1', '2', 'haryononyoto@gmail.com', 'no-avatar.png'),
(47, '2017002324', 'fernando uruga', '1987-11-24', 'Digital Marketing', '', '2.01806E+13', '0000-00-00', '1', '2', '5', '1', '1', '1', '1', '2', 'fernandouruga@gmail.com', 'no-avatar.png'),
(48, '2015002324', 'didit permadi', '0000-00-00', 'Digital Marketing', '', '20180605003214', '0000-00-00', '1', '1', '4', '1', '1', '1', '1', '1', 'diditpermadi@gmail.com', 'no-avatar.png'),
(49, '2016002324', 'haryono nyoto', '0000-00-00', 'Digital Marketing', '', '20180605003214', '0000-00-00', '1', '1', '4', '1', '1', '1', '1', '1', 'haryononyoto@gmail.com', 'no-avatar.png'),
(50, '2017002324', 'fernando uruga', '1987-11-24', 'Digital Marketing', '', '20180605003214', '0000-00-00', '1', '1', '5', '1', '1', '1', '1', '1', 'fernandouruga@gmail.com', 'no-avatar.png'),
(51, '2015002324', 'didit permadi', '0000-00-00', 'Digital Marketing', '', '20180605003214', '0000-00-00', '1', '1', '4', '1', '1', '1', '1', '1', 'diditpermadi@gmail.com', 'no-avatar.png'),
(52, '2016002324', 'haryono nyoto', '0000-00-00', 'Digital Marketing', '', '20180605003214', '0000-00-00', '1', '1', '4', '1', '1', '1', '1', '1', 'haryononyoto@gmail.com', 'no-avatar.png'),
(53, '2017002324', 'fernando uruga', '1987-11-24', 'Digital Marketing', '', '20180605003214', '0000-00-00', '1', '1', '5', '1', '1', '1', '1', '1', 'fernandouruga@gmail.com', 'no-avatar.png'),
(54, 'imp01', 'import user 1', '1980-10-24', 'Digital Marketing', '', 'T3B3T', '2017-01-12', '3', '1', '2', '1', '1', '1', '1', '1', 'dumy_01@gmail.com', 'no-avatar.png'),
(55, 'imp02', 'import user 2', '1979-10-24', 'Digital Marketing', '', 'T3B3T', '2018-06-02', '3', '1', '1', '1', '1', '1', '1', '1', 'dumy_02@gmail.com', 'no-avatar.png'),
(56, 'imp03', 'import user 3', '1978-10-24', 'Digital Marketing', '', 'T3B3T', '2017-06-02', '3', '1', '7', '1', '1', '1', '1', '1', 'dumy_03@gmail.com', 'no-avatar.png'),
(57, 'imp04', 'import user 4', '1977-10-24', 'Digital Marketing', '', 'T3B3T', '2016-06-02', '3', '1', '3', '1', '1', '1', '1', '1', 'dumy_04@gmail.com', 'no-avatar.png'),
(58, 'imp05', 'import user 5', '1976-10-24', 'Digital Marketing', '', 'T3B3T', '2015-06-02', '3', '1', '7', '1', '1', '1', '1', '1', 'dumy_05@gmail.com', 'no-avatar.png'),
(59, 'imp06', 'import user 6', '1975-10-24', 'Digital Marketing', '', 'T3B3T', '2014-06-02', '3', '1', '1', '1', '1', '1', '1', '1', 'dumy_06@gmail.com', 'no-avatar.png'),
(60, 'imp07', 'import user 7', '1974-10-24', 'Digital Marketing', '', 'T3B3T', '2013-06-02', '3', '1', '10', '1', '1', '1', '1', '1', 'dumy_07@gmail.com', 'no-avatar.png'),
(61, 'imp08', 'import user 8', '1973-10-24', 'Digital Marketing', '', 'T3B3T', '2012-06-02', '3', '1', '2', '1', '1', '1', '1', '1', 'dumy_08@gmail.com', 'no-avatar.png'),
(62, 'imp09', 'import user 9', '1987-10-24', 'Digital Marketing', '', 'imp08', '0000-00-00', '3', '1', '2', '1', '1', '1', '1', '1', 'dumy_09@gmail.com', 'no-avatar.png'),
(63, 'imp10', 'import user 10', '1987-10-24', 'Digital Marketing', '', 'imp08', '0000-00-00', '3', '1', '1', '1', '1', '1', '1', '1', 'dumy_10@gmail.com', 'no-avatar.png'),
(64, 'imp11', 'import user 11', '1987-10-24', 'Digital Marketing', '', 'imp08', '0000-00-00', '3', '1', '7', '1', '1', '1', '1', '1', 'dumy_11@gmail.com', 'no-avatar.png'),
(65, 'imp12', 'import user 12', '1987-10-24', 'Digital Marketing', '', 'imp08', '0000-00-00', '3', '1', '3', '1', '1', '1', '1', '1', 'dumy_12@gmail.com', 'no-avatar.png'),
(66, 'imp13', 'import user 13', '1987-10-24', 'Digital Marketing', '', 'imp08', '0000-00-00', '3', '1', '7', '1', '1', '1', '1', '1', 'dumy_13@gmail.com', 'no-avatar.png'),
(67, 'imp14', 'import user 14', '1987-10-24', 'Digital Marketing', '', 'imp08', '0000-00-00', '3', '1', '1', '1', '1', '1', '1', '1', 'dumy_14@gmail.com', 'no-avatar.png'),
(68, 'imp15', 'import user 15', '1987-10-24', 'Digital Marketing', '', 'imp08', '0000-00-00', '3', '1', '10', '1', '1', '1', '1', '1', 'dumy_15@gmail.com', 'no-avatar.png'),
(69, 'imp16', 'import user 16', '1987-10-24', 'Digital Marketing', '', 'imp08', '0000-00-00', '3', '1', '2', '1', '1', '1', '1', '1', 'dumy_16@gmail.com', 'no-avatar.png'),
(70, 'cbimp01', 'coba import 1', '0000-00-00', 'Digital Marketing', '', 'T3B3T', '0000-00-00', '3', '1', '2', '1', '1', '1', '1', '1', 'coba1@gmail.com', 'no-avatar.png'),
(71, 'cbimp02', 'coba import 2', '0000-00-00', 'Digital Marketing', '', 'T3B3T', '0000-00-00', '3', '2', '1', '1', '1', '1', '1', '2', 'coba2@gmail.com', 'no-avatar.png'),
(72, 'cbimp03', 'coba import 3', '0000-00-00', 'Digital Marketing', '', 'T3B3T', '0000-00-00', '3', '2', '7', '1', '1', '1', '1', '2', 'coba3@gmail.com', 'no-avatar.png'),
(73, 'cbimp04', 'coba import 4', '0000-00-00', 'Digital Marketing', '', 'T3B3T', '0000-00-00', '3', '1', '3', '1', '1', '1', '1', '1', 'coba4@gmail.com', 'no-avatar.png'),
(74, 'cbimp05', 'coba import 5', '0000-00-00', 'Digital Marketing', '', 'T3B3T', '0000-00-00', '3', '1', '7', '1', '1', '1', '1', '1', 'coba5@gmail.com', 'no-avatar.png'),
(75, 'cbimp06', 'coba import 6', '0000-00-00', 'Digital Marketing', '', 'T3B3T', '0000-00-00', '3', '1', '1', '1', '1', '1', '1', '1', 'coba6@gmail.com', 'no-avatar.png'),
(76, 'cbimp07', 'coba import 7', '0000-00-00', 'Digital Marketing', '', 'T3B3T', '0000-00-00', '3', '1', '10', '1', '1', '1', '1', '1', 'coba7@gmail.com', 'no-avatar.png'),
(77, 'cbimp08', 'coba import 8', '0000-00-00', 'Digital Marketing', '', 'T3B3T', '0000-00-00', '3', '1', '2', '1', '1', '1', '1', '1', 'coba8@gmail.com', 'no-avatar.png'),
(78, 'cbimp09', 'coba import 9', '1987-02-01', 'Digital Marketing', '', 'T3B3T', '2016-01-12', '3', '1', '2', '1', '1', '1', '1', '1', 'coba9@gmail.com', 'no-avatar.png'),
(79, 'cbimp10', 'coba import 10', '1982-02-01', 'Digital Marketing', '', 'T3B3T', '2015-06-02', '3', '2', '1', '1', '1', '1', '1', '2', 'coba10@gmail.com', 'no-avatar.png'),
(80, 'cbimp11', 'coba import 11', '1979-09-11', 'Digital Marketing', '', 'T3B3T', '2010-06-02', '3', '2', '7', '1', '1', '1', '1', '2', 'coba11@gmail.com', 'no-avatar.png'),
(81, 'cbimp12', 'coba import 12', '1977-10-24', 'Digital Marketing', '', 'T3B3T', '2016-06-02', '3', '1', '3', '1', '1', '1', '1', '1', 'coba12@gmail.com', 'no-avatar.png'),
(82, 'cbimp13', 'coba import 13', '1976-10-24', 'Digital Marketing', '', 'T3B3T', '2015-06-02', '3', '1', '7', '1', '1', '1', '1', '1', 'coba13@gmail.com', 'no-avatar.png'),
(83, 'cbimp14', 'coba import 14', '1975-10-24', 'Digital Marketing', '', 'T3B3T', '2014-06-02', '3', '1', '1', '1', '1', '1', '1', '1', 'coba14@gmail.com', 'no-avatar.png'),
(84, 'cbimp15', 'coba import 15', '1974-10-24', 'Digital Marketing', '', 'T3B3T', '2013-06-02', '3', '1', '10', '1', '1', '1', '1', '1', 'coba15@gmail.com', 'no-avatar.png'),
(85, 'cbimp16', 'coba import 16', '1973-10-24', 'Digital Marketing', '', 'T3B3T', '2012-06-02', '3', '1', '2', '1', '1', '1', '1', '1', 'coba16@gmail.com', 'no-avatar.png');

-- --------------------------------------------------------

--
-- Table structure for table `mdl_user_group`
--

CREATE TABLE `mdl_user_group` (
  `USR_GRP_ID` int(2) NOT NULL,
  `USR_GRP_NAME` varchar(32) NOT NULL,
  `USR_GRP_DESC` text DEFAULT NULL,
  `USR_GRP_ACCESS` int(1) NOT NULL DEFAULT 1
) ENGINE=InnoDB DEFAULT CHARSET=latin1;

--
-- Dumping data for table `mdl_user_group`
--

INSERT INTO `mdl_user_group` (`USR_GRP_ID`, `USR_GRP_NAME`, `USR_GRP_DESC`, `USR_GRP_ACCESS`) VALUES
(1, 'guest', 'Kelompok pengguna tamu', 1),
(2, 'admin', 'Kelompok pengguna Administrator	', 1),
(3, 'user', 'Kelompok pengguna Terdaftar dan yang diperbolehkan masuk', 1);

-- --------------------------------------------------------

--
-- Table structure for table `mdl_user_office`
--

CREATE TABLE `mdl_user_office` (
  `usr_id` int(11) NOT NULL,
  `office_id` text NOT NULL,
  `is_active` int(1) NOT NULL DEFAULT 1
) ENGINE=InnoDB DEFAULT CHARSET=latin1 COMMENT='hubungan user dengan kantor, 1 user bisa multiple kantor' ROW_FORMAT=COMPACT;

--
-- Dumping data for table `mdl_user_office`
--

INSERT INTO `mdl_user_office` (`usr_id`, `office_id`, `is_active`) VALUES
(4, '[1]', 1),
(6, '[1,2]', 1);

-- --------------------------------------------------------

--
-- Table structure for table `mdl_user_recovery`
--

CREATE TABLE `mdl_user_recovery` (
  `REC_ID` int(5) NOT NULL,
  `USR_ID` int(4) NOT NULL,
  `REC_KEY` varchar(32) NOT NULL,
  `REC_EXPIRED` int(10) NOT NULL,
  `REC_OK` int(1) NOT NULL DEFAULT 0
) ENGINE=InnoDB DEFAULT CHARSET=latin1;

-- --------------------------------------------------------

--
-- Table structure for table `mdl_widget`
--

CREATE TABLE `mdl_widget` (
  `WID_ID` int(3) NOT NULL,
  `WID_TITLE` varchar(32) NOT NULL,
  `WID_TITLE_SHOW` int(1) NOT NULL DEFAULT 1,
  `WID_URI` varchar(32) NOT NULL,
  `WID_SCRIPT` text NOT NULL,
  `WID_NAV` int(1) NOT NULL COMMENT '0 tidak 1 tampil seluruh halaman',
  `WID_ACTIVE` int(1) NOT NULL DEFAULT 1 COMMENT '0 tidak aktip, 1 aktip'
) ENGINE=InnoDB DEFAULT CHARSET=latin1;

--
-- Dumping data for table `mdl_widget`
--

INSERT INTO `mdl_widget` (`WID_ID`, `WID_TITLE`, `WID_TITLE_SHOW`, `WID_URI`, `WID_SCRIPT`, `WID_NAV`, `WID_ACTIVE`) VALUES
(7, 'WikiPedia Link Widget', 1, 'wikipedia', '<a href=\'http://wikipedia.com\'>wikipedia</a>', 0, 0),
(16, 'Facebook Like Box Widget', 1, 'facebook', '<div class=\"fb-like-box\" data-href=\"https://www.facebook.com/FacebookDevelopers\" data-width=\"300\" data-show-faces=\"true\" data-header=\"true\" data-stream=\"false\" data-show-border=\"true\"></div>', 0, 0),
(19, 'Google Badge Widget', 1, 'google', '<!-- Place this tag where you want the widget to render. -->\n<div class=\"g-community\" data-width=\"180\" data-href=\"https://plus.google.com/u/0/communities/104388679763490357266\"></div>\n\n<!-- Place this tag after the last widget tag. -->\n<script type=\"text/javascript\">\n  (function() {\n    var po = document.createElement(\'script\'); po.type = \'text/javascript\'; po.async = true;\n    po.src = \'https://apis.google.com/js/plusone.js\';\n    var s = document.getElementsByTagName(\'script\')[0]; s.parentNode.insertBefore(po, s);\n  })();\n</script>', 0, 0);

-- --------------------------------------------------------

--
-- Table structure for table `mdl_widget_navigation_group`
--

CREATE TABLE `mdl_widget_navigation_group` (
  `WID_ID` int(3) NOT NULL,
  `NAV_GROUP_ID` int(3) NOT NULL
) ENGINE=InnoDB DEFAULT CHARSET=latin1;

-- --------------------------------------------------------

--
-- Table structure for table `mdl_widget_navigation_list`
--

CREATE TABLE `mdl_widget_navigation_list` (
  `WID_ID` int(3) NOT NULL,
  `NAV_LIST_ID` int(3) NOT NULL
) ENGINE=InnoDB DEFAULT CHARSET=latin1;

--
-- Dumping data for table `mdl_widget_navigation_list`
--

INSERT INTO `mdl_widget_navigation_list` (`WID_ID`, `NAV_LIST_ID`) VALUES
(0, 1),
(0, 69),
(0, 69),
(0, 69),
(19, 69),
(7, 69),
(16, 69);

-- --------------------------------------------------------

--
-- Table structure for table `mstr_day`
--

CREATE TABLE `mstr_day` (
  `DAY_ID` varchar(1) NOT NULL,
  `DAY_DAY` varchar(16) NOT NULL
) ENGINE=MyISAM DEFAULT CHARSET=latin1;

--
-- Dumping data for table `mstr_day`
--

INSERT INTO `mstr_day` (`DAY_ID`, `DAY_DAY`) VALUES
('0', 'Sunday'),
('1', 'Monday'),
('2', 'Tuesday'),
('3', 'Wednesday'),
('4', 'Thursday'),
('5', 'Friday'),
('6', 'Saturday');

-- --------------------------------------------------------

--
-- Table structure for table `mstr_sex`
--

CREATE TABLE `mstr_sex` (
  `SEX_ID` int(1) NOT NULL,
  `SEX` varchar(5) NOT NULL
) ENGINE=MyISAM DEFAULT CHARSET=latin1;

--
-- Dumping data for table `mstr_sex`
--

INSERT INTO `mstr_sex` (`SEX_ID`, `SEX`) VALUES
(1, 'Men'),
(2, 'Women');

-- --------------------------------------------------------

--
-- Table structure for table `mstr_status`
--

CREATE TABLE `mstr_status` (
  `STAT_ID` int(1) NOT NULL,
  `STAT` varchar(32) NOT NULL
) ENGINE=InnoDB DEFAULT CHARSET=latin1;

--
-- Dumping data for table `mstr_status`
--

INSERT INTO `mstr_status` (`STAT_ID`, `STAT`) VALUES
(0, 'Disabled'),
(1, 'Enabled');

-- --------------------------------------------------------

--
-- Table structure for table `ori_master_kabupaten`
--

CREATE TABLE `ori_master_kabupaten` (
  `PROV_KODE` varchar(255) DEFAULT NULL,
  `KAB_KODE` varchar(255) DEFAULT NULL,
  `PROV` varchar(255) DEFAULT NULL,
  `KAB` varchar(255) DEFAULT NULL
) ENGINE=InnoDB DEFAULT CHARSET=latin1;

--
-- Dumping data for table `ori_master_kabupaten`
--

INSERT INTO `ori_master_kabupaten` (`PROV_KODE`, `KAB_KODE`, `PROV`, `KAB`) VALUES
('11', '01', 'ACEH', 'ACEH SELATAN'),
('11', '02', 'ACEH', 'ACEH TENGGARA'),
('11', '03', 'ACEH', 'ACEH TIMUR'),
('11', '04', 'ACEH', 'ACEH TENGAH'),
('11', '05', 'ACEH', 'ACEH BARAT'),
('11', '06', 'ACEH', 'ACEH BESAR'),
('11', '07', 'ACEH', 'PIDIE'),
('11', '08', 'ACEH', 'ACEH UTARA'),
('11', '09', 'ACEH', 'SIMEULUE'),
('11', '10', 'ACEH', 'ACEH SINGKIL'),
('11', '11', 'ACEH', 'BIREUEN'),
('11', '12', 'ACEH', 'ACEH BARAT DAYA'),
('11', '13', 'ACEH', 'GAYO LUES'),
('11', '14', 'ACEH', 'ACEH JAYA'),
('11', '15', 'ACEH', 'NAGAN RAYA'),
('11', '16', 'ACEH', 'ACEH TAMIANG'),
('11', '17', 'ACEH', 'BENER MERIAH'),
('11', '18', 'ACEH', 'PIDIE JAYA'),
('11', '71', 'ACEH', 'KOTA BANDA ACEH'),
('11', '72', 'ACEH', 'KOTA SABANG'),
('11', '73', 'ACEH', 'KOTA LHOKSEUMAWE'),
('11', '74', 'ACEH', 'KOTA LANGSA'),
('11', '75', 'ACEH', 'KOTA SUBULUSSALAM'),
('12', '01', 'SUMATERA UTARA', 'TAPANULI TENGAH'),
('12', '02', 'SUMATERA UTARA', 'TAPANULI UTARA'),
('12', '03', 'SUMATERA UTARA', 'TAPANULI SELATAN'),
('12', '04', 'SUMATERA UTARA', 'NIAS'),
('12', '05', 'SUMATERA UTARA', 'LANGKAT'),
('12', '06', 'SUMATERA UTARA', 'KARO'),
('12', '07', 'SUMATERA UTARA', 'DELI SERDANG'),
('12', '08', 'SUMATERA UTARA', 'SIMALUNGUN'),
('12', '09', 'SUMATERA UTARA', 'ASAHAN'),
('12', '10', 'SUMATERA UTARA', 'LABUHANBATU'),
('12', '11', 'SUMATERA UTARA', 'DAIRI'),
('12', '12', 'SUMATERA UTARA', 'TOBA SAMOSIR'),
('12', '13', 'SUMATERA UTARA', 'MANDAILING NATAL'),
('12', '14', 'SUMATERA UTARA', 'NIAS SELATAN'),
('12', '15', 'SUMATERA UTARA', 'PAKPAK BHARAT'),
('12', '16', 'SUMATERA UTARA', 'HUMBANG HASUNDUTAN'),
('12', '17', 'SUMATERA UTARA', 'SAMOSIR'),
('12', '18', 'SUMATERA UTARA', 'SERDANG BEDAGAI'),
('12', '19', 'SUMATERA UTARA', 'BATU BARA'),
('12', '20', 'SUMATERA UTARA', 'PADANG LAWAS UTARA'),
('12', '21', 'SUMATERA UTARA', 'PADANG LAWAS'),
('12', '22', 'SUMATERA UTARA', 'LABUHANBATU SELATAN'),
('12', '23', 'SUMATERA UTARA', 'LABUHANBATU UTARA'),
('12', '24', 'SUMATERA UTARA', 'NIAS UTARA'),
('12', '25', 'SUMATERA UTARA', 'NIAS BARAT'),
('12', '71', 'SUMATERA UTARA', 'KOTA MEDAN'),
('12', '72', 'SUMATERA UTARA', 'KOTA PEMATANGSIANTAR'),
('12', '73', 'SUMATERA UTARA', 'KOTA SIBOLGA'),
('12', '74', 'SUMATERA UTARA', 'KOTA TANJUNG BALAI'),
('12', '75', 'SUMATERA UTARA', 'KOTA BINJAI'),
('12', '76', 'SUMATERA UTARA', 'KOTA TEBING TINGGI'),
('12', '77', 'SUMATERA UTARA', 'KOTA PADANG SIDIMPUAN'),
('12', '78', 'SUMATERA UTARA', 'KOTA GUNUNGSITOLI'),
('13', '01', 'SUMATERA BARAT', 'PESISIR SELATAN'),
('13', '02', 'SUMATERA BARAT', 'SOLOK'),
('13', '03', 'SUMATERA BARAT', 'SIJUNJUNG'),
('13', '04', 'SUMATERA BARAT', 'TANAH DATAR'),
('13', '05', 'SUMATERA BARAT', 'PADANG PARIAMAN'),
('13', '06', 'SUMATERA BARAT', 'AGAM'),
('13', '07', 'SUMATERA BARAT', 'LIMA PULUH KOTA'),
('13', '08', 'SUMATERA BARAT', 'PASAMAN'),
('13', '09', 'SUMATERA BARAT', 'KEPULAUAN MENTAWAI'),
('13', '10', 'SUMATERA BARAT', 'DHARMASRAYA'),
('13', '11', 'SUMATERA BARAT', 'SOLOK SELATAN'),
('13', '12', 'SUMATERA BARAT', 'PASAMAN BARAT'),
('13', '71', 'SUMATERA BARAT', 'KOTA PADANG'),
('13', '72', 'SUMATERA BARAT', 'KOTA SOLOK'),
('13', '73', 'SUMATERA BARAT', 'KOTA SAWAHLUNTO'),
('13', '74', 'SUMATERA BARAT', 'KOTA PADANG PANJANG'),
('13', '75', 'SUMATERA BARAT', 'KOTA BUKITTINGGI'),
('13', '76', 'SUMATERA BARAT', 'KOTA PAYAKUMBUH'),
('13', '77', 'SUMATERA BARAT', 'KOTA PARIAMAN'),
('14', '01', 'RIAU', 'KAMPAR'),
('14', '02', 'RIAU', 'INDRAGIRI HULU'),
('14', '03', 'RIAU', 'BENGKALIS'),
('14', '04', 'RIAU', 'INDRAGIRI HILIR'),
('14', '05', 'RIAU', 'PELALAWAN'),
('14', '06', 'RIAU', 'ROKAN HULU'),
('14', '07', 'RIAU', 'ROKAN HILIR'),
('14', '08', 'RIAU', 'SIAK'),
('14', '09', 'RIAU', 'KUANTAN SINGINGI'),
('14', '10', 'RIAU', 'KEPULAUAN MERANTI'),
('14', '71', 'RIAU', 'KOTA PEKANBARU'),
('14', '72', 'RIAU', 'KOTA DUMAI'),
('15', '01', 'JAMBI', 'KERINCI'),
('15', '02', 'JAMBI', 'MERANGIN'),
('15', '03', 'JAMBI', 'SAROLANGUN'),
('15', '04', 'JAMBI', 'BATANG HARI'),
('15', '05', 'JAMBI', 'MUARO JAMBI'),
('15', '06', 'JAMBI', 'TANJUNG JABUNG BARAT'),
('15', '07', 'JAMBI', 'TANJUNG JABUNG TIMUR'),
('15', '08', 'JAMBI', 'BUNGO'),
('15', '09', 'JAMBI', 'TEBO'),
('15', '71', 'JAMBI', 'KOTA JAMBI'),
('15', '72', 'JAMBI', 'KOTA SUNGAI PENUH'),
('16', '01', 'SUMATERA SELATAN', 'OGAN KOMERING ULU'),
('16', '02', 'SUMATERA SELATAN', 'OGAN KOMERING ILIR'),
('16', '03', 'SUMATERA SELATAN', 'MUARA ENIM'),
('16', '04', 'SUMATERA SELATAN', 'LAHAT'),
('16', '05', 'SUMATERA SELATAN', 'MUSI RAWAS'),
('16', '06', 'SUMATERA SELATAN', 'MUSI BANYUASIN'),
('16', '07', 'SUMATERA SELATAN', 'BANYUASIN'),
('16', '08', 'SUMATERA SELATAN', 'OGAN KOMERING ULU TIMUR'),
('16', '09', 'SUMATERA SELATAN', 'OGAN KOMERING ULU SELATAN'),
('16', '10', 'SUMATERA SELATAN', 'OGAN ILIR'),
('16', '11', 'SUMATERA SELATAN', 'EMPAT LAWANG'),
('16', '71', 'SUMATERA SELATAN', 'KOTA PALEMBANG'),
('16', '72', 'SUMATERA SELATAN', 'KOTA PAGAR ALAM'),
('16', '73', 'SUMATERA SELATAN', 'KOTA LUBUKLINGGAU'),
('16', '74', 'SUMATERA SELATAN', 'KOTA PRABUMULIH'),
('17', '01', 'BENGKULU', 'BENGKULU SELATAN'),
('17', '02', 'BENGKULU', 'REJANG LEBONG'),
('17', '03', 'BENGKULU', 'BENGKULU UTARA'),
('17', '04', 'BENGKULU', 'KAUR'),
('17', '05', 'BENGKULU', 'SELUMA'),
('17', '06', 'BENGKULU', 'MUKOMUKO'),
('17', '07', 'BENGKULU', 'MUKOMUKO'),
('17', '08', 'BENGKULU', 'KEPAHIANG'),
('17', '09', 'BENGKULU', 'BENGKULU TENGAH'),
('17', '71', 'BENGKULU', 'KOTA BENGKULU'),
('18', '01', 'LAMPUNG', 'LAMPUNG SELATAN'),
('18', '02', 'LAMPUNG', 'LAMPUNG TENGAH'),
('18', '03', 'LAMPUNG', 'LAMPUNG UTARA'),
('18', '04', 'LAMPUNG', 'LAMPUNG BARAT'),
('18', '05', 'LAMPUNG', 'TULANG BAWANG'),
('18', '06', 'LAMPUNG', 'TANGGAMUS'),
('18', '07', 'LAMPUNG', 'LAMPUNG TIMUR'),
('18', '08', 'LAMPUNG', 'WAY KANAN'),
('18', '09', 'LAMPUNG', 'PESAWARAN'),
('18', '10', 'LAMPUNG', 'PRINGSEWU'),
('18', '11', 'LAMPUNG', 'MESUJI'),
('18', '12', 'LAMPUNG', 'TULANG BAWANG BARAT'),
('18', '71', 'LAMPUNG', 'KOTA BANDAR LAMPUNG'),
('18', '72', 'LAMPUNG', 'KOTA METRO'),
('19', '01', 'KEPULAUAN BANGKA BELITUNG', 'BANGKA'),
('19', '02', 'KEPULAUAN BANGKA BELITUNG', 'BELITUNG'),
('19', '03', 'KEPULAUAN BANGKA BELITUNG', 'BANGKA SELATAN'),
('19', '04', 'KEPULAUAN BANGKA BELITUNG', 'BANGKA TENGAH'),
('19', '05', 'KEPULAUAN BANGKA BELITUNG', 'BANGKA BARAT'),
('19', '06', 'KEPULAUAN BANGKA BELITUNG', 'BELITUNG TIMUR'),
('19', '71', 'KEPULAUAN BANGKA BELITUNG', 'KOTA PANGKALPINANG'),
('21', '01', 'KEPULAUAN RIAU', 'BINTAN'),
('21', '02', 'KEPULAUAN RIAU', 'KARIMUN'),
('21', '03', 'KEPULAUAN RIAU', 'NATUNA'),
('21', '04', 'KEPULAUAN RIAU', 'LINGGA'),
('21', '05', 'KEPULAUAN RIAU', 'KEPULAUAN ANAMBAS'),
('21', '71', 'KEPULAUAN RIAU', 'KOTA BATAM'),
('21', '72', 'KEPULAUAN RIAU', 'KOTA TANJUNG PINANG'),
('31', '01', 'DKI JAKARTA', 'KEPULAUAN SERIBU'),
('31', '71', 'DKI JAKARTA', 'JAKARTA PUSAT'),
('31', '72', 'DKI JAKARTA', 'JAKARTA UTARA'),
('31', '73', 'DKI JAKARTA', 'JAKARTA BARAT'),
('31', '74', 'DKI JAKARTA', 'JAKARTA SELATAN'),
('31', '75', 'DKI JAKARTA', 'JAKARTA TIMUR'),
('32', '01', 'JAWA BARAT', 'BOGOR'),
('32', '02', 'JAWA BARAT', 'SUKABUMI'),
('32', '03', 'JAWA BARAT', 'CIANJUR'),
('32', '04', 'JAWA BARAT', 'BANDUNG'),
('32', '05', 'JAWA BARAT', 'GARUT'),
('32', '06', 'JAWA BARAT', 'TASIKMALAYA'),
('32', '07', 'JAWA BARAT', 'CIAMIS'),
('32', '08', 'JAWA BARAT', 'KUNINGAN'),
('32', '09', 'JAWA BARAT', 'CIREBON'),
('32', '10', 'JAWA BARAT', 'MAJALENGKA'),
('32', '11', 'JAWA BARAT', 'SUMEDANG'),
('32', '12', 'JAWA BARAT', 'INDRAMAYU'),
('32', '13', 'JAWA BARAT', 'SUBANG'),
('32', '14', 'JAWA BARAT', 'PURWAKARTA'),
('32', '15', 'JAWA BARAT', 'KARAWANG'),
('32', '16', 'JAWA BARAT', 'BEKASI'),
('32', '17', 'JAWA BARAT', 'BANDUNG BARAT'),
('32', '71', 'JAWA BARAT', 'KOTA BOGOR'),
('32', '72', 'JAWA BARAT', 'KOTA SUKABUMI'),
('32', '73', 'JAWA BARAT', 'KOTA BANDUNG'),
('32', '74', 'JAWA BARAT', 'KOTA CIREBON'),
('32', '75', 'JAWA BARAT', 'KOTA BEKASI'),
('32', '76', 'JAWA BARAT', 'KOTA DEPOK'),
('32', '77', 'JAWA BARAT', 'KOTA CIMAHI'),
('32', '78', 'JAWA BARAT', 'KOTA TASIKMALAYA'),
('32', '79', 'JAWA BARAT', 'KOTA BANJAR'),
('33', '01', 'JAWA TENGAH', 'CILACAP'),
('33', '02', 'JAWA TENGAH', 'BANYUMAS'),
('33', '03', 'JAWA TENGAH', 'PURBALINGGA'),
('33', '04', 'JAWA TENGAH', 'BANJARNEGARA'),
('33', '05', 'JAWA TENGAH', 'KEBUMEN'),
('33', '06', 'JAWA TENGAH', 'PURWOREJO'),
('33', '07', 'JAWA TENGAH', 'WONOSOBO'),
('33', '08', 'JAWA TENGAH', 'MAGELANG'),
('33', '09', 'JAWA TENGAH', 'BOYOLALI'),
('33', '10', 'JAWA TENGAH', 'KLATEN'),
('33', '11', 'JAWA TENGAH', 'SUKOHARJO'),
('33', '12', 'JAWA TENGAH', 'WONOGIRI'),
('33', '13', 'JAWA TENGAH', 'KARANGANYAR'),
('33', '14', 'JAWA TENGAH', 'SRAGEN'),
('33', '15', 'JAWA TENGAH', 'GROBOGAN'),
('33', '16', 'JAWA TENGAH', 'BLORA'),
('33', '17', 'JAWA TENGAH', 'REMBANG'),
('33', '18', 'JAWA TENGAH', 'PATI'),
('33', '19', 'JAWA TENGAH', 'KUDUS'),
('33', '20', 'JAWA TENGAH', 'JEPARA'),
('33', '21', 'JAWA TENGAH', 'DEMAK'),
('33', '22', 'JAWA TENGAH', 'SEMARANG'),
('33', '23', 'JAWA TENGAH', 'TEMANGGUNG'),
('33', '24', 'JAWA TENGAH', 'KENDAL'),
('33', '25', 'JAWA TENGAH', 'BATANG'),
('33', '26', 'JAWA TENGAH', 'PEKALONGAN'),
('33', '27', 'JAWA TENGAH', 'PEMALANG'),
('33', '28', 'JAWA TENGAH', 'TEGAL'),
('33', '29', 'JAWA TENGAH', 'BREBES'),
('33', '71', 'JAWA TENGAH', 'KOTA MAGELANG'),
('33', '72', 'JAWA TENGAH', 'KOTA SURAKARTA'),
('33', '73', 'JAWA TENGAH', 'KOTA SALATIGA'),
('33', '74', 'JAWA TENGAH', 'KOTA SEMARANG'),
('33', '75', 'JAWA TENGAH', 'KOTA PEKALONGAN'),
('33', '76', 'JAWA TENGAH', 'KOTA TEGAL'),
('34', '01', 'DAERAH ISTIMEWA YOGYAKARTA', 'KULONPROGO'),
('34', '02', 'DAERAH ISTIMEWA YOGYAKARTA', 'BANTUL'),
('34', '03', 'DAERAH ISTIMEWA YOGYAKARTA', 'GUNUNGKIDUL'),
('34', '04', 'DAERAH ISTIMEWA YOGYAKARTA', 'SLEMAN'),
('34', '71', 'DAERAH ISTIMEWA YOGYAKARTA', 'KOTA YOGYAKARTA'),
('35', '01', 'JAWA TIMUR', 'PACITAN'),
('35', '02', 'JAWA TIMUR', 'PONOROGO'),
('35', '03', 'JAWA TIMUR', 'TRENGGALEK'),
('35', '04', 'JAWA TIMUR', 'TULUNGAGUNG'),
('35', '05', 'JAWA TIMUR', 'BLITAR'),
('35', '06', 'JAWA TIMUR', 'KEDIRI'),
('35', '07', 'JAWA TIMUR', 'MALANG'),
('35', '08', 'JAWA TIMUR', 'LUMAJANG'),
('35', '09', 'JAWA TIMUR', 'JEMBER'),
('35', '10', 'JAWA TIMUR', 'BANYUWANGI'),
('35', '11', 'JAWA TIMUR', 'BONDOWOSO'),
('35', '12', 'JAWA TIMUR', 'SITUBONDO'),
('35', '13', 'JAWA TIMUR', 'PROBOLINGGO'),
('35', '14', 'JAWA TIMUR', 'PASURUAN'),
('35', '15', 'JAWA TIMUR', 'SIDOARJO'),
('35', '16', 'JAWA TIMUR', 'MOJOKERTO'),
('35', '17', 'JAWA TIMUR', 'JOMBANG'),
('35', '18', 'JAWA TIMUR', 'NGANJUK'),
('35', '19', 'JAWA TIMUR', 'MADIUN'),
('35', '20', 'JAWA TIMUR', 'MAGETAN'),
('35', '21', 'JAWA TIMUR', 'NGAWI'),
('35', '22', 'JAWA TIMUR', 'BOJONEGORO'),
('35', '23', 'JAWA TIMUR', 'TUBAN'),
('35', '24', 'JAWA TIMUR', 'LAMONGAN'),
('35', '25', 'JAWA TIMUR', 'GRESIK'),
('35', '26', 'JAWA TIMUR', 'BANGKALAN'),
('35', '27', 'JAWA TIMUR', 'SAMPANG'),
('35', '28', 'JAWA TIMUR', 'PAMEKASAN'),
('35', '29', 'JAWA TIMUR', 'SUMENEP'),
('35', '71', 'JAWA TIMUR', 'KOTA KEDIRI'),
('35', '72', 'JAWA TIMUR', 'KOTA BLITAR'),
('35', '73', 'JAWA TIMUR', 'KOTA MALANG'),
('35', '74', 'JAWA TIMUR', 'KOTA PROBOLINGGO'),
('35', '75', 'JAWA TIMUR', 'KOTA PASURUAN'),
('35', '76', 'JAWA TIMUR', 'KOTA MOJOKERTO'),
('35', '77', 'JAWA TIMUR', 'KOTA MADIUN'),
('35', '78', 'JAWA TIMUR', 'KOTA SURABAYA'),
('35', '79', 'JAWA TIMUR', 'KOTA BATU'),
('36', '01', 'BANTEN', 'PANDEGLANG'),
('36', '02', 'BANTEN', 'LEBAK'),
('36', '03', 'BANTEN', 'KOTA TANGGERANG'),
('36', '04', 'BANTEN', 'SERANG'),
('36', '71', 'BANTEN', 'KOTA TANGERANG'),
('36', '72', 'BANTEN', 'KOTA CILEGON'),
('36', '73', 'BANTEN', 'KOTA SERANG'),
('36', '74', 'BANTEN', 'KOTA TANGERANG SELATAN'),
('51', '01', 'BALI', 'JEMBRANA'),
('51', '02', 'BALI', 'TABANAN'),
('51', '03', 'BALI', 'BADUNG'),
('51', '04', 'BALI', 'GIANYAR'),
('51', '05', 'BALI', 'KLUNGKUNG'),
('51', '06', 'BALI', 'BANGLI'),
('51', '07', 'BALI', 'KARANG ASEM'),
('51', '08', 'BALI', 'BULELENG'),
('51', '71', 'BALI', 'KOTA DENPASAR'),
('52', '01', 'NUSA TENGGARA BARAT', 'LOMBOK BARAT'),
('52', '02', 'NUSA TENGGARA BARAT', 'LOMBOK TENGAH'),
('52', '03', 'NUSA TENGGARA BARAT', 'LOMBOK TIMUR'),
('52', '04', 'NUSA TENGGARA BARAT', 'SUMBAWA'),
('52', '05', 'NUSA TENGGARA BARAT', 'DOMPU'),
('52', '06', 'NUSA TENGGARA BARAT', 'BIMA'),
('52', '07', 'NUSA TENGGARA BARAT', 'SUMBAWA BARAT'),
('52', '08', 'NUSA TENGGARA BARAT', 'LOMBOK UTARA'),
('52', '71', 'NUSA TENGGARA BARAT', 'KOTA MATARAM'),
('52', '72', 'NUSA TENGGARA BARAT', 'KOTA BIMA'),
('53', '01', 'NUSA TENGGARA TIMUR', 'KUPANG'),
('53', '02', 'NUSA TENGGARA TIMUR', 'TIMOR TENGAH SELATAN'),
('53', '03', 'NUSA TENGGARA TIMUR', 'TIMOR TENGAH UTARA'),
('53', '04', 'NUSA TENGGARA TIMUR', 'BELU'),
('53', '05', 'NUSA TENGGARA TIMUR', 'ALOR'),
('53', '06', 'NUSA TENGGARA TIMUR', 'FLORES TIMUR'),
('53', '07', 'NUSA TENGGARA TIMUR', 'SIKKA'),
('53', '08', 'NUSA TENGGARA TIMUR', 'ENDE'),
('53', '09', 'NUSA TENGGARA TIMUR', 'NGADA'),
('53', '10', 'NUSA TENGGARA TIMUR', 'MANGGARAI'),
('53', '11', 'NUSA TENGGARA TIMUR', 'SUMBA TIMUR'),
('53', '12', 'NUSA TENGGARA TIMUR', 'SUMBA BARAT'),
('53', '13', 'NUSA TENGGARA TIMUR', 'LEMBATA'),
('53', '14', 'NUSA TENGGARA TIMUR', 'ROTENDAO'),
('53', '15', 'NUSA TENGGARA TIMUR', 'MANGGARAI BARAT'),
('53', '16', 'NUSA TENGGARA TIMUR', 'NAGEKEO'),
('53', '17', 'NUSA TENGGARA TIMUR', 'SUMBA TENGAH'),
('53', '18', 'NUSA TENGGARA TIMUR', 'SUMBA BARAT DAYA'),
('53', '19', 'NUSA TENGGARA TIMUR', 'MANGGARAI TIMUR'),
('53', '20', 'NUSA TENGGARA TIMUR', 'SABU RAIJUA'),
('53', '71', 'NUSA TENGGARA TIMUR', 'KOTA KUPANG'),
('61', '01', 'KALIMANTAN BARAT', 'SAMBAS'),
('61', '02', 'KALIMANTAN BARAT', 'PONTIANAK'),
('61', '03', 'KALIMANTAN BARAT', 'SANGGAU'),
('61', '04', 'KALIMANTAN BARAT', 'KETAPANG'),
('61', '05', 'KALIMANTAN BARAT', 'SINTANG'),
('61', '06', 'KALIMANTAN BARAT', 'KAPUAS HULU'),
('61', '07', 'KALIMANTAN BARAT', 'BENGKAYANG'),
('61', '08', 'KALIMANTAN BARAT', 'LANDAK'),
('61', '09', 'KALIMANTAN BARAT', 'SEKADAU'),
('61', '10', 'KALIMANTAN BARAT', 'MELAWI'),
('61', '11', 'KALIMANTAN BARAT', 'KAYONG UTARA'),
('61', '12', 'KALIMANTAN BARAT', 'KUBU RAYA'),
('61', '71', 'KALIMANTAN BARAT', 'KOTA PONTIANAK'),
('61', '72', 'KALIMANTAN BARAT', 'KOTA SINGKAWANG'),
('62', '01', 'KALIMANTAN TENGAH', 'KOTAWARINGIN BARAT'),
('62', '02', 'KALIMANTAN TENGAH', 'KOTAWARINGIN TIMUR'),
('62', '03', 'KALIMANTAN TENGAH', 'KAPUAS'),
('62', '04', 'KALIMANTAN TENGAH', 'BARITO SELATAN'),
('62', '05', 'KALIMANTAN TENGAH', 'BARITO UTARA'),
('62', '06', 'KALIMANTAN TENGAH', 'KATINGAN'),
('62', '07', 'KALIMANTAN TENGAH', 'SERUYAN'),
('62', '08', 'KALIMANTAN TENGAH', 'SUKAMARA'),
('62', '09', 'KALIMANTAN TENGAH', 'LAMANDAU'),
('62', '10', 'KALIMANTAN TENGAH', 'GUNUNG MAS'),
('62', '11', 'KALIMANTAN TENGAH', 'PULANG PISAU'),
('62', '12', 'KALIMANTAN TENGAH', 'MURUNG RAYA'),
('62', '13', 'KALIMANTAN TENGAH', 'BARITO TIMUR'),
('62', '71', 'KALIMANTAN TENGAH', 'KOTA PALANGKARAYA'),
('63', '01', 'KALIMANTAN SELATAN', 'TANAH LAUT'),
('63', '02', 'KALIMANTAN SELATAN', 'KOTABARU'),
('63', '03', 'KALIMANTAN SELATAN', 'BANJAR'),
('63', '04', 'KALIMANTAN SELATAN', 'BARITO KUALA'),
('63', '05', 'KALIMANTAN SELATAN', 'TAPIN'),
('63', '06', 'KALIMANTAN SELATAN', 'HULU SUNGAI SELATAN'),
('63', '07', 'KALIMANTAN SELATAN', 'HULU SUNGAI TENGAH'),
('63', '08', 'KALIMANTAN SELATAN', 'HULU SUNGAI UTARA'),
('63', '09', 'KALIMANTAN SELATAN', 'TABALONG'),
('63', '10', 'KALIMANTAN SELATAN', 'TANAH BUMBU'),
('63', '11', 'KALIMANTAN SELATAN', 'BALANGAN'),
('63', '71', 'KALIMANTAN SELATAN', 'KOTA BANJARMASIN'),
('63', '72', 'KALIMANTAN SELATAN', 'KOTA BANJARBARU'),
('64', '01', 'KALIMANTAN TIMUR', 'PASER'),
('64', '02', 'KALIMANTAN TIMUR', 'KUTAI KARTANEGARA'),
('64', '03', 'KALIMANTAN TIMUR', 'BERAU'),
('64', '04', 'KALIMANTAN TIMUR', 'BULUNGAN'),
('64', '05', 'KALIMANTAN TIMUR', 'NUNUKAN'),
('64', '06', 'KALIMANTAN TIMUR', 'MALINAU'),
('64', '07', 'KALIMANTAN TIMUR', 'KUTAI BARAT'),
('64', '08', 'KALIMANTAN TIMUR', 'KUTAI TIMUR'),
('64', '09', 'KALIMANTAN TIMUR', 'PENAJAM PASER UTARA'),
('64', '10', 'KALIMANTAN TIMUR', 'TANA TIDUNG'),
('64', '71', 'KALIMANTAN TIMUR', 'KOTA BALIKPAPAN'),
('64', '72', 'KALIMANTAN TIMUR', 'KOTA SAMARINDA'),
('64', '73', 'KALIMANTAN TIMUR', 'KOTA TARAKAN'),
('64', '74', 'KALIMANTAN TIMUR', 'KOTA BONTANG'),
('71', '01', 'SULAWESI UTARA', 'BOLAANG MONGONDOW'),
('71', '02', 'SULAWESI UTARA', 'MINAHASA'),
('71', '03', 'SULAWESI UTARA', 'KEPULAUAN SANGIHE'),
('71', '04', 'SULAWESI UTARA', 'KEPULAUAN TALAUD'),
('71', '05', 'SULAWESI UTARA', 'MINAHASA SELATAN'),
('71', '06', 'SULAWESI UTARA', 'MINAHASA UTARA'),
('71', '07', 'SULAWESI UTARA', 'MINAHASA TENGGARA'),
('71', '08', 'SULAWESI UTARA', 'BOLAANG MONGONDOW UTARA'),
('71', '09', 'SULAWESI UTARA', 'KEP. SIAU TAGULANDANG BIARO'),
('71', '10', 'SULAWESI UTARA', 'BOLAANG MONGONDOW TIMUR'),
('71', '11', 'SULAWESI UTARA', 'BOLAANG MONGONDOW SELATAN'),
('71', '71', 'SULAWESI UTARA', 'KOTA MANADO'),
('71', '72', 'SULAWESI UTARA', 'KOTA BITUNG'),
('71', '73', 'SULAWESI UTARA', 'KOTA TOMOHON'),
('71', '74', 'SULAWESI UTARA', 'KOTA KOTAMOBAGO'),
('72', '01', 'SULAWESI TENGAH', 'BANGGAI'),
('72', '02', 'SULAWESI TENGAH', 'POSO'),
('72', '03', 'SULAWESI TENGAH', 'DONGGALA'),
('72', '04', 'SULAWESI TENGAH', 'TOLI TOLI'),
('72', '05', 'SULAWESI TENGAH', 'BUOL'),
('72', '06', 'SULAWESI TENGAH', 'MOROWALI'),
('72', '07', 'SULAWESI TENGAH', 'BANGGAI KEPULAUAN'),
('72', '08', 'SULAWESI TENGAH', 'PARIGI MOUTONG'),
('72', '09', 'SULAWESI TENGAH', 'TOJO UNA UNA'),
('72', '10', 'SULAWESI TENGAH', 'SIGI'),
('72', '71', 'SULAWESI TENGAH', 'KOTA PALU'),
('73', '01', 'SULAWESI SELATAN', 'KEPULAUAN SELAYAR'),
('73', '02', 'SULAWESI SELATAN', 'BULUKUMBA'),
('73', '03', 'SULAWESI SELATAN', 'BANTAENG'),
('73', '04', 'SULAWESI SELATAN', 'JENEPONTO'),
('73', '05', 'SULAWESI SELATAN', 'TAKALAR'),
('73', '06', 'SULAWESI SELATAN', 'GOWA'),
('73', '07', 'SULAWESI SELATAN', 'SINJAI'),
('73', '08', 'SULAWESI SELATAN', 'BONE'),
('73', '09', 'SULAWESI SELATAN', 'MAROS'),
('73', '10', 'SULAWESI SELATAN', 'PANGKAJENE DAN KEPULAUAN'),
('73', '11', 'SULAWESI SELATAN', 'BARRU'),
('73', '12', 'SULAWESI SELATAN', 'SOPPENG'),
('73', '13', 'SULAWESI SELATAN', 'WAJO'),
('73', '14', 'SULAWESI SELATAN', 'SIDENRENG RAPPANG'),
('73', '15', 'SULAWESI SELATAN', 'PINRANG'),
('73', '16', 'SULAWESI SELATAN', 'ENREKANG'),
('73', '17', 'SULAWESI SELATAN', 'LUWU'),
('73', '18', 'SULAWESI SELATAN', 'TANA TORAJA'),
('73', '22', 'SULAWESI SELATAN', 'LUWU UTARA'),
('73', '24', 'SULAWESI SELATAN', 'LUWU TIMUR'),
('73', '26', 'SULAWESI SELATAN', 'TORAJA UTARA'),
('73', '71', 'SULAWESI SELATAN', 'KOTA MAKASSAR'),
('73', '72', 'SULAWESI SELATAN', 'KOTA PARE PARE'),
('73', '73', 'SULAWESI SELATAN', 'KOTA PALOPO'),
('74', '01', 'SULAWESI TENGGARA', 'KOLAKA'),
('74', '02', 'SULAWESI TENGGARA', 'KENDARI'),
('74', '03', 'SULAWESI TENGGARA', 'MUNA'),
('74', '04', 'SULAWESI TENGGARA', 'BUTON'),
('74', '05', 'SULAWESI TENGGARA', 'KONAWE SELATAN'),
('74', '06', 'SULAWESI TENGGARA', 'BOMBANA'),
('74', '07', 'SULAWESI TENGGARA', 'WAKATOBI'),
('74', '08', 'SULAWESI TENGGARA', 'KOLAKA UTARA'),
('74', '09', 'SULAWESI TENGGARA', 'KONAWE UTARA'),
('74', '10', 'SULAWESI TENGGARA', 'BUTON UTARA'),
('74', '71', 'SULAWESI TENGGARA', 'KOTA KENDARI'),
('74', '72', 'SULAWESI TENGGARA', 'KOTA BAU BAU'),
('75', '01', 'GORONTALO', 'GORONTALO'),
('75', '02', 'GORONTALO', 'BOALEMO'),
('75', '03', 'GORONTALO', 'BONE BOLANGO'),
('75', '04', 'GORONTALO', 'PAHUWATO'),
('75', '05', 'GORONTALO', 'GORONTALO UTARA'),
('75', '71', 'GORONTALO', 'KOTA GORONTALO'),
('76', '01', 'SULAWESI BARAT', 'MAMUJU UTARA'),
('76', '02', 'SULAWESI BARAT', 'MAMUJU'),
('76', '03', 'SULAWESI BARAT', 'MAMASA'),
('76', '04', 'SULAWESI BARAT', 'POLEWALI MANDAR'),
('76', '05', 'SULAWESI BARAT', 'MAJENE'),
('81', '01', 'MALUKU', 'MALUKU TENGAH'),
('81', '02', 'MALUKU', 'MALUKU TENGGARA'),
('81', '03', 'MALUKU', 'MALUKU TENGGARA BARAT'),
('81', '04', 'MALUKU', 'BURU'),
('81', '05', 'MALUKU', 'KEPULAUAN ARU'),
('81', '06', 'MALUKU', 'SERAM BAGIAN BARAT'),
('81', '07', 'MALUKU', 'SERAM BAGIAN TIMUR'),
('81', '08', 'MALUKU', 'MALUKU BARAT DAYA'),
('81', '09', 'MALUKU', 'BURU SELATAN'),
('81', '71', 'MALUKU', 'KOTA AMBON'),
('81', '72', 'MALUKU', 'KOTA TUAL'),
('82', '01', 'MALUKU UTARA', 'HALMAHERA BARAT'),
('82', '02', 'MALUKU UTARA', 'HALMAHERA TENGAH'),
('82', '03', 'MALUKU UTARA', 'HALMAHERA UTARA'),
('82', '04', 'MALUKU UTARA', 'HALMAHERA SELATAN'),
('82', '05', 'MALUKU UTARA', 'KEPULAUAN SULA'),
('82', '06', 'MALUKU UTARA', 'HALMAHERA TIMUR'),
('82', '07', 'MALUKU UTARA', 'PULAU MOROTAI'),
('82', '71', 'MALUKU UTARA', 'KOTA TERNATE'),
('82', '72', 'MALUKU UTARA', 'KOTA TIDORE KEPULAUAN'),
('91', '01', 'PAPUA', 'MERAUKE'),
('91', '02', 'PAPUA', 'JAYAWIJAYA'),
('91', '03', 'PAPUA', 'JAYAPURA'),
('91', '04', 'PAPUA', 'NABIRE'),
('91', '05', 'PAPUA', 'KEPULAUAN YAPEN'),
('91', '06', 'PAPUA', 'BIAK NUMFOR'),
('91', '07', 'PAPUA', 'PUNCAK JAYA'),
('91', '08', 'PAPUA', 'PANIAI'),
('91', '09', 'PAPUA', 'MIMIKA'),
('91', '10', 'PAPUA', 'SARMI'),
('91', '11', 'PAPUA', 'KEEROM'),
('91', '12', 'PAPUA', 'PEGUNUNGAN BINTANG'),
('91', '13', 'PAPUA', 'YAHUKIMO'),
('91', '14', 'PAPUA', 'TOLIKARA'),
('91', '15', 'PAPUA', 'WAROPEN'),
('91', '16', 'PAPUA', 'BOVEN DIGUL'),
('91', '17', 'PAPUA', 'MAPPI'),
('91', '18', 'PAPUA', 'ASMAT'),
('91', '19', 'PAPUA', 'SUPIORI'),
('91', '20', 'PAPUA', 'MAMBERAMO RAYA'),
('91', '21', 'PAPUA', 'MAMBERAMO TENGAH'),
('91', '22', 'PAPUA', 'YALIMO'),
('91', '23', 'PAPUA', 'LANNY JAYA'),
('91', '24', 'PAPUA', 'NDUGA'),
('91', '25', 'PAPUA', 'PUNCAK'),
('91', '26', 'PAPUA', 'DOGIYAI'),
('91', '27', 'PAPUA', 'INTAN JAYA'),
('91', '28', 'PAPUA', 'DEIYAI'),
('91', '71', 'PAPUA', 'KOTA JAYAPURA'),
('92', '01', 'PAPUA BARAT', 'SORONG'),
('92', '02', 'PAPUA BARAT', 'MANOKWARI'),
('92', '03', 'PAPUA BARAT', 'FAK FAK'),
('92', '04', 'PAPUA BARAT', 'SORONG SELATAN'),
('92', '05', 'PAPUA BARAT', 'RAJA AMPAT'),
('92', '06', 'PAPUA BARAT', 'TELUK BINTUNI'),
('92', '07', 'PAPUA BARAT', 'TELUK WONDAMA'),
('92', '08', 'PAPUA BARAT', 'KAIMANA'),
('92', '09', 'PAPUA BARAT', 'TAMBRAUW'),
('92', '10', 'PAPUA BARAT', 'MAYBRAT'),
('92', '71', 'PAPUA BARAT', 'KOTA SORONG');

-- --------------------------------------------------------

--
-- Table structure for table `ori_master_provinsi`
--

CREATE TABLE `ori_master_provinsi` (
  `PROV_KODE` int(2) NOT NULL,
  `PROV` varchar(128) NOT NULL,
  `PROV_ACTIVE` int(1) NOT NULL DEFAULT 1
) ENGINE=InnoDB DEFAULT CHARSET=latin1;

--
-- Dumping data for table `ori_master_provinsi`
--

INSERT INTO `ori_master_provinsi` (`PROV_KODE`, `PROV`, `PROV_ACTIVE`) VALUES
(11, 'NANGGROE ACEH DARUSALLAM', 1),
(12, 'SUMATERA UTARA', 1),
(13, 'SUMATERA BARAT', 1),
(14, 'RIAU', 1),
(15, 'JAMBI', 1),
(16, 'SUMATERA SELATAN', 1),
(17, 'BENGKULU', 1),
(18, 'LAMPUNG', 1),
(19, 'KEPULAUAN BANGKA BELITUNG', 1),
(21, 'KEPULAUAN RIAU', 1),
(31, 'DKI JAKARTA', 1),
(32, 'JAWA BARAT', 1),
(33, 'JAWA TENGAH', 1),
(34, 'DAERAH ISTIMEWA YOGYAKARTA', 1),
(35, 'JAWA TIMUR', 1),
(36, 'BANTEN', 1),
(51, 'BALI', 1),
(52, 'NUSA TENGGARA BARAT', 1),
(53, 'NUSA TENGGARA TIMUR', 1),
(61, 'KALIMANTAN BARAT', 1),
(62, 'KALIMANTAN TENGAH', 1),
(63, 'KALIMANTAN SELATAN', 1),
(64, 'KALIMANTAN TIMUR', 1),
(71, 'SULAWESI UTARA', 1),
(72, 'SULAWESI TENGAH', 1),
(73, 'SULAWESI SELATAN', 1),
(74, 'SULAWESI TENGGARA', 1),
(75, 'GORONTALO', 1),
(76, 'SULAWESI BARAT', 1),
(81, 'MALUKU', 1),
(82, 'MALUKU UTARA', 1),
(91, 'PAPUA', 1),
(92, 'PAPUA BARAT', 1);

-- --------------------------------------------------------

--
-- Stand-in structure for view `vw_mdl_content_user_group`
-- (See below for the actual view)
--
CREATE TABLE `vw_mdl_content_user_group` (
`POST_ID` int(5)
,`POST_TITLE` varchar(128)
,`POST_URI` varchar(128)
,`POST_TITLE_SHORT` text
,`POST_FEATURE_IMAGE` text
,`POST_FILE_TYPE` varchar(100)
,`POST_FILE_EXTENSION` varchar(100)
,`POST_FILE_SIZE` varchar(100)
,`POST_CATEGORY_BBL` varchar(100)
,`POST_FEATURED` int(1)
,`POST_DESCRIPTION` text
,`POST_CONTENT` text
,`POST_INPUT_BY` varchar(32)
,`USR_NAME_INPUT` varchar(32)
,`USR_GRP_NAME_INPUT` varchar(32)
,`POST_INPUT_DATE` datetime
,`POST_UPDATE_BY` varchar(32)
,`USR_NAME_UPDATE` varchar(32)
,`USR_GRP_NAME_UPDATE` varchar(32)
,`POST_UPDATE_DATE` datetime
,`POST_MAINPAGE` int(1)
,`POST_ISACTIVE` int(1)
,`POST_CATEGORY` int(2)
,`CAT_TITLE` varchar(32)
,`CAT_URI` varchar(32)
);

-- --------------------------------------------------------

--
-- Stand-in structure for view `vw_mdl_gallery_pic_user_group`
-- (See below for the actual view)
--
CREATE TABLE `vw_mdl_gallery_pic_user_group` (
`GALL_PIC_ID` int(6)
,`GALL_PIC_NAME` varchar(64)
,`GALL_PIC_URI` varchar(64)
,`GALL_PIC_URL` text
,`GALL_PIC_PATH` text
,`GALL_PIC_DESC` text
,`POST_ID` int(3)
,`GALL_ID` int(3)
,`GALL_NAME` varchar(64)
,`GALL_URI` varchar(64)
,`GALL_DESC` text
,`GALL_TEMPLATE` varchar(64)
,`GALL_CREATE_BY` varchar(64)
,`USR_NAME_CREATE` varchar(32)
,`USR_GRP_NAME_CREATE` varchar(32)
,`GALL_CREATE_DATE` datetime
,`GALL_UPDATE_BY` varchar(64)
,`USR_NAME_UPDATE` varchar(32)
,`USR_GRP_NAME_UPDATE` varchar(32)
,`GALL_UPDATE_DATE` datetime
);

-- --------------------------------------------------------

--
-- Stand-in structure for view `vw_mdl_gallery_user_group`
-- (See below for the actual view)
--
CREATE TABLE `vw_mdl_gallery_user_group` (
`GALL_ID` int(3)
,`GALL_NAME` varchar(64)
,`GALL_URI` varchar(64)
,`GALL_DESC` text
,`GALL_TEMPLATE` varchar(64)
,`GALL_TYPE` varchar(100)
,`GALL_CATEGORY` varchar(100)
,`GALL_CREATE_BY` varchar(64)
,`USR_NAME_CREATE` varchar(32)
,`USR_GRP_NAME_CREATE` varchar(32)
,`GALL_CREATE_DATE` datetime
,`GALL_UPDATE_BY` varchar(64)
,`USR_NAME_UPDATE` varchar(32)
,`USR_GRP_NAME_UPDATE` varchar(32)
,`GALL_UPDATE_DATE` datetime
);

-- --------------------------------------------------------

--
-- Stand-in structure for view `vw_mdl_navigation_group`
-- (See below for the actual view)
--
CREATE TABLE `vw_mdl_navigation_group` (
`NAV_GROUP_ID` int(3)
,`NAV_TITLE` varchar(64)
,`NAV_URI` varchar(64)
,`NAV_OWNER` int(3)
,`NAV_ACTIVE` int(1)
,`USR_GRP_NAME` varchar(32)
);

-- --------------------------------------------------------

--
-- Stand-in structure for view `vw_mdl_user`
-- (See below for the actual view)
--
CREATE TABLE `vw_mdl_user` (
`USR_ID` int(3)
,`USR_NAME` varchar(32)
,`USR_REF` varchar(32)
,`USR_EMAIL` varchar(32)
,`USR_PASS` varchar(64)
,`USR_GRP_ID` int(2)
,`USR_GRP_NAME` varchar(32)
,`USR_GRP_ACCESS` int(1)
,`USR_ACCESS` int(1)
);

-- --------------------------------------------------------

--
-- Stand-in structure for view `vw_paralax_content_user_group`
-- (See below for the actual view)
--
CREATE TABLE `vw_paralax_content_user_group` (
`PLX_ID` int(3)
,`PLX_TITLE` varchar(64)
,`PLX_URI` varchar(64)
,`PLX_CONTENT_ID` int(3)
,`POST_TITLE` varchar(128)
,`PLX_GALLERY_ID` int(3)
,`GALL_NAME` varchar(64)
,`PLX_GALL_BTN` int(1)
,`PLX_BG_IMG` text
,`PLX_QUEUED` int(3)
,`PLX_INPUT_BY` int(3)
,`USR_NAME_INPUT` varchar(32)
,`USR_GRP_NAME_INPUT` varchar(32)
,`PLX_INPUT_DATE` datetime
,`PLX_UPDATE_BY` int(3)
,`USR_NAME_UPDATE` varchar(32)
,`USR_GRP_NAME_UPDATE` varchar(32)
,`PLX_UPDATE_DATE` datetime
,`PLX_ACTIVE` int(3)
,`PLX_PARENT_MENU` int(3)
);

-- --------------------------------------------------------

--
-- Structure for view `vw_mdl_content_user_group`
--
DROP TABLE IF EXISTS `vw_mdl_content_user_group`;

CREATE ALGORITHM=UNDEFINED DEFINER=`root`@`localhost` SQL SECURITY DEFINER VIEW `vw_mdl_content_user_group`  AS  select `a`.`POST_ID` AS `POST_ID`,`a`.`POST_TITLE` AS `POST_TITLE`,`a`.`POST_URI` AS `POST_URI`,`a`.`POST_TITLE_SHORT` AS `POST_TITLE_SHORT`,`a`.`POST_FEATURE_IMAGE` AS `POST_FEATURE_IMAGE`,`a`.`POST_FILE_TYPE` AS `POST_FILE_TYPE`,`a`.`POST_FILE_EXTENSION` AS `POST_FILE_EXTENSION`,`a`.`POST_FILE_SIZE` AS `POST_FILE_SIZE`,`a`.`POST_CATEGORY_BBL` AS `POST_CATEGORY_BBL`,`a`.`POST_FEATURED` AS `POST_FEATURED`,`a`.`POST_DESCRIPTION` AS `POST_DESCRIPTION`,`a`.`POST_CONTENT` AS `POST_CONTENT`,`a`.`POST_INPUT_BY` AS `POST_INPUT_BY`,`b`.`USR_NAME` AS `USR_NAME_INPUT`,`c`.`USR_GRP_NAME` AS `USR_GRP_NAME_INPUT`,`a`.`POST_INPUT_DATE` AS `POST_INPUT_DATE`,`a`.`POST_UPDATE_BY` AS `POST_UPDATE_BY`,`d`.`USR_NAME` AS `USR_NAME_UPDATE`,`e`.`USR_GRP_NAME` AS `USR_GRP_NAME_UPDATE`,`a`.`POST_UPDATE_DATE` AS `POST_UPDATE_DATE`,`a`.`POST_MAINPAGE` AS `POST_MAINPAGE`,`a`.`POST_ISACTIVE` AS `POST_ISACTIVE`,`a`.`POST_CATEGORY` AS `POST_CATEGORY`,`f`.`CAT_TITLE` AS `CAT_TITLE`,`f`.`CAT_URI` AS `CAT_URI` from (((((`mdl_content` `a` left join `mdl_user` `b` on(`a`.`POST_INPUT_BY` = `b`.`USR_ID`)) left join `mdl_user_group` `c` on(`b`.`USR_GRP_ID` = `c`.`USR_GRP_ID`)) left join `mdl_user` `d` on(`a`.`POST_UPDATE_BY` = `d`.`USR_ID`)) left join `mdl_user_group` `e` on(`d`.`USR_GRP_ID` = `e`.`USR_GRP_ID`)) left join `mdl_content_category` `f` on(`a`.`POST_CATEGORY` = `f`.`CAT_ID`)) ;

-- --------------------------------------------------------

--
-- Structure for view `vw_mdl_gallery_pic_user_group`
--
DROP TABLE IF EXISTS `vw_mdl_gallery_pic_user_group`;

CREATE ALGORITHM=UNDEFINED DEFINER=`root`@`localhost` SQL SECURITY DEFINER VIEW `vw_mdl_gallery_pic_user_group`  AS  select `p`.`GALL_PIC_ID` AS `GALL_PIC_ID`,`p`.`GALL_PIC_NAME` AS `GALL_PIC_NAME`,`p`.`GALL_PIC_URI` AS `GALL_PIC_URI`,`p`.`GALL_PIC_URL` AS `GALL_PIC_URL`,`p`.`GALL_PIC_PATH` AS `GALL_PIC_PATH`,`p`.`GALL_PIC_DESC` AS `GALL_PIC_DESC`,`p`.`POST_ID` AS `POST_ID`,`a`.`GALL_ID` AS `GALL_ID`,`a`.`GALL_NAME` AS `GALL_NAME`,`a`.`GALL_URI` AS `GALL_URI`,`a`.`GALL_DESC` AS `GALL_DESC`,`a`.`GALL_TEMPLATE` AS `GALL_TEMPLATE`,`a`.`GALL_CREATE_BY` AS `GALL_CREATE_BY`,`b`.`USR_NAME` AS `USR_NAME_CREATE`,`c`.`USR_GRP_NAME` AS `USR_GRP_NAME_CREATE`,`a`.`GALL_CREATE_DATE` AS `GALL_CREATE_DATE`,`a`.`GALL_UPDATE_BY` AS `GALL_UPDATE_BY`,`d`.`USR_NAME` AS `USR_NAME_UPDATE`,`e`.`USR_GRP_NAME` AS `USR_GRP_NAME_UPDATE`,`a`.`GALL_UPDATE_DATE` AS `GALL_UPDATE_DATE` from (((((`mdl_gallery` `a` left join `mdl_user` `b` on(`a`.`GALL_CREATE_BY` = `b`.`USR_ID`)) left join `mdl_user_group` `c` on(`b`.`USR_GRP_ID` = `c`.`USR_GRP_ID`)) left join `mdl_user` `d` on(`a`.`GALL_UPDATE_BY` = `d`.`USR_ID`)) left join `mdl_user_group` `e` on(`d`.`USR_GRP_ID` = `e`.`USR_GRP_ID`)) left join `mdl_gallery_pic` `p` on(`p`.`GALL_ID` = `a`.`GALL_ID`)) ;

-- --------------------------------------------------------

--
-- Structure for view `vw_mdl_gallery_user_group`
--
DROP TABLE IF EXISTS `vw_mdl_gallery_user_group`;

CREATE ALGORITHM=UNDEFINED DEFINER=`root`@`localhost` SQL SECURITY DEFINER VIEW `vw_mdl_gallery_user_group`  AS  select `a`.`GALL_ID` AS `GALL_ID`,`a`.`GALL_NAME` AS `GALL_NAME`,`a`.`GALL_URI` AS `GALL_URI`,`a`.`GALL_DESC` AS `GALL_DESC`,`a`.`GALL_TEMPLATE` AS `GALL_TEMPLATE`,`a`.`GALL_TYPE` AS `GALL_TYPE`,`a`.`GALL_CATEGORY` AS `GALL_CATEGORY`,`a`.`GALL_CREATE_BY` AS `GALL_CREATE_BY`,`b`.`USR_NAME` AS `USR_NAME_CREATE`,`c`.`USR_GRP_NAME` AS `USR_GRP_NAME_CREATE`,`a`.`GALL_CREATE_DATE` AS `GALL_CREATE_DATE`,`a`.`GALL_UPDATE_BY` AS `GALL_UPDATE_BY`,`d`.`USR_NAME` AS `USR_NAME_UPDATE`,`e`.`USR_GRP_NAME` AS `USR_GRP_NAME_UPDATE`,`a`.`GALL_UPDATE_DATE` AS `GALL_UPDATE_DATE` from ((((`mdl_gallery` `a` left join `mdl_user` `b` on(`a`.`GALL_CREATE_BY` = `b`.`USR_ID`)) left join `mdl_user_group` `c` on(`b`.`USR_GRP_ID` = `c`.`USR_GRP_ID`)) left join `mdl_user` `d` on(`a`.`GALL_UPDATE_BY` = `d`.`USR_ID`)) left join `mdl_user_group` `e` on(`d`.`USR_GRP_ID` = `e`.`USR_GRP_ID`)) ;

-- --------------------------------------------------------

--
-- Structure for view `vw_mdl_navigation_group`
--
DROP TABLE IF EXISTS `vw_mdl_navigation_group`;

CREATE ALGORITHM=UNDEFINED DEFINER=`root`@`localhost` SQL SECURITY DEFINER VIEW `vw_mdl_navigation_group`  AS  (select `a`.`NAV_GROUP_ID` AS `NAV_GROUP_ID`,`a`.`NAV_TITLE` AS `NAV_TITLE`,`a`.`NAV_URI` AS `NAV_URI`,`a`.`NAV_OWNER` AS `NAV_OWNER`,`a`.`NAV_ACTIVE` AS `NAV_ACTIVE`,`b`.`USR_GRP_NAME` AS `USR_GRP_NAME` from (`mdl_navigation_group` `a` left join `mdl_user_group` `b` on(`a`.`NAV_OWNER` = `b`.`USR_GRP_ID`))) ;

-- --------------------------------------------------------

--
-- Structure for view `vw_mdl_user`
--
DROP TABLE IF EXISTS `vw_mdl_user`;

CREATE ALGORITHM=UNDEFINED DEFINER=`root`@`localhost` SQL SECURITY DEFINER VIEW `vw_mdl_user`  AS  select `a`.`USR_ID` AS `USR_ID`,`a`.`USR_NAME` AS `USR_NAME`,`a`.`USR_REF` AS `USR_REF`,`a`.`USR_EMAIL` AS `USR_EMAIL`,`a`.`USR_PASS` AS `USR_PASS`,`a`.`USR_GRP_ID` AS `USR_GRP_ID`,`b`.`USR_GRP_NAME` AS `USR_GRP_NAME`,`b`.`USR_GRP_ACCESS` AS `USR_GRP_ACCESS`,`a`.`USR_ACCESS` AS `USR_ACCESS` from (`mdl_user` `a` left join `mdl_user_group` `b` on(`a`.`USR_GRP_ID` = `b`.`USR_GRP_ID`)) ;

-- --------------------------------------------------------

--
-- Structure for view `vw_paralax_content_user_group`
--
DROP TABLE IF EXISTS `vw_paralax_content_user_group`;

CREATE ALGORITHM=UNDEFINED DEFINER=`root`@`localhost` SQL SECURITY DEFINER VIEW `vw_paralax_content_user_group`  AS  select `a`.`PLX_ID` AS `PLX_ID`,`a`.`PLX_TITLE` AS `PLX_TITLE`,`a`.`PLX_URI` AS `PLX_URI`,`a`.`PLX_CONTENT_ID` AS `PLX_CONTENT_ID`,`f`.`POST_TITLE` AS `POST_TITLE`,`a`.`PLX_GALLERY_ID` AS `PLX_GALLERY_ID`,`g`.`GALL_NAME` AS `GALL_NAME`,`a`.`PLX_GALL_BTN` AS `PLX_GALL_BTN`,`a`.`PLX_BG_IMG` AS `PLX_BG_IMG`,`a`.`PLX_QUEUED` AS `PLX_QUEUED`,`a`.`PLX_INPUT_BY` AS `PLX_INPUT_BY`,`b`.`USR_NAME` AS `USR_NAME_INPUT`,`c`.`USR_GRP_NAME` AS `USR_GRP_NAME_INPUT`,`a`.`PLX_INPUT_DATE` AS `PLX_INPUT_DATE`,`a`.`PLX_UPDATE_BY` AS `PLX_UPDATE_BY`,`d`.`USR_NAME` AS `USR_NAME_UPDATE`,`e`.`USR_GRP_NAME` AS `USR_GRP_NAME_UPDATE`,`a`.`PLX_UPDATE_DATE` AS `PLX_UPDATE_DATE`,`a`.`PLX_ACTIVE` AS `PLX_ACTIVE`,`a`.`PLX_PARENT_MENU` AS `PLX_PARENT_MENU` from ((((((`mdl_paralax` `a` left join `mdl_user` `b` on(`a`.`PLX_INPUT_BY` = `b`.`USR_ID`)) left join `mdl_user_group` `c` on(`b`.`USR_GRP_ID` = `c`.`USR_GRP_ID`)) left join `mdl_user` `d` on(`a`.`PLX_UPDATE_BY` = `d`.`USR_ID`)) left join `mdl_user_group` `e` on(`d`.`USR_GRP_ID` = `e`.`USR_GRP_ID`)) left join `mdl_content` `f` on(`f`.`POST_ID` = `a`.`PLX_CONTENT_ID`)) left join `mdl_gallery` `g` on(`g`.`GALL_ID` = `a`.`PLX_GALLERY_ID`)) ;

--
-- Indexes for dumped tables
--

--
-- Indexes for table `mdl_acl`
--
ALTER TABLE `mdl_acl`
  ADD PRIMARY KEY (`ACL_ID`);

--
-- Indexes for table `mdl_area`
--
ALTER TABLE `mdl_area`
  ADD PRIMARY KEY (`id_group`);

--
-- Indexes for table `mdl_attendance`
--
ALTER TABLE `mdl_attendance`
  ADD PRIMARY KEY (`att_id`);

--
-- Indexes for table `mdl_bluehrd_bbl`
--
ALTER TABLE `mdl_bluehrd_bbl`
  ADD PRIMARY KEY (`bbl_id`);

--
-- Indexes for table `mdl_company`
--
ALTER TABLE `mdl_company`
  ADD PRIMARY KEY (`company_id`);

--
-- Indexes for table `mdl_content`
--
ALTER TABLE `mdl_content`
  ADD PRIMARY KEY (`POST_ID`);

--
-- Indexes for table `mdl_content_category`
--
ALTER TABLE `mdl_content_category`
  ADD PRIMARY KEY (`CAT_ID`);

--
-- Indexes for table `mdl_cuti`
--
ALTER TABLE `mdl_cuti`
  ADD PRIMARY KEY (`cuti_id`);

--
-- Indexes for table `mdl_cuti_type`
--
ALTER TABLE `mdl_cuti_type`
  ADD PRIMARY KEY (`type_id`);

--
-- Indexes for table `mdl_dump`
--
ALTER TABLE `mdl_dump`
  ADD PRIMARY KEY (`row_id`);

--
-- Indexes for table `mdl_events`
--
ALTER TABLE `mdl_events`
  ADD PRIMARY KEY (`EVNT_ID`);

--
-- Indexes for table `mdl_event_register`
--
ALTER TABLE `mdl_event_register`
  ADD PRIMARY KEY (`EVREG_ID`);

--
-- Indexes for table `mdl_forum`
--
ALTER TABLE `mdl_forum`
  ADD PRIMARY KEY (`POST_ID`);

--
-- Indexes for table `mdl_forum_category`
--
ALTER TABLE `mdl_forum_category`
  ADD PRIMARY KEY (`CAT_ID`);

--
-- Indexes for table `mdl_gallery`
--
ALTER TABLE `mdl_gallery`
  ADD PRIMARY KEY (`GALL_ID`);

--
-- Indexes for table `mdl_gallery_pic`
--
ALTER TABLE `mdl_gallery_pic`
  ADD PRIMARY KEY (`GALL_PIC_ID`);

--
-- Indexes for table `mdl_info`
--
ALTER TABLE `mdl_info`
  ADD PRIMARY KEY (`info_id`);

--
-- Indexes for table `mdl_logs`
--
ALTER TABLE `mdl_logs`
  ADD PRIMARY KEY (`id_log`);

--
-- Indexes for table `mdl_member`
--
ALTER TABLE `mdl_member`
  ADD PRIMARY KEY (`MEM_ID`);

--
-- Indexes for table `mdl_module`
--
ALTER TABLE `mdl_module`
  ADD PRIMARY KEY (`MDL_ID`);

--
-- Indexes for table `mdl_navigation_group`
--
ALTER TABLE `mdl_navigation_group`
  ADD PRIMARY KEY (`NAV_GROUP_ID`);

--
-- Indexes for table `mdl_navigation_list`
--
ALTER TABLE `mdl_navigation_list`
  ADD PRIMARY KEY (`NAV_LIST_ID`);

--
-- Indexes for table `mdl_navigation_type`
--
ALTER TABLE `mdl_navigation_type`
  ADD PRIMARY KEY (`NAV_TYPE_ID`);

--
-- Indexes for table `mdl_notif`
--
ALTER TABLE `mdl_notif`
  ADD PRIMARY KEY (`notif_id`);

--
-- Indexes for table `mdl_office`
--
ALTER TABLE `mdl_office`
  ADD PRIMARY KEY (`office_id`);

--
-- Indexes for table `mdl_options`
--
ALTER TABLE `mdl_options`
  ADD PRIMARY KEY (`OPT_ID`);

--
-- Indexes for table `mdl_paralax`
--
ALTER TABLE `mdl_paralax`
  ADD PRIMARY KEY (`PLX_ID`);

--
-- Indexes for table `mdl_pooling`
--
ALTER TABLE `mdl_pooling`
  ADD PRIMARY KEY (`POOL_ID`);

--
-- Indexes for table `mdl_pooling_ask`
--
ALTER TABLE `mdl_pooling_ask`
  ADD PRIMARY KEY (`ASK_ID`);

--
-- Indexes for table `mdl_pooling_choice`
--
ALTER TABLE `mdl_pooling_choice`
  ADD PRIMARY KEY (`CHOICE_ID`);

--
-- Indexes for table `mdl_qa`
--
ALTER TABLE `mdl_qa`
  ADD PRIMARY KEY (`qa_id`);

--
-- Indexes for table `mdl_qa_ask`
--
ALTER TABLE `mdl_qa_ask`
  ADD PRIMARY KEY (`ask_id`);

--
-- Indexes for table `mdl_qa_log`
--
ALTER TABLE `mdl_qa_log`
  ADD PRIMARY KEY (`qa_log_id`);

--
-- Indexes for table `mdl_rating`
--
ALTER TABLE `mdl_rating`
  ADD PRIMARY KEY (`rating_id`);

--
-- Indexes for table `mdl_rating_log`
--
ALTER TABLE `mdl_rating_log`
  ADD PRIMARY KEY (`log_id`);

--
-- Indexes for table `mdl_slipgaji`
--
ALTER TABLE `mdl_slipgaji`
  ADD PRIMARY KEY (`slip_id`);

--
-- Indexes for table `mdl_subscribe_mail`
--
ALTER TABLE `mdl_subscribe_mail`
  ADD PRIMARY KEY (`SMAIL_ID`);

--
-- Indexes for table `mdl_subscribe_msg`
--
ALTER TABLE `mdl_subscribe_msg`
  ADD PRIMARY KEY (`SUB_ID`);

--
-- Indexes for table `mdl_user`
--
ALTER TABLE `mdl_user`
  ADD PRIMARY KEY (`USR_ID`);

--
-- Indexes for table `mdl_user_data`
--
ALTER TABLE `mdl_user_data`
  ADD PRIMARY KEY (`usr_id`);

--
-- Indexes for table `mdl_user_group`
--
ALTER TABLE `mdl_user_group`
  ADD PRIMARY KEY (`USR_GRP_ID`);

--
-- Indexes for table `mdl_user_recovery`
--
ALTER TABLE `mdl_user_recovery`
  ADD PRIMARY KEY (`REC_ID`);

--
-- Indexes for table `mdl_widget`
--
ALTER TABLE `mdl_widget`
  ADD PRIMARY KEY (`WID_ID`);

--
-- Indexes for table `ori_master_provinsi`
--
ALTER TABLE `ori_master_provinsi`
  ADD PRIMARY KEY (`PROV_KODE`);

--
-- AUTO_INCREMENT for dumped tables
--

--
-- AUTO_INCREMENT for table `mdl_acl`
--
ALTER TABLE `mdl_acl`
  MODIFY `ACL_ID` int(4) NOT NULL AUTO_INCREMENT, AUTO_INCREMENT=155;

--
-- AUTO_INCREMENT for table `mdl_attendance`
--
ALTER TABLE `mdl_attendance`
  MODIFY `att_id` int(11) NOT NULL AUTO_INCREMENT, AUTO_INCREMENT=120;

--
-- AUTO_INCREMENT for table `mdl_bluehrd_bbl`
--
ALTER TABLE `mdl_bluehrd_bbl`
  MODIFY `bbl_id` int(6) NOT NULL AUTO_INCREMENT, AUTO_INCREMENT=27;

--
-- AUTO_INCREMENT for table `mdl_company`
--
ALTER TABLE `mdl_company`
  MODIFY `company_id` int(3) NOT NULL AUTO_INCREMENT, AUTO_INCREMENT=2;

--
-- AUTO_INCREMENT for table `mdl_content`
--
ALTER TABLE `mdl_content`
  MODIFY `POST_ID` int(5) NOT NULL AUTO_INCREMENT, AUTO_INCREMENT=215;

--
-- AUTO_INCREMENT for table `mdl_content_category`
--
ALTER TABLE `mdl_content_category`
  MODIFY `CAT_ID` int(2) NOT NULL AUTO_INCREMENT, AUTO_INCREMENT=28;

--
-- AUTO_INCREMENT for table `mdl_cuti`
--
ALTER TABLE `mdl_cuti`
  MODIFY `cuti_id` int(11) NOT NULL AUTO_INCREMENT, AUTO_INCREMENT=42;

--
-- AUTO_INCREMENT for table `mdl_cuti_type`
--
ALTER TABLE `mdl_cuti_type`
  MODIFY `type_id` int(3) NOT NULL AUTO_INCREMENT, AUTO_INCREMENT=7;

--
-- AUTO_INCREMENT for table `mdl_dump`
--
ALTER TABLE `mdl_dump`
  MODIFY `row_id` int(6) NOT NULL AUTO_INCREMENT;

--
-- AUTO_INCREMENT for table `mdl_events`
--
ALTER TABLE `mdl_events`
  MODIFY `EVNT_ID` int(3) NOT NULL AUTO_INCREMENT, AUTO_INCREMENT=3;

--
-- AUTO_INCREMENT for table `mdl_event_register`
--
ALTER TABLE `mdl_event_register`
  MODIFY `EVREG_ID` int(4) NOT NULL AUTO_INCREMENT, AUTO_INCREMENT=2;

--
-- AUTO_INCREMENT for table `mdl_forum`
--
ALTER TABLE `mdl_forum`
  MODIFY `POST_ID` int(11) NOT NULL AUTO_INCREMENT, AUTO_INCREMENT=28;

--
-- AUTO_INCREMENT for table `mdl_forum_category`
--
ALTER TABLE `mdl_forum_category`
  MODIFY `CAT_ID` int(11) NOT NULL AUTO_INCREMENT, AUTO_INCREMENT=10;

--
-- AUTO_INCREMENT for table `mdl_gallery`
--
ALTER TABLE `mdl_gallery`
  MODIFY `GALL_ID` int(3) NOT NULL AUTO_INCREMENT, AUTO_INCREMENT=20;

--
-- AUTO_INCREMENT for table `mdl_gallery_pic`
--
ALTER TABLE `mdl_gallery_pic`
  MODIFY `GALL_PIC_ID` int(6) NOT NULL AUTO_INCREMENT, AUTO_INCREMENT=97;

--
-- AUTO_INCREMENT for table `mdl_info`
--
ALTER TABLE `mdl_info`
  MODIFY `info_id` int(5) NOT NULL AUTO_INCREMENT, AUTO_INCREMENT=33;

--
-- AUTO_INCREMENT for table `mdl_logs`
--
ALTER TABLE `mdl_logs`
  MODIFY `id_log` int(11) NOT NULL AUTO_INCREMENT, AUTO_INCREMENT=1307;

--
-- AUTO_INCREMENT for table `mdl_member`
--
ALTER TABLE `mdl_member`
  MODIFY `MEM_ID` int(11) NOT NULL AUTO_INCREMENT;

--
-- AUTO_INCREMENT for table `mdl_module`
--
ALTER TABLE `mdl_module`
  MODIFY `MDL_ID` int(3) NOT NULL AUTO_INCREMENT, AUTO_INCREMENT=12;

--
-- AUTO_INCREMENT for table `mdl_navigation_group`
--
ALTER TABLE `mdl_navigation_group`
  MODIFY `NAV_GROUP_ID` int(3) NOT NULL AUTO_INCREMENT, AUTO_INCREMENT=15;

--
-- AUTO_INCREMENT for table `mdl_navigation_list`
--
ALTER TABLE `mdl_navigation_list`
  MODIFY `NAV_LIST_ID` int(3) NOT NULL AUTO_INCREMENT, AUTO_INCREMENT=218;

--
-- AUTO_INCREMENT for table `mdl_navigation_type`
--
ALTER TABLE `mdl_navigation_type`
  MODIFY `NAV_TYPE_ID` int(2) NOT NULL AUTO_INCREMENT, AUTO_INCREMENT=5;

--
-- AUTO_INCREMENT for table `mdl_notif`
--
ALTER TABLE `mdl_notif`
  MODIFY `notif_id` int(11) NOT NULL AUTO_INCREMENT, AUTO_INCREMENT=74;

--
-- AUTO_INCREMENT for table `mdl_office`
--
ALTER TABLE `mdl_office`
  MODIFY `office_id` int(11) NOT NULL AUTO_INCREMENT, AUTO_INCREMENT=3;

--
-- AUTO_INCREMENT for table `mdl_options`
--
ALTER TABLE `mdl_options`
  MODIFY `OPT_ID` int(3) NOT NULL AUTO_INCREMENT, AUTO_INCREMENT=36;

--
-- AUTO_INCREMENT for table `mdl_paralax`
--
ALTER TABLE `mdl_paralax`
  MODIFY `PLX_ID` int(3) NOT NULL AUTO_INCREMENT, AUTO_INCREMENT=7;

--
-- AUTO_INCREMENT for table `mdl_pooling`
--
ALTER TABLE `mdl_pooling`
  MODIFY `POOL_ID` int(3) NOT NULL AUTO_INCREMENT, AUTO_INCREMENT=2;

--
-- AUTO_INCREMENT for table `mdl_pooling_ask`
--
ALTER TABLE `mdl_pooling_ask`
  MODIFY `ASK_ID` int(3) NOT NULL AUTO_INCREMENT, AUTO_INCREMENT=3;

--
-- AUTO_INCREMENT for table `mdl_pooling_choice`
--
ALTER TABLE `mdl_pooling_choice`
  MODIFY `CHOICE_ID` int(4) NOT NULL AUTO_INCREMENT, AUTO_INCREMENT=7;

--
-- AUTO_INCREMENT for table `mdl_qa`
--
ALTER TABLE `mdl_qa`
  MODIFY `qa_id` int(6) NOT NULL AUTO_INCREMENT, AUTO_INCREMENT=14;

--
-- AUTO_INCREMENT for table `mdl_qa_ask`
--
ALTER TABLE `mdl_qa_ask`
  MODIFY `ask_id` int(4) NOT NULL AUTO_INCREMENT, AUTO_INCREMENT=13;

--
-- AUTO_INCREMENT for table `mdl_qa_log`
--
ALTER TABLE `mdl_qa_log`
  MODIFY `qa_log_id` int(6) NOT NULL AUTO_INCREMENT, AUTO_INCREMENT=8;

--
-- AUTO_INCREMENT for table `mdl_rating`
--
ALTER TABLE `mdl_rating`
  MODIFY `rating_id` int(11) NOT NULL AUTO_INCREMENT, AUTO_INCREMENT=61;

--
-- AUTO_INCREMENT for table `mdl_rating_log`
--
ALTER TABLE `mdl_rating_log`
  MODIFY `log_id` int(11) NOT NULL AUTO_INCREMENT, AUTO_INCREMENT=130;

--
-- AUTO_INCREMENT for table `mdl_slipgaji`
--
ALTER TABLE `mdl_slipgaji`
  MODIFY `slip_id` int(11) NOT NULL AUTO_INCREMENT, AUTO_INCREMENT=6;

--
-- AUTO_INCREMENT for table `mdl_subscribe_mail`
--
ALTER TABLE `mdl_subscribe_mail`
  MODIFY `SMAIL_ID` int(4) NOT NULL AUTO_INCREMENT, AUTO_INCREMENT=5;

--
-- AUTO_INCREMENT for table `mdl_subscribe_msg`
--
ALTER TABLE `mdl_subscribe_msg`
  MODIFY `SUB_ID` int(3) NOT NULL AUTO_INCREMENT, AUTO_INCREMENT=3;

--
-- AUTO_INCREMENT for table `mdl_user`
--
ALTER TABLE `mdl_user`
  MODIFY `USR_ID` int(3) NOT NULL AUTO_INCREMENT, AUTO_INCREMENT=86;

--
-- AUTO_INCREMENT for table `mdl_user_group`
--
ALTER TABLE `mdl_user_group`
  MODIFY `USR_GRP_ID` int(2) NOT NULL AUTO_INCREMENT, AUTO_INCREMENT=5;

--
-- AUTO_INCREMENT for table `mdl_user_recovery`
--
ALTER TABLE `mdl_user_recovery`
  MODIFY `REC_ID` int(5) NOT NULL AUTO_INCREMENT;

--
-- AUTO_INCREMENT for table `mdl_widget`
--
ALTER TABLE `mdl_widget`
  MODIFY `WID_ID` int(3) NOT NULL AUTO_INCREMENT, AUTO_INCREMENT=20;
COMMIT;

/*!40101 SET CHARACTER_SET_CLIENT=@OLD_CHARACTER_SET_CLIENT */;
/*!40101 SET CHARACTER_SET_RESULTS=@OLD_CHARACTER_SET_RESULTS */;
/*!40101 SET COLLATION_CONNECTION=@OLD_COLLATION_CONNECTION */;
